"CMS Certification Number (CCN)","Provider Name","Provider Address",City/Town,State,"ZIP Code","Telephone Number","Provider SSA County Code",County/Parish,Urban,"Ownership Type","Number of Certified Beds","Average Number of Residents per Day","Average Number of Residents per Day Footnote","Provider Type","Provider Resides in Hospital","Legal Business Name","Date First Approved to Provide Medicare and Medicaid Services","Chain Name","Chain ID","Number of Facilities in Chain","Chain Average Overall 5-star Rating","Chain Average Health Inspection Rating","Chain Average Staffing Rating","Chain Average QM Rating","Continuing Care Retirement Community","Special Focus Status","Abuse Icon","Most Recent Health Inspection More Than 2 Years Ago","Provider Changed Ownership in Last 12 Months","With a Resident and Family Council","Automatic Sprinkler Systems in All Required Areas","Overall Rating","Overall Rating Footnote","Health Inspection Rating","Health Inspection Rating Footnote","QM Rating","QM Rating Footnote","Long-Stay QM Rating","Long-Stay QM Rating Footnote","Short-Stay QM Rating","Short-Stay QM Rating Footnote","Staffing Rating","Staffing Rating Footnote","Reported Staffing Footnote","Physical Therapist Staffing Footnote","Reported Nurse Aide Staffing Hours per Resident per Day","Reported LPN Staffing Hours per Resident per Day","Reported RN Staffing Hours per Resident per Day","Reported Licensed Staffing Hours per Resident per Day","Reported Total Nurse Staffing Hours per Resident per Day","Total number of nurse staff hours per resident per day on the weekend","Registered Nurse hours per resident per day on the weekend","Reported Physical Therapist Staffing Hours per Resident Per Day","Total nursing staff turnover","Total nursing staff turnover footnote","Registered Nurse turnover","Registered Nurse turnover footnote","Number of administrators who have left the nursing home","Administrator turnover footnote","Nursing Case-Mix Index","Nursing Case-Mix Index Ratio","Case-Mix Nurse Aide Staffing Hours per Resident per Day","Case-Mix LPN Staffing Hours per Resident per Day","Case-Mix RN Staffing Hours per Resident per Day","Case-Mix Total Nurse Staffing Hours per Resident per Day","Case-Mix Weekend Total Nurse Staffing Hours per Resident per Day","Adjusted Nurse Aide Staffing Hours per Resident per Day","Adjusted LPN Staffing Hours per Resident per Day","Adjusted RN Staffing Hours per Resident per Day","Adjusted Total Nurse Staffing Hours per Resident per Day","Adjusted Weekend Total Nurse Staffing Hours per Resident per Day","Rating Cycle 1 Standard Survey Health Date","Rating Cycle 1 Total Number of Health Deficiencies","Rating Cycle 1 Number of Standard Health Deficiencies","Rating Cycle 1 Number of Complaint Health Deficiencies","Rating Cycle 1 Health Deficiency Score","Rating Cycle 1 Number of Health Revisits","Rating Cycle 1 Health Revisit Score","Rating Cycle 1 Total Health Score","Rating Cycle 2 Standard Health Survey Date","Rating Cycle 2/3 Total Number of Health Deficiencies","Rating Cycle 2 Number of Standard Health Deficiencies","Rating Cycle 2/3 Number of Complaint Health Deficiencies","Rating Cycle 2/3 Health Deficiency Score","Rating Cycle 2/3 Number of Health Revisits","Rating Cycle 2/3 Health Revisit Score","Rating Cycle 2/3 Total Health Score","Total Weighted Health Survey Score","Number of Citations from Infection Control Inspections","Number of Fines","Total Amount of Fines in Dollars","Number of Payment Denials","Total Number of Penalties",Location,Latitude,Longitude,"Geocoding Footnote","Processing Date"
015009,"BURNS NURSING HOME, INC.","701 MONROE STREET NW",RUSSELLVILLE,AL,35653,2563324110,290,Franklin,N,"For profit - Corporation",57,51.6,,"Medicare and Medicaid",N,"BURNS NURSING HOME, INC.",1969-09-01,,,,,,,,N,,N,Y,N,Resident,Yes,2,,2,,4,,4,,4,,4,,,,2.45651,0.58655,1.01238,1.59894,4.05544,3.27167,0.52751,0.00328,44.8,,28.6,,0,,1.37983,0.97732,2.26485,0.83919,0.66978,3.77382,3.34556,2.49557,0.59588,1.02848,4.11994,3.32370,2023-03-02,4,4,0,56,1,0,56,2019-08-21,2,2,0,8,1,0,8,44.000,,0,0.00,0,0,"701 MONROE STREET NW,RUSSELLVILLE,AL,35653",34.5149,'-87.736,,2026-07-01
015010,"COOSA VALLEY HEALTHCARE CENTER","260 WEST WALNUT STREET",SYLACAUGA,AL,35150,2562495604,600,Talladega,N,"For profit - Corporation",85,80.1,,"Medicare and Medicaid",N,"COOSA VALLEY HEALTHCARE CENTER LLC",1967-01-01,"PRIME HEALTH CARE ENTERPRISES",419,5,4.0,3.8,4.0,2.4,N,,N,Y,N,Resident,Yes,5,,5,,2,,2,,1,,4,,,,2.56822,0.88957,0.81947,1.70904,4.27726,3.36670,0.40857,0.01062,46.7,,23.1,,0,,1.32615,0.93930,2.17674,0.80654,0.64372,3.62701,3.21540,2.71468,0.94029,0.86620,4.52117,3.55868,2022-04-09,0,0,0,0,0,0,0,2019-06-13,1,1,0,4,1,0,4,1.000,0,0,0.00,0,0,"260 WEST WALNUT STREET,SYLACAUGA,AL,35150",33.1637,'-86.254,,2026-07-01
015012,"HIGHLANDS HEALTH AND REHAB","380 WOODS COVE ROAD",SCOTTSBORO,AL,35768,2562183708,350,Jackson,N,"Government - County",50,44.5,,"Medicare and Medicaid",N,"HH HEALTH SYSTEM - JACKSON LLC",1967-01-01,"HUNTSVILLE HOSPITAL HEALTH SYSTEM",610,3,3.3,2.7,3.7,4.3,N,,N,Y,N,Resident,Yes,5,,4,,5,,4,,5,,4,,,,2.79490,0.87549,1.12984,2.00533,4.80023,3.83768,0.39763,0.09901,,26,,26,0,,1.35640,0.96072,2.22638,0.82494,0.65840,3.70972,3.28873,2.88842,0.90478,1.16764,4.96084,3.96608,2022-03-24,0,0,0,0,0,0,0,2019-06-06,2,2,0,20,1,0,20,5.000,,0,0.00,0,0,"380 WOODS COVE ROAD,SCOTTSBORO,AL,35768",34.6611,'-86.047,,2026-07-01
015014,"THE HEALTHCARE CENTER OF EASTVIEW","7755 FOURTH AVENUE SOUTH",BIRMINGHAM,AL,35206,2058330146,360,Jefferson,Y,"For profit - Individual",92,74.8,,"Medicare and Medicaid",N,"ARRINGTON VALLEY HEALTHCARE, INC.",1967-01-01,"THE ENSIGN GROUP",507,346,3.2,2.9,2.7,4.4,N,,N,Y,N,None,Yes,2,,2,,4,,4,,,2,3,,,,1.99654,0.74371,0.65325,1.39696,3.39350,2.91552,0.43231,0.01527,36.2,,14.3,,,26,1.38891,0.98375,2.27976,0.84471,0.67418,3.79865,3.36757,2.01503,0.75060,0.65930,3.42493,2.94253,2023-09-13,4,4,0,32,1,0,32,2020-02-20,2,1,1,8,1,0,8,26.000,0,0,0.00,0,0,"7755 FOURTH AVENUE SOUTH,BIRMINGHAM,AL,35206",33.5595,'-86.722,,2026-07-01
015015,"PLANTATION MANOR NURSING HOME","6450 OLD TUSCALOOSA HIGHWAY","MC CALLA",AL,35111,2054776161,360,Jefferson,Y,"For profit - Corporation",103,95.7,,"Medicare and Medicaid",N,"C & G HEALTHCARE SERVICES, INC.",1971-07-01,,,,,,,,N,,N,N,N,Resident,Yes,3,,3,,2,,2,,,2,4,,,,2.30039,0.74892,0.44117,1.19009,3.49047,3.25351,0.21699,0.02122,36.4,,12.5,,2,,1.11137,0.78717,1.82420,0.67592,0.53946,3.03957,2.69463,2.90149,0.94462,0.55645,4.40256,4.10368,2026-02-20,5,5,3,20,1,0,20,2020-03-05,2,2,0,20,1,0,20,20.000,,0,0.00,0,0,"6450 OLD TUSCALOOSA HIGHWAY,MC CALLA,AL,35111",33.3222,'-87.034,,2026-07-01
015016,"ATHENS HEALTH AND REHABILITATION LLC","611 WEST MARKET STREET",ATHENS,AL,35611,2562321620,410,Limestone,Y,"For profit - Corporation",149,139.4,,"Medicare and Medicaid",N,"ATHENS HEALTH AND REHABILITATION LLC",1967-01-01,"NHS MANAGEMENT",372,43,2.9,2.7,3.7,3.5,N,,N,Y,N,Resident,Yes,5,,4,,5,,5,,5,,4,,,,2.48483,0.67867,0.69760,1.37628,3.86111,3.35973,0.38563,0.05182,43.7,,26.3,,0,,1.37201,0.97178,2.25201,0.83443,0.66598,3.75241,3.32658,2.53875,0.69340,0.71274,3.94489,3.43263,2022-04-14,0,0,0,0,0,0,0,2019-08-29,4,4,0,20,1,0,20,5.000,,0,0.00,0,0,"611 WEST MARKET STREET,ATHENS,AL,35611",34.8035,'-86.977,,2026-07-01
015019,"MERRY WOOD LODGE","280 MT HEBRON ROAD",ELMORE,AL,36025,3345678484,250,Elmore,Y,"For profit - Limited Liability company",124,98.6,,"Medicare and Medicaid",N,"SUNBRIDGE HEALTHCARE LLC",1974-01-01,"GENESIS HEALTHCARE",237,185,2.4,2.3,2.5,3.5,N,"SFF Candidate",Y,N,N,Resident,Yes,1,,1,,4,,5,,3,,3,,,,1.90800,0.55181,0.77928,1.33109,3.23910,2.88607,0.50633,0.03937,51.9,,54.2,,1,,1.27372,0.90216,2.09068,0.77465,0.61827,3.48360,3.08827,2.09983,0.60729,0.85763,3.56475,3.17624,2024-09-01,8,8,8,557,2,279,836,2020-03-03,7,6,1,52,1,0,52,640.000,,1,182968.00,1,2,"280 MT HEBRON ROAD,ELMORE,AL,36025",32.5582,'-86.323,,2026-07-01
015023,"HATLEY HEALTH CARE INC","300 MEDICAL CENTER DRIVE",CLANTON,AL,35045,2057554960,100,Chilton,Y,"For profit - Corporation",201,95.9,,"Medicare and Medicaid",N,"HATLEY HEALTH CARE, INC.",1967-01-01,,,,,,,,N,,N,Y,N,Both,Yes,4,,4,,4,,4,,,2,3,,,,1.88052,1.26005,0.65820,1.91825,3.79877,3.06401,0.19470,0.00056,44.6,,35.7,,0,,1.41288,1.00073,2.31909,0.85929,0.68582,3.86420,3.42567,1.86575,1.25015,0.65302,3.76892,3.03994,2023-06-15,4,4,0,8,1,0,8,2022-01-19,0,0,0,0,0,0,0,6.000,,0,0.00,0,0,"300 MEDICAL CENTER DRIVE,CLANTON,AL,35045",32.8548,'-86.625,,2026-07-01
015024,"LIMESTONE NURSING AND REHABILITATION CENTER, LLC","1600 WEST HOBBS STREET",ATHENS,AL,35611,2562323461,410,Limestone,Y,"For profit - Corporation",170,143.9,,"Medicare and Medicaid",N,"LIMESTONE NURSING AND REHABILITATION CENTER LLC",1979-01-01,"PRESTON HEALTH SERVICES",702,5,3.2,3.2,3.2,2.8,N,,N,Y,N,Resident,Yes,3,,3,,3,,4,,2,,2,,,,1.94303,1.01579,0.40038,1.41617,3.35920,3.01584,0.27955,0.02977,48.3,,31.6,,0,,1.35273,0.95813,2.22037,0.82271,0.65662,3.69970,3.27985,2.01347,1.05262,0.41489,3.48099,3.12518,2020-02-13,3,3,0,24,1,0,24,2019-03-20,2,2,0,20,1,0,20,23.000,,0,0.00,0,0,"1600 WEST HOBBS STREET,ATHENS,AL,35611",34.8053,'-86.991,,2026-07-01
015027,"WETUMPKA HEALTH AND REHABILITATION, LLC","1825 HOLTVILLE ROAD",WETUMPKA,AL,36092,3345675131,250,Elmore,Y,"For profit - Corporation",121,114.4,,"Medicare and Medicaid",N,"WETUMPKA HEALTH AND REHABILITATION, LLC",1967-07-24,"NHS MANAGEMENT",372,43,2.9,2.7,3.7,3.5,N,,N,Y,N,Resident,Yes,1,,1,,3,,4,,2,,3,,,,2.52171,0.64509,0.55153,1.19663,3.71834,3.07107,0.31666,0.01696,50.0,,61.9,,1,,1.20989,0.85695,1.98591,0.73583,0.58729,3.30903,2.93351,2.92165,0.74741,0.63901,4.30806,3.55814,2023-12-07,15,15,4,104,1,0,104,2022-01-27,0,0,0,0,0,0,0,78.000,,0,0.00,0,0,"1825 HOLTVILLE ROAD,WETUMPKA,AL,36092",32.5584,'-86.221,,2026-07-01
015028,"KELLER LANDING","813 KELLER LANE",TUSCUMBIA,AL,35674,2563831535,160,Colbert,Y,"For profit - Corporation",109,78.4,,"Medicare and Medicaid",N,"SUNBRIDGE HEALTHCARE LLC",1977-07-01,"GENESIS HEALTHCARE",237,185,2.4,2.3,2.5,3.5,N,,N,Y,N,Resident,Yes,5,,5,,4,,4,,4,,4,,,,1.76457,0.42900,1.07945,1.50845,3.27302,2.74977,0.56230,0.01099,46.3,,22.2,,0,,1.18172,0.83700,1.93967,0.71870,0.57361,3.23198,2.86521,2.09317,0.50889,1.28046,3.88251,3.26183,2022-02-24,0,0,0,0,0,0,0,2019-06-20,1,1,0,4,1,0,4,1.000,,0,0.00,0,0,"813 KELLER LANE,TUSCUMBIA,AL,35674",34.7419,'-87.706,,2026-07-01
015031,"MITCHELL-HOLLINGSWORTH NURSING & REHABILITATION","805 FLAGG CIRCLE",FLORENCE,AL,35631,2567405400,380,Lauderdale,Y,"For profit - Limited Liability company",222,198.0,,"Medicare and Medicaid",N,"MITCHELL-HOLLINGSWORTH NURSING & REHAB CENTER",1967-01-01,"PRESTON HEALTH SERVICES",702,5,3.2,3.2,3.2,2.8,N,,N,N,N,Resident,Yes,3,,3,,4,,5,,3,,4,,,,1.80726,0.88954,0.68727,1.57681,3.38407,2.84238,0.37820,0.03149,36.6,,17.2,,0,,1.19760,0.84825,1.96574,0.72836,0.58132,3.27543,2.90372,2.11537,1.04119,0.80444,3.96100,3.32696,2025-09-18,6,6,1,24,1,0,24,2019-09-05,1,1,0,4,1,0,4,19.000,,0,0.00,0,0,"805 FLAGG CIRCLE,FLORENCE,AL,35631",34.8082,'-87.687,,2026-07-01
015032,"DIVERSICARE OF FOLEY","1701 NORTH ALSTON STREET",FOLEY,AL,36535,2519432781,010,Baldwin,Y,"For profit - Corporation",154,120.2,,"Medicare and Medicaid",N,"DIVERSICARE OF FOLEY LLC",1973-09-01,"DIVERSICARE HEALTHCARE",185,46,2.5,2.4,2.9,3.5,N,,N,Y,N,Resident,Yes,2,,2,,4,,5,,3,,3,,,,1.97381,0.77519,0.53394,1.30913,3.28294,2.89004,0.28972,0.03720,46.6,,33.3,,0,,1.32467,0.93825,2.17431,0.80564,0.64300,3.62295,3.21181,2.08871,0.82032,0.56501,3.47404,3.05826,2023-06-19,5,5,0,32,1,0,32,2019-10-10,2,2,0,20,1,0,20,29.000,,0,0.00,0,0,"1701 NORTH ALSTON STREET,FOLEY,AL,36535",30.4269,'-87.685,,2026-07-01
015034,"HUNTER CREEK HEALTH AND REHABILITATION, LLC","3200 HUNTER CREEK RD",NORTHPORT,AL,35473,2053395900,620,Tuscaloosa,Y,"For profit - Limited Liability company",78,74.4,,"Medicare and Medicaid",N,"HUNTER CREEK HEALTH AND REHABILITATION LLC",1968-07-01,"NHS MANAGEMENT",372,43,2.9,2.7,3.7,3.5,N,,N,Y,N,Resident,Yes,3,,3,,3,,4,,3,,4,,,,2.59743,0.61912,0.71324,1.33236,3.92979,3.30315,0.38210,0.02809,44.3,,53.8,,0,,1.27464,0.90282,2.09220,0.77522,0.61872,3.48613,3.09051,2.85650,0.68087,0.78438,4.32175,3.63261,2022-04-14,1,1,0,16,1,0,16,2019-06-06,3,3,0,8,1,0,8,14.000,0,0,0.00,0,0,"3200 HUNTER CREEK RD,NORTHPORT,AL,35473",33.2375,'-87.565,,2026-07-01
015035,"WEST GATE VILLAGE","100 PINEVIEW AND THIRD",BREWTON,AL,36427,2518676077,260,Escambia,N,"For profit - Corporation",125,99.4,,"Medicare and Medicaid",N,"WEST GATE VILLAGE, LLC",1967-01-01,"CROWNE HEALTH CARE",174,18,4.2,3.8,4.6,2.8,N,,N,Y,N,Both,Yes,5,,4,,3,,2,,3,,5,,,,2.92458,1.30931,0.55879,1.86810,4.79269,3.76184,0.14563,0.00687,29.8,,21.4,,0,,1.24449,0.88146,2.04270,0.75688,0.60408,3.40365,3.01740,3.29422,1.47479,0.62942,5.39843,4.23730,2022-03-09,0,0,0,0,0,0,0,2019-06-20,3,3,0,24,1,0,24,6.000,,0,0.00,0,0,"100 PINEVIEW AND THIRD,BREWTON,AL,36427",31.1079,'-87.071,22,2026-07-01
015040,"DIVERSICARE OF MONTGOMERY","2020 NORTH COUNTRY CLUB DRIVE",MONTGOMERY,AL,36106,3342631643,500,Montgomery,Y,"For profit - Corporation",138,114.5,,"Medicare and Medicaid",N,"DIVERSICARE OF MONTGOMERY LLC",1979-07-17,"DIVERSICARE HEALTHCARE",185,46,2.5,2.4,2.9,3.5,N,,N,Y,N,Resident,Yes,2,,2,,4,,5,,4,,2,,,,2.01362,0.56561,0.43753,1.00314,3.01676,2.46957,0.23238,0.02984,57.1,,50.0,,0,,1.20975,0.85685,1.98567,0.73575,0.58722,3.30863,2.93316,2.33326,0.65540,0.50698,3.49564,2.86158,2023-04-05,4,4,0,36,1,0,36,2021-07-22,2,2,0,20,1,0,20,32.000,0,0,0.00,0,0,"2020 NORTH COUNTRY CLUB DRIVE,MONTGOMERY,AL,36106",32.3595,'-86.279,,2026-07-01
015042,"SUMTER HEALTH AND REHABILITATION, L L C","1505 EAST 4TH AVENUE",YORK,AL,36925,2053925281,590,Sumter,N,"For profit - Corporation",125,108.1,,"Medicare and Medicaid",N,"SUMTER HEALTH AND REHABILITATION, LLC",1967-01-16,"NHS MANAGEMENT",372,43,2.9,2.7,3.7,3.5,N,,N,Y,N,Both,Yes,3,,3,,4,,4,,4,,4,,,,2.28821,0.58200,0.49080,1.07280,3.36102,2.89005,0.27139,0.01051,36.8,,36.4,,0,,1.13957,0.80715,1.87049,0.69307,0.55315,3.11671,2.76302,2.81471,0.71591,0.60373,4.13436,3.55502,2022-04-21,2,2,0,12,1,0,12,2019-09-05,2,2,0,20,1,0,20,14.000,,0,0.00,0,0,"1505 EAST 4TH AVENUE,YORK,AL,36925",32.4948,'-88.286,,2026-07-01
015044,"CAREGIVERS OF PLEASANT GROVE, INC","700 FIRST AVENUE","PLEASANT GROVE",AL,35127,2057448120,360,Jefferson,Y,"For profit - Corporation",64,53.2,,"Medicare and Medicaid",N,"CAREGIVERS OF PLEASANT GROVE INC",1967-01-13,,,,,,,,N,,N,Y,N,Resident,Yes,1,,2,,1,,1,,,2,3,,,,2.88746,0.74964,0.30460,1.05424,3.94170,3.29077,0.27852,0.00626,52.6,,50.0,,1,,1.22272,0.86604,2.00696,0.74364,0.59351,3.34411,2.96461,3.31031,0.85942,0.34921,4.51894,3.77268,2021-03-11,5,5,0,36,1,0,36,2020-01-15,2,2,0,20,1,0,20,32.000,,0,0.00,0,0,"700 FIRST AVENUE,PLEASANT GROVE,AL,35127",33.4878,'-86.956,,2026-07-01
015045,"EAMC LANIER NURSING HOME","4800 48TH STREET",VALLEY,AL,36854,3347561401,080,Chambers,N,"Non profit - Corporation",103,92.0,,"Medicare and Medicaid",N,"THE EAST ALABAMA HEALTH CARE AUTHORITY",1977-05-01,,,,,,,,N,,N,Y,N,Both,Yes,5,,4,,2,,1,,4,,5,,,,2.31797,0.61863,0.85415,1.47278,3.79075,3.19960,0.56967,0.00000,32.4,,0.0,,0,,1.18647,0.84037,1.94747,0.72159,0.57592,3.24498,2.87673,2.73860,0.73090,1.00915,4.47865,3.78022,2021-08-19,1,1,0,0,0,0,0,2019-03-21,5,5,0,20,1,0,20,5.000,,0,0.00,0,0,"4800 48TH STREET,VALLEY,AL,36854",32.8251,'-85.171,,2026-07-01
015047,"NORTHWAY HEALTH AND REHABILITATION, LLC","1424 NORTH 25TH STREET",BIRMINGHAM,AL,35234,2053285870,360,Jefferson,Y,"For profit - Limited Liability company",113,108.3,,"Medicare and Medicaid",N,"NORTHWAY HEALTH AND REHABILITATION, LLC",1976-11-01,"NHS MANAGEMENT",372,43,2.9,2.7,3.7,3.5,N,,N,Y,N,Resident,Yes,3,,2,,5,,5,,,2,3,,,,2.73323,0.48811,0.35253,0.84063,3.57386,2.86182,0.13197,0.03925,51.8,,44.4,,1,,1.04789,0.74221,1.72001,0.63731,0.50865,2.86597,2.54073,3.65627,0.65295,0.47158,4.78080,3.82829,2024-04-17,6,6,6,28,1,0,28,2019-05-23,2,1,1,12,1,0,12,24.000,,0,0.00,0,0,"1424 NORTH 25TH STREET,BIRMINGHAM,AL,35234",33.5335,'-86.809,,2026-07-01
015048,"CULLMAN HEALTH CARE CENTER","1607 MAIN AVE NE",CULLMAN,AL,35055,2567348745,210,Cullman,N,"For profit - Corporation",95,91.1,,"Medicare and Medicaid",N,"CULLMAN SNF OPERATIONS LLC",1971-02-01,"VENZA CARE MANAGEMENT",614,22,2.4,2.5,3.0,2.6,N,,N,Y,N,Resident,Yes,2,,2,,2,,3,,2,,4,,,,2.43280,0.81973,0.86233,1.68206,4.11486,3.32400,0.43436,0.02506,50.5,,26.3,,1,,1.34158,0.95023,2.20206,0.81593,0.65121,3.66920,3.25281,2.54196,0.85652,0.90102,4.29950,3.47315,2023-10-19,5,5,0,32,1,0,32,2021-10-07,0,0,0,0,0,0,0,24.000,,1,26982.00,0,1,"1607 MAIN AVE NE,CULLMAN,AL,35055",34.1921,'-86.847,,2026-07-01
015049,"EASTERN SHORE REHABILITATION AND HEALTH CENTER","101 VILLA DRIVE",DAPHNE,AL,36526,2516214200,010,Baldwin,Y,"Non profit - Corporation",117,97.7,,"Medicare and Medicaid",N,"NOLAND EASTERN SHORE LLC",1967-01-23,"NOLAND HEALTH",374,10,2.7,2.5,4.1,3.0,N,,N,Y,N,Resident,Yes,4,,3,,3,,2,,5,,5,,,,2.44908,0.89591,0.71924,1.61515,4.06423,3.48939,0.46410,0.05738,47.7,,27.8,,0,,1.16292,0.82369,1.90882,0.70727,0.56449,3.18058,2.81964,2.95210,1.07992,0.86696,4.89898,4.20607,2021-03-26,3,3,0,16,1,0,16,2019-01-31,3,3,0,12,1,0,12,15.000,,0,0.00,0,0,"101 VILLA DRIVE,DAPHNE,AL,36526",30.613,'-87.907,,2026-07-01
015050,"STONEHAVEN HEALTH AND REHABILITATION CENTER","325 SELMA ROAD",BESSEMER,AL,35020,2054289383,360,Jefferson,Y,"For profit - Limited Liability company",79,60.3,,"Medicare and Medicaid",N,"OAK CREST HEALTH & WELLNESS OPCO LLC",1967-01-24,"ARABELLA HEALTHCARE MANAGEMENT",633,13,2.7,2.6,2.9,3.2,N,,N,Y,N,Resident,Yes,1,,1,,4,,4,,,2,2,,,,1.73259,0.98011,0.53991,1.52001,3.25260,2.74542,0.15336,0.05208,72.5,,81.8,,1,,1.19192,0.84422,1.95641,0.72490,0.57856,3.25987,2.88993,2.03764,1.15268,0.63497,3.82529,3.22880,2023-02-12,6,6,0,253,1,0,253,2019-10-16,1,1,0,4,1,0,4,190.750,,0,0.00,0,0,"325 SELMA ROAD,BESSEMER,AL,35020",33.4296,'-86.942,,2026-07-01
015053,"CLEBURNE COUNTY NURSING HOME","122 BROCKFORD ROAD",HEFLIN,AL,36264,2564632121,140,Cleburne,N,"Government - County",82,72.6,,"Medicare and Medicaid",N,"CLEBURNE COUNTY HOSPITAL BOARD, INC",1967-01-20,,,,,,,,N,,N,Y,N,Resident,Yes,5,,5,,4,,4,,5,,4,,,,2.54990,1.07857,0.68962,1.76819,4.31809,3.33324,0.26824,0.00903,42.2,,45.5,,0,,1.14704,0.81244,1.88275,0.69761,0.55678,3.13714,2.78113,3.11618,1.31810,0.84277,5.27705,4.07350,2022-03-11,0,0,0,0,0,0,0,2019-07-10,2,1,0,8,1,0,8,2.000,1,0,0.00,0,0,"122 BROCKFORD ROAD,HEFLIN,AL,36264",33.6363,'-85.588,,2026-07-01
015060,"NORTHGATE HEALTH AND REHABILITATION CENTER","4201 BESSEMER SUPER HIGHWAY",BESSEMER,AL,35020,2054283249,360,Jefferson,Y,"For profit - Corporation",69,52.7,,"Medicare and Medicaid",N,"MAGNOLIA RIDGE REHABILITATION & SENIOR LIVING OPCO LLC",1967-02-02,"ARABELLA HEALTHCARE MANAGEMENT",633,13,2.7,2.6,2.9,3.2,N,,N,N,N,Resident,Yes,2,,1,,5,,5,,,2,3,,,,1.71977,0.41314,1.05523,1.46837,3.18814,2.60415,0.64466,0.01491,78.6,,73.3,,,26,1.06293,0.75287,1.74470,0.64646,0.51595,2.90711,2.57720,2.26801,0.54484,1.39162,4.20446,3.43430,2025-01-09,2,2,0,20,1,0,20,2021-05-06,20,2,18,300,1,0,300,90.000,,3,17346.00,1,4,"4201 BESSEMER SUPER HIGHWAY,BESSEMER,AL,35020",33.4307,'-86.941,,2026-07-01
015063,"DIVERSICARE OF BOAZ","600 CORLEY AVENUE",BOAZ,AL,35957,2565938380,470,Marshall,N,"For profit - Corporation",100,91.1,,"Medicare and Medicaid",N,"DIVERSICARE OF BOAZ LLC",1970-12-01,"DIVERSICARE HEALTHCARE",185,46,2.5,2.4,2.9,3.5,N,,N,N,N,Both,Yes,2,,2,,4,,4,,3,,4,,,,1.70227,0.33304,0.92630,1.25935,2.96161,2.50212,0.57749,0.03173,51.8,,47.8,,0,,1.07279,0.75985,1.76087,0.65245,0.52074,2.93406,2.60110,2.22429,0.43518,1.21037,3.86984,3.26944,2025-07-04,7,7,4,44,1,0,44,2019-09-19,1,1,0,16,1,0,16,37.000,,0,0.00,0,0,"600 CORLEY AVENUE,BOAZ,AL,35957",34.2199,'-86.162,,2026-07-01
015065,"PRATTVILLE HEALTH AND REHABILITATION, LLC","601 JASMINE TRAIL",PRATTVILLE,AL,36066,3343652241,000,Autauga,Y,"For profit - Corporation",162,153.5,,"Medicare and Medicaid",N,"PRATTVILLE HEALTH AND REHABILITATION LLC",1974-04-01,"NHS MANAGEMENT",372,43,2.9,2.7,3.7,3.5,N,,N,Y,N,Resident,Yes,1,,1,,2,,2,,2,,4,,,,2.51030,0.96543,0.63782,1.60325,4.11355,3.47630,0.33067,0.02238,57.2,,42.9,,0,,1.26722,0.89756,2.08001,0.77070,0.61512,3.46583,3.07252,2.77684,1.06794,0.70555,4.55033,3.84541,2022-06-10,6,6,0,60,1,0,60,2019-11-07,9,9,0,40,1,0,40,55.000,,0,0.00,0,0,"601 JASMINE TRAIL,PRATTVILLE,AL,36066",32.4796,'-86.429,,2026-07-01
015066,"TERRACE MANOR NURSING & REHABILITATION CENTER, INC","390 UNDERWOOD ROAD",RUSSELLVILLE,AL,35653,2563323826,290,Franklin,N,"For profit - Corporation",63,53.6,,"Medicare and Medicaid",N,"FRANKLIN LTC, LLC",1976-08-01,"ADVANCED HEALTH CARE MANAGEMENT",12,6,3.3,3.3,4.0,3.5,N,,N,Y,N,Resident,Yes,5,,5,,5,,3,,5,,5,,,,2.31044,0.97133,0.72957,1.70090,4.01134,3.25358,0.28031,0.06535,37.3,,10.0,,0,,1.24927,0.88485,2.05055,0.75978,0.60640,3.41673,3.02899,2.59249,1.08991,0.81863,4.50103,3.65077,2021-08-26,0,0,0,0,0,0,0,2019-07-11,0,0,0,0,0,0,0,0.000,,0,0.00,0,0,"390 UNDERWOOD ROAD,RUSSELLVILLE,AL,35653",34.5129,'-87.719,,2026-07-01
015067,"COTTAGE OF THE SHOALS","500 JOHN ALDRIDGE DRIVE",TUSCUMBIA,AL,35674,2563834541,160,Colbert,Y,"For profit - Corporation",103,90.7,,"Medicare and Medicaid",N,"SUNBRIDGE HEALTHCARE LLC",1972-01-01,"GENESIS HEALTHCARE",237,185,2.4,2.3,2.5,3.5,N,,N,Y,N,Both,Yes,4,,4,,4,,5,,3,,2,,,,1.78510,0.71374,0.79192,1.50566,3.29076,2.75384,0.42309,0.02549,58.8,,60.0,,0,,1.46191,1.03546,2.39957,0.88911,0.70962,3.99830,3.54456,1.71168,0.68438,0.75934,3.15540,2.64057,2021-08-05,3,3,0,12,1,0,12,2019-05-14,1,1,0,4,1,0,4,10.000,,0,0.00,0,0,"500 JOHN ALDRIDGE DRIVE,TUSCUMBIA,AL,35674",34.7269,'-87.679,,2026-07-01
015071,"EVERSTEAD HEALTH AND REHABILITATION  CENTER","705 GANDY STREET NE",RUSSELLVILLE,AL,35653,2563323773,290,Franklin,N,"For profit - Limited Liability company",50,44.6,,"Medicare and Medicaid",N,"ARABELLA HEALTH AND WELLNESS OF RUSSELLVILLE LLC",1967-03-03,"ARABELLA HEALTHCARE MANAGEMENT",633,13,2.7,2.6,2.9,3.2,N,,N,Y,N,Resident,Yes,2,,3,,1,,1,,1,,4,,,,2.45474,0.49069,0.92273,1.41342,3.86816,3.31421,0.47195,0.00052,60.4,,25.0,,0,,1.24778,0.88379,2.04810,0.75888,0.60568,3.41266,3.02538,2.75770,0.55125,1.03661,4.34556,3.72325,2022-09-21,2,2,0,12,1,0,12,2019-08-19,2,2,0,20,1,0,20,14.000,,0,0.00,0,0,"705 GANDY STREET NE,RUSSELLVILLE,AL,35653",34.5101,'-87.72,,2026-07-01
015073,"HANCEVILLE NURSING & REHAB CENTER, INC","420 MAIN STREET NE",HANCEVILLE,AL,35077,2563526481,210,Cullman,N,"For profit - Limited Liability company",208,184.6,,"Medicare and Medicaid",N,"HANCEVILLE NURSING & REHAB CENTER INC.",1967-03-17,,,,,,,,N,,N,N,N,Resident,Yes,2,,1,,3,,3,,3,,5,,,,3.20262,0.89822,0.66764,1.56587,4.76848,4.01861,0.39882,0.02511,43.4,,29.4,,0,,1.28688,0.91148,2.11228,0.78266,0.62466,3.51959,3.12017,3.48857,0.97842,0.72725,5.19424,4.37741,2025-12-12,7,7,0,72,1,0,72,2019-10-03,1,1,0,4,1,0,4,55.000,,0,0.00,0,0,"420 MAIN STREET NE,HANCEVILLE,AL,35077",34.0618,'-86.771,,2026-07-01
015075,"SUMMERFORD HEALTH AND REHAB, LLC","4087 HIGHWAY 31 SOUTHWEST",FALKVILLE,AL,35622,2567845275,510,Morgan,Y,"For profit - Individual",216,133.0,,"Medicare and Medicaid",N,"SUMMERFORD HEALTH AND REHAB LLC",1967-04-19,,,,,,,,N,,N,Y,N,Resident,Yes,2,,2,,2,,3,,1,,3,,,,1.94244,0.72991,0.68536,1.41527,3.35770,2.97615,0.47635,0.03620,59.0,,45.8,,0,,1.25351,0.88785,2.05750,0.76236,0.60846,3.42832,3.03926,2.17220,0.81625,0.76643,3.75487,3.32819,2023-09-15,5,5,1,24,1,0,24,2019-11-07,9,5,4,72,1,0,72,36.000,,3,25568.00,0,3,"4087 HIGHWAY 31 SOUTHWEST,FALKVILLE,AL,35622",34.3852,'-86.912,,2026-07-01
015076,"FAIR HAVEN","1424 MONTCLAIR ROAD",BIRMINGHAM,AL,35210,2059564150,360,Jefferson,Y,"Non profit - Corporation",259,242.8,,"Medicare and Medicaid",N,"METHODIST HOME FOR THE AGING",1967-03-07,,,,,,,,Y,,N,Y,N,Resident,Yes,3,,3,,4,,4,,4,,2,,,,3.24762,0.89095,0.24380,1.13475,4.38237,3.98776,0.09744,0.03745,,26,,26,,26,1.12496,0.79680,1.84650,0.68418,0.54606,3.07674,2.72758,4.04677,1.11019,0.30379,5.46075,4.96904,2021-06-17,3,3,0,16,1,0,16,2020-01-30,5,5,0,20,1,0,20,17.000,,10,31615.00,0,10,"1424 MONTCLAIR ROAD,BIRMINGHAM,AL,35210",33.5234,'-86.727,,2026-07-01
015083,"ELBA NURSING AND REHABILITATION CENTER, LLC","987 DRAYTON STREET",ELBA,AL,36323,3348972257,150,Coffee,N,"For profit - Corporation",111,83.0,,"Medicare and Medicaid",N,"ELBA NURSING AND REHABILITATION CENTER LLC",1967-05-25,"NORBERT BENNETT & DONALD DENZ",771,25,1.6,1.9,2.2,2.3,N,,N,Y,N,Resident,Yes,1,,2,,1,,1,,,2,4,,,,2.28842,0.50773,0.91879,1.42651,3.71493,2.92500,0.59531,0.01555,47.1,,35.0,,0,,1.18661,0.84046,1.94770,0.72168,0.57599,3.24536,2.87707,2.70338,0.59979,1.08539,4.38856,3.45539,2022-05-17,4,4,0,28,1,0,28,2021-07-08,4,4,0,16,1,0,16,25.000,,0,0.00,0,0,"987 DRAYTON STREET,ELBA,AL,36323",31.4291,'-86.076,,2026-07-01
015084,"PARK PLACE","100 PARK PLACE",SELMA,AL,36701,3348723471,230,Dallas,N,"For profit - Corporation",103,96.4,,"Medicare and Medicaid",N,"DIVERSICARE OF SELMA LLC",1979-11-01,"DIVERSICARE HEALTHCARE",185,46,2.5,2.4,2.9,3.5,N,,N,Y,N,None,Yes,3,,2,,5,,5,,5,,3,,,,2.33012,0.67702,0.38752,1.06454,3.39466,2.83739,0.10494,0.05511,28.4,,40.0,,0,,1.26849,0.89846,2.08210,0.77147,0.61573,3.46930,3.07559,2.57496,0.74816,0.42824,3.75135,3.13553,2022-04-06,5,5,0,32,1,0,32,2019-05-16,4,4,0,16,1,0,16,28.000,,0,0.00,0,0,"100 PARK PLACE,SELMA,AL,36701",32.3949,'-87.07,,2026-07-01
015089,"EVERGREEN NURSING HOME","100 SANDERS DRIVE",EVERGREEN,AL,36401,2515783783,170,Conecuh,N,"For profit - Corporation",61,55.5,,"Medicare and Medicaid",N,"EVERGREEN NURSING HOME, LLC",1967-10-17,"CROWNE HEALTH CARE",174,18,4.2,3.8,4.6,2.8,N,,N,Y,N,Both,Yes,5,,4,,5,,4,,5,,4,,,,2.77069,1.18224,0.48693,1.66917,4.43987,3.61790,0.17154,0.00625,27.3,,0.0,,0,,1.26731,0.89762,2.08016,0.77076,0.61516,3.46607,3.07273,3.06468,1.30768,0.53860,4.91095,4.00177,2020-03-12,2,2,0,8,1,0,8,2019-01-17,1,1,0,4,1,0,4,7.000,0,0,0.00,0,0,"100 SANDERS DRIVE,EVERGREEN,AL,36401",31.4221,'-86.945,,2026-07-01
015091,"PINE HILL REHABILITATION AND WELLNESS  CENTER","200 NORTH PINE HILL ROAD",BIRMINGHAM,AL,35217,2058492352,360,Jefferson,Y,"For profit - Corporation",190,161.2,,"Medicare and Medicaid",N,"Legal Business Name Not Available",1968-07-01,"NORBERT BENNETT & DONALD DENZ",771,25,1.6,1.9,2.2,2.3,N,,N,Y,N,Resident,Yes,1,,2,,2,,3,,1,,1,,,,2.24193,0.67528,0.27691,0.95219,3.19412,2.63143,0.17747,0.04262,71.9,,87.5,,3,,1.09468,0.77535,1.79680,0.66577,0.53136,2.99393,2.65417,2.87087,0.86472,0.35460,4.09018,3.36964,2024-03-07,10,10,1,40,1,0,40,2021-05-19,2,2,0,12,1,0,12,33.000,,0,0.00,0,0,"200 NORTH PINE HILL ROAD,BIRMINGHAM,AL,35217",33.6144,'-86.768,,2026-07-01
015097,"SOUTH HEALTH AND REHABILITATION, LLC","1220 SOUTH 17TH STREET",BIRMINGHAM,AL,35205,2059332180,360,Jefferson,Y,"For profit - Corporation",83,72.5,,"Medicare and Medicaid",N,"SOUTH HEALTH AND REHABILITATION, LLC",1976-10-01,"NHS MANAGEMENT",372,43,2.9,2.7,3.7,3.5,N,,N,Y,N,Resident,Yes,2,,2,,4,,4,,,2,4,,,,2.88501,0.71635,0.58871,1.30506,4.19006,3.07328,0.29727,0.01740,53.4,,38.5,,1,,1.21404,0.85990,1.99273,0.73836,0.58930,3.32039,2.94358,3.33113,0.82712,0.67974,4.83800,3.54852,2023-08-24,3,3,2,44,1,0,44,2021-07-29,1,1,0,4,1,0,4,34.000,,2,8569.00,1,3,"1220 SOUTH 17TH STREET,BIRMINGHAM,AL,35205",33.4969,'-86.8,,2026-07-01
015098,"ALLEN HEALTH AND REHABILITATION","735 SOUTH WASHINGTON AVENUE",MOBILE,AL,36603,2514332642,480,Mobile,Y,"Non profit - Corporation",119,79.7,,"Medicare and Medicaid",N,"NOLAND MANAGEMENT SERVICES, LLC",1973-05-05,"NOLAND HEALTH",374,10,2.7,2.5,4.1,3.0,N,,N,Y,N,Both,Yes,3,,3,,4,,4,,,2,4,,,,2.05619,0.82750,0.73255,1.56005,3.61624,2.78148,0.39370,0.01372,54.7,,21.4,,0,,1.26486,0.89589,2.07613,0.76927,0.61397,3.45937,3.06679,2.27876,0.91708,0.81185,4.00769,3.08257,2020-02-21,2,2,0,8,1,0,8,2019-01-31,3,3,0,28,1,0,28,13.000,0,0,0.00,0,0,"735 SOUTH WASHINGTON AVENUE,MOBILE,AL,36603",30.6722,'-88.052,,2026-07-01
015100,"CROWNE HEALTH CARE OF MOBILE","954 NAVCO ROAD",MOBILE,AL,36605,2514738684,480,Mobile,Y,"For profit - Corporation",148,124.8,,"Medicare and Medicaid",N,"CROWNE HEALTH CARE OF MOBILE, LLC",1974-07-01,"CROWNE HEALTH CARE",174,18,4.2,3.8,4.6,2.8,N,,N,Y,N,Both,Yes,3,,3,,1,,1,,1,,5,,,,2.75706,1.51117,0.67794,2.18912,4.94618,4.01625,0.34439,0.01137,25.7,,6.3,,0,,1.18516,0.83944,1.94532,0.72080,0.57528,3.24140,2.87356,3.26097,1.78737,0.80185,5.85019,4.75030,2019-09-19,4,4,0,16,1,0,16,2018-08-16,3,3,0,12,1,0,12,15.000,,0,0.00,0,0,"954 NAVCO ROAD,MOBILE,AL,36605",30.6526,'-88.101,,2026-07-01
015101,"ALTOONA  HEALTH & REHAB","6532 WALNUT GROVE ROAD",ALTOONA,AL,35952,2055896394,270,Etowah,Y,"For profit - Corporation",50,44.1,,"Medicare and Medicaid",N,"ALTOONA HEALTH & REHAB, INC.",1973-05-01,"TRINITY MANAGEMENT, INC.",527,5,4.0,3.4,4.6,3.2,N,,N,Y,N,Resident,Yes,3,,2,,4,,4,,,2,5,,,,2.52132,0.69103,0.68508,1.37612,3.89744,3.58461,0.51160,0.00683,31.8,,40.0,,0,,1.14114,0.80826,1.87306,0.69402,0.55391,3.12099,2.76681,3.09720,0.84887,0.84156,4.78763,4.40335,2022-06-13,4,4,0,32,1,0,32,2020-02-27,1,1,0,4,1,0,4,25.000,,0,0.00,0,0,"6532 WALNUT GROVE ROAD,ALTOONA,AL,35952",34.0348,'-86.319,,2026-07-01
015103,"ASHLAND PLACE HEALTH AND REHABILITATION, LLC","148 TUSCALOOSA ST",MOBILE,AL,36607,2514715431,480,Mobile,Y,"For profit - Corporation",164,145.7,,"Medicare and Medicaid",N,"ASHLAND PLACE HEALTH AND REHABILITATION, LLC",1968-10-21,"NHS MANAGEMENT",372,43,2.9,2.7,3.7,3.5,N,,N,Y,N,Resident,Yes,3,,3,,3,,4,,2,,4,,,,2.38884,0.75663,0.66001,1.41664,3.80548,3.28741,0.36513,0.01902,59.2,,51.7,,0,,1.20670,0.85469,1.98067,0.73389,0.58574,3.30030,2.92577,2.77503,0.87895,0.76671,4.42068,3.81886,2020-01-23,2,2,0,20,1,0,20,2018-11-29,4,4,0,16,1,0,16,19.000,,0,0.00,0,0,"148 TUSCALOOSA ST,MOBILE,AL,36607",30.6908,'-88.088,,2026-07-01
015104,"SOUTHLAND NURSING HOME","500 SHIVERS TERRACE",MARION,AL,36756,3346836141,520,Perry,N,"For profit - Corporation",91,65.2,,"Medicare and Medicaid",N,"SOUTHLAND NURSING HOME LLC",1970-02-19,,,,,,,,N,,N,Y,N,Resident,Yes,5,,4,,5,,5,,,2,3,,,,2.38261,1.00209,0.52067,1.52275,3.90536,3.49571,0.20873,0.00637,,26,,26,,26,1.13572,0.80442,1.86417,0.69073,0.55128,3.10618,2.75368,2.94076,1.23684,0.64264,4.82024,4.31462,2021-04-22,2,2,0,8,1,0,8,2019-06-27,1,1,0,4,1,0,4,7.000,,1,5244.00,0,1,"500 SHIVERS TERRACE,MARION,AL,36756",32.6155,'-87.306,,2026-07-01
015109,"CIVIC CENTER HEALTH AND REHABILITATION, LLC","1201 22ND STREET NORTH",BIRMINGHAM,AL,35234,2052515271,360,Jefferson,Y,"For profit - Corporation",95,87.0,,"Medicare and Medicaid",N,"CIVIC CENTER HEALTH AND REHABILITATION, LLC",1969-04-04,"NHS MANAGEMENT",372,43,2.9,2.7,3.7,3.5,N,,N,Y,N,Resident,Yes,2,,2,,4,,4,,,2,4,,,,2.58312,0.34459,0.63721,0.98180,3.56491,2.84029,0.30362,0.01037,50.0,,50.0,,0,,1.07455,0.76109,1.76376,0.65352,0.52159,2.93887,2.60535,3.36975,0.44953,0.83125,4.65053,3.70524,2024-03-22,6,6,2,40,1,0,40,2021-06-10,1,1,0,4,1,0,4,31.000,,0,0.00,0,0,"1201 22ND STREET NORTH,BIRMINGHAM,AL,35234",33.5284,'-86.811,,2026-07-01
015111,"DIVERSICARE OF BIG SPRINGS","500 ST. CLAIR AVENUE SOUTHWEST",HUNTSVILLE,AL,35801,2565395111,440,Madison,Y,"For profit - Corporation",145,124.0,,"Medicare and Medicaid",N,"DIVERSICARE OF BIG SPRINGS LLC",1978-11-01,"DIVERSICARE HEALTHCARE",185,46,2.5,2.4,2.9,3.5,N,,N,Y,N,Resident,Yes,4,,4,,3,,4,,2,,4,,,,2.03713,0.52799,0.55904,1.08702,3.12416,2.56861,0.27006,0.05807,47.1,,52.9,,0,,1.10055,0.77951,1.80644,0.66934,0.53421,3.01000,2.66841,2.59470,0.67250,0.71205,3.97925,3.27164,2022-01-27,2,2,0,8,1,0,8,2021-03-26,1,1,0,4,1,0,4,7.000,,0,0.00,0,0,"500 ST. CLAIR AVENUE SOUTHWEST,HUNTSVILLE,AL,35801",34.7217,'-86.585,,2026-07-01
015112,"MAGNOLIA HAVEN HEALTH AND REHABILITATION CENTER","603 WRIGHT STREET",TUSKEGEE,AL,36083,3347274960,430,Macon,Y,"For profit - Corporation",111,85.4,,"Medicare and Medicaid",N,"MAGNOLIA HAVEN NURSING HOME LLC",1975-09-01,"BALL HEALTHCARE SERVICES",66,9,2.7,2.8,3.2,3.0,N,,N,Y,N,Both,Yes,3,,3,,4,,4,,5,,3,,,,1.61337,0.65687,0.58866,1.24553,2.85890,2.36028,0.36858,0.00551,42.1,,54.5,,0,,1.19008,0.84292,1.95338,0.72378,0.57767,3.25484,2.88547,1.90038,0.77372,0.69338,3.36747,2.78015,2023-07-19,5,5,0,20,1,0,20,2019-10-10,2,1,1,16,1,0,16,19.000,,0,0.00,0,0,"603 WRIGHT STREET,TUSKEGEE,AL,36083",32.4326,'-85.692,,2026-07-01
015113,"RIVER CITY CENTER","1350 FOURTEENTH AVENUE SOUTHEAST",DECATUR,AL,35601,2563556911,510,Morgan,Y,"For profit - Corporation",183,163.0,,"Medicare and Medicaid",N,"SUNBRIDGE HEALTHCARE LLC",1969-10-08,"GENESIS HEALTHCARE",237,185,2.4,2.3,2.5,3.5,N,,N,Y,N,Resident,Yes,1,,1,,4,,3,,5,,4,,,,1.86388,0.62551,0.96252,1.58803,3.45191,3.09906,0.75932,0.03171,51.9,,27.3,,0,,1.19609,0.84718,1.96326,0.72744,0.58059,3.27130,2.90006,2.18439,0.73307,1.12804,4.04551,3.63198,2021-04-29,6,6,0,60,1,0,60,2019-03-13,2,2,0,8,2,4,12,48.000,,0,0.00,0,0,"1350 FOURTEENTH AVENUE SOUTHEAST,DECATUR,AL,35601",34.5866,'-86.97,,2026-07-01
015114,"SHADESCREST HEALTH CARE CENTER","331 WEST 25TH STREET",JASPER,AL,35502,2053849086,630,Walker,Y,"For profit - Individual",107,97.1,,"Medicare and Medicaid",N,"SHADESCREST HEALTH CARE CENTER",1970-12-29,,,,,,,,N,,N,Y,N,Both,Yes,1,,1,,4,,5,,2,,4,,,,2.52544,0.83199,0.67916,1.51114,4.03658,3.21303,0.37990,0.00771,44.4,,25.0,,0,,1.25325,0.88767,2.05709,0.76221,0.60834,3.42763,3.03865,2.82473,0.93058,0.75964,4.51495,3.59381,2024-02-09,13,13,0,60,1,0,60,2019-08-01,2,2,0,4,1,0,4,46.000,0,0,0.00,0,0,"331 WEST 25TH STREET,JASPER,AL,35502",33.8259,'-87.278,,2026-07-01
015115,"CORDOVA HEALTH AND REHABILITATION, LLC","70 HIGHLAND STREET WEST",CORDOVA,AL,35550,2054839282,630,Walker,Y,"For profit - Corporation",114,107.4,,"Medicare and Medicaid",N,"CORDOVA HEALTH AND REHABILITATION LLC",1971-04-01,"NHS MANAGEMENT",372,43,2.9,2.7,3.7,3.5,N,,Y,N,N,Resident,Yes,1,,1,,4,,4,,3,,4,,,,2.91707,0.58751,0.54217,1.12968,4.04675,3.03473,0.17006,0.02956,57.4,,46.2,,1,,1.05366,0.74630,1.72947,0.64082,0.51145,2.88174,2.55471,3.88084,0.78162,0.72129,5.38375,4.03737,2024-11-20,9,9,9,202,1,0,202,2019-10-03,1,1,0,4,1,0,4,152.500,,1,76242.00,1,2,"70 HIGHLAND STREET WEST,CORDOVA,AL,35550",33.7616,'-87.186,,2026-07-01
015116,"ROCKET CITY REHABILITATION AND HEALTHCARE CENTER","105 TEAKWOOD DRIVE SW",HUNTSVILLE,AL,35801,2568815000,440,Madison,Y,"For profit - Limited Liability company",159,126.2,,"Medicare and Medicaid",N,"WHITESBURG SNF OPERATIONS LLC",1972-09-01,"VENZA CARE MANAGEMENT",614,22,2.4,2.5,3.0,2.6,N,,N,Y,N,Resident,Yes,1,,1,,4,,4,,4,,4,,,,2.19521,0.47134,1.17709,1.64843,3.84364,3.31018,0.97014,0.09455,63.8,,52.8,,0,,1.25278,0.88733,2.05631,0.76192,0.60810,3.42633,3.03750,2.45630,0.52740,1.31709,4.30078,3.70387,2023-02-26,12,12,0,523,1,0,523,2021-06-25,7,7,0,28,1,0,28,399.250,,0,0.00,0,0,"105 TEAKWOOD DRIVE SW,HUNTSVILLE,AL,35801",34.6973,'-86.571,,2026-07-01
015117,"OAK KNOLL HEALTH AND REHABILITATION, LLC","824 SIXTH AVENUE WEST",BIRMINGHAM,AL,35204,2057872619,360,Jefferson,Y,"For profit - Corporation",100,98.7,,"Medicare and Medicaid",N,"OAK KNOLL HEALTH AND REHABILITATION LLC",1972-09-13,"NHS MANAGEMENT",372,43,2.9,2.7,3.7,3.5,N,,N,Y,N,Resident,Yes,3,,2,,5,,5,,,2,4,,,,2.35590,0.63860,0.71772,1.35632,3.71222,2.91834,0.40115,0.03085,52.5,,40.0,,1,,1.15200,0.81595,1.89089,0.70063,0.55919,3.15070,2.79315,2.86671,0.77706,0.87334,4.51711,3.55109,2021-03-18,6,6,0,40,1,0,40,2019-02-21,3,1,2,12,1,0,12,33.000,,0,0.00,0,0,"824 SIXTH AVENUE WEST,BIRMINGHAM,AL,35204",33.5106,'-86.85,,2026-07-01
015119,"BELLWAY HEALTH AND REHABILITATION CENTER","11 BELL ROAD",SELMA,AL,36701,3348747425,230,Dallas,N,"For profit - Corporation",172,120.6,,"Medicare and Medicaid",N,"ARABELLA HEALTH & WELLNESS OF SELMA OPCO LLC",1973-03-13,"ARABELLA HEALTHCARE MANAGEMENT",633,13,2.7,2.6,2.9,3.2,N,,Y,N,N,Both,Yes,2,,2,,3,,4,,2,,2,,,,1.73444,0.66117,0.47707,1.13825,2.87269,2.69216,0.32848,0.02781,49.6,,46.2,,0,,1.16609,0.82593,1.91401,0.70920,0.56602,3.18923,2.82731,2.08501,0.79481,0.57350,3.45332,3.23630,2024-07-15,6,6,4,44,1,0,44,2021-04-29,3,2,1,12,1,0,12,36.000,,1,203450.00,0,1,"11 BELL ROAD,SELMA,AL,36701",32.4262,'-87.047,,2026-07-01
015120,"NHC HEALTHCARE, ANNISTON","2300 COLEMAN RD",ANNISTON,AL,36207,2568315730,070,Calhoun,Y,"For profit - Limited Liability company",151,134.9,,"Medicare and Medicaid",N,"NHC HEALTHCARE-ANNISTON LLC",1973-06-12,"NATIONAL HEALTHCARE CORPORATION",364,69,3.9,3.4,3.5,4.4,N,,Y,N,N,Resident,Yes,2,,2,,4,,4,,4,,4,,,,2.14540,0.48151,0.83875,1.32026,3.46565,3.12557,0.57412,0.07823,46.0,,24.0,,0,,1.35615,0.96055,2.22598,0.82479,0.65828,3.70905,3.28813,2.21758,0.49771,0.86697,3.58225,3.23073,2024-10-26,6,6,6,56,1,0,56,2019-11-14,1,1,0,4,1,0,4,43.000,,1,11057.00,0,1,"2300 COLEMAN RD,ANNISTON,AL,36207",33.6315,'-85.803,,2026-07-01
015121,"CROWNE HEALTH CARE OF CITRONELLE","19225 NORTH 4TH STREET",CITRONELLE,AL,36522,2518665509,480,Mobile,Y,"For profit - Corporation",69,65.5,,"Medicare and Medicaid",N,"CROWNE HEALTH CARE OF CITRONELLE LLC",1977-07-01,"CROWNE HEALTH CARE",174,18,4.2,3.8,4.6,2.8,N,,N,Y,N,Resident,Yes,5,,5,,4,,2,,5,,4,,,,3.01425,0.89531,0.64205,1.53736,4.55160,3.87758,0.28230,0.00963,41.8,,40.0,,0,,1.23628,0.87564,2.02922,0.75188,0.60010,3.38120,2.99749,3.41776,1.01516,0.72799,5.16092,4.39667,2023-06-09,0,0,0,0,0,0,0,2021-08-06,0,0,0,0,0,0,0,0.000,,0,0.00,0,0,"19225 NORTH 4TH STREET,CITRONELLE,AL,36522",31.0913,'-88.242,,2026-07-01
015123,"WASHINGTON COUNTY NURSING HOME","14600 ST STEPHENS AVENUE",CHATOM,AL,36518,2518476412,640,Washington,N,"Government - County",88,75.8,,"Medicare and Medicaid",Y,"WASHINGTON COUNTY HEALTHCARE AUTHORITY, INC",1975-01-01,,,,,,,,N,,N,Y,N,Resident,Yes,5,,5,,5,,5,,,2,5,,,,2.89939,1.00590,0.70932,1.71522,4.61461,3.86014,0.13313,0.03537,25.3,,0.0,,0,,1.30001,0.92078,2.13383,0.79064,0.63103,3.55551,3.15202,3.12636,1.08464,0.76484,4.97585,4.16232,2021-06-10,0,0,0,0,0,0,0,2019-02-28,0,0,0,0,0,0,0,0.000,,0,0.00,0,0,"14600 ST STEPHENS AVENUE,CHATOM,AL,36518",31.4603,'-88.235,,2026-07-01
015124,"CLAY COUNTY NURSING HOME","83825 HIGHWAY 9",ASHLAND,AL,36251,2563542131,130,Clay,N,"Non profit - Other",83,70.6,,"Medicare and Medicaid",Y,"CLAY COUNTY HEALTHCARE AUTHORITY",1974-12-01,,,,,,,,N,,N,Y,N,Both,Yes,3,,4,,1,,1,,,2,4,,,,2.22786,0.86195,0.63703,1.49898,3.72684,3.14057,0.32490,0.00000,39.7,,20.0,,,26,1.18892,0.84210,1.95148,0.72308,0.57711,3.25167,2.88266,2.62673,1.01627,0.75109,4.39409,3.70285,2022-03-16,2,2,0,4,1,0,4,2019-05-16,2,2,0,16,1,0,16,7.000,,0,0.00,0,0,"83825 HIGHWAY 9,ASHLAND,AL,36251",33.2767,'-85.823,,2026-07-01
015126,"TRAYLOR RETIREMENT COMMUNITY","1235 YANCEY STREET",ROANOKE,AL,36274,3348633500,550,Randolph,N,"For profit - Corporation",123,74.4,,"Medicare and Medicaid",N,"RANDOLPH MANAGEMENT COMPANY, INC.",1975-08-01,"TRAYLOR PORTER HEALTHCARE",782,5,3.0,2.0,4.4,3.8,N,,N,N,N,Resident,Yes,4,,2,,5,,4,,5,,5,,,,2.49526,0.75157,0.89096,1.64252,4.13778,3.38010,0.66978,0.03358,40.8,,12.5,,0,,1.11311,0.78841,1.82706,0.67698,0.54031,3.04434,2.69886,3.14236,0.94647,1.12201,5.21084,4.25667,2025-12-04,5,5,0,44,1,0,44,2019-09-26,2,2,0,32,1,0,32,41.000,,0,0.00,0,0,"1235 YANCEY STREET,ROANOKE,AL,36274",33.1603,'-85.376,,2026-07-01
015127,"BROOKSHIRE HEALTHCARE CENTER","4320 JUDITH LANE",HUNTSVILLE,AL,35805,2568371730,440,Madison,Y,"For profit - Corporation",129,117.6,,"Medicare and Medicaid",N,"BROOKSHIRE SNF OPERATIONS LLC",1975-11-01,"VENZA CARE MANAGEMENT",614,22,2.4,2.5,3.0,2.6,N,,N,Y,N,Both,Yes,3,,3,,2,,2,,2,,4,,,,2.55869,0.49662,0.92295,1.41957,3.97826,3.26155,0.64273,0.06441,52.1,,37.0,,1,,1.23500,0.87474,2.02712,0.75110,0.59947,3.37769,2.99438,2.90423,0.56369,1.04759,4.51551,3.70201,2022-03-17,5,5,0,20,1,0,20,2019-05-21,2,2,0,8,1,0,8,17.000,,0,0.00,0,0,"4320 JUDITH LANE,HUNTSVILLE,AL,35805",34.7154,'-86.63,,2026-07-01
015128,"NHC HEALTHCARE, MOULTON","300 HOSPITAL STREET",MOULTON,AL,35650,2569741146,390,Lawrence,Y,"For profit - Corporation",136,111.4,,"Medicare and Medicaid",N,"NHC HEALTHCARE-MOULTON LLC",1977-09-01,"NATIONAL HEALTHCARE CORPORATION",364,69,3.9,3.4,3.5,4.4,N,,N,Y,N,Resident,Yes,5,,4,,5,,5,,5,,3,,,,2.36831,0.65144,0.78446,1.43590,3.80420,3.34062,0.45335,0.03139,50.8,,57.1,,0,,1.46658,1.03877,2.40724,0.89195,0.71189,4.01108,3.55589,2.26366,0.62266,0.74979,3.63610,3.19300,2019-11-06,2,2,0,8,1,0,8,2018-09-19,2,2,0,8,1,0,8,8.000,,0,0.00,0,0,"300 HOSPITAL STREET,MOULTON,AL,35650",34.4837,'-87.286,,2026-07-01
015129,"ATMORE NURSING CENTER","715 EAST LAUREL STREET",ATMORE,AL,36502,2513689121,260,Escambia,N,"For profit - Corporation",100,80.3,,"Medicare and Medicaid",N,"ATMORE NURSING CENTER, LLC",1975-10-01,"CROWNE HEALTH CARE",174,18,4.2,3.8,4.6,2.8,N,,N,Y,N,Resident,Yes,5,,5,,2,,2,,1,,5,,,,3.10079,1.04316,0.67057,1.71373,4.81452,4.08704,0.38388,0.00874,45.7,,25.0,,0,,1.24374,0.88093,2.04147,0.75642,0.60372,3.40161,3.01559,3.49479,1.17571,0.75577,5.42627,4.60635,2021-05-27,0,0,0,0,0,0,0,2019-04-18,0,0,0,0,0,0,0,0.000,,0,0.00,0,0,"715 EAST LAUREL STREET,ATMORE,AL,36502",31.0161,'-87.476,,2026-07-01
015132,"DIVERSICARE OF OXFORD","1130 SOUTH HALE STREET",OXFORD,AL,36203,2568310481,070,Calhoun,Y,"For profit - Corporation",173,112.8,,"Medicare and Medicaid",N,"DIVERSICARE OF OXFORD LLC",1975-12-01,"DIVERSICARE HEALTHCARE",185,46,2.5,2.4,2.9,3.5,N,,N,N,N,Resident,Yes,1,,1,,4,,3,,4,,3,,,,2.12308,0.57045,0.49384,1.06429,3.18737,2.70395,0.26494,0.02243,44.8,,60.0,,2,,1.05902,0.75010,1.73828,0.64408,0.51406,2.89641,2.56772,2.81022,0.75508,0.65367,4.21896,3.57909,2026-04-09,8,8,8,189,1,0,189,2019-11-26,6,6,0,32,1,0,32,149.750,,1,111900.00,0,1,"1130 SOUTH HALE STREET,OXFORD,AL,36203",33.6086,'-85.83,,2026-07-01
015133,"MAGNOLIA RIDGE","420 DEAN DRIVE",GARDENDALE,AL,35071,2056318709,360,Jefferson,Y,"For profit - Corporation",148,54.1,,"Medicare and Medicaid",N,"SUNBRIDGE GARDENDALE HEALTH CARE CENTER, LLC",1976-01-16,"GENESIS HEALTHCARE",237,185,2.4,2.3,2.5,3.5,N,"SFF Candidate",Y,N,N,Both,Yes,1,,1,,3,,4,,3,,3,,,,2.79871,1.01117,0.68105,1.69222,4.49093,3.60776,0.29871,0.07150,63.2,,100.0,,2,,1.33095,0.94270,2.18462,0.80946,0.64605,3.64014,3.22704,2.94763,1.06498,0.71729,4.72990,3.79973,2025-03-19,15,15,15,215,1,0,215,2019-12-05,23,8,18,1424,1,0,1424,517.250,,1,392125.00,0,1,"420 DEAN DRIVE,GARDENDALE,AL,35071",33.65,'-86.798,,2026-07-01
015134,"BIRMINGHAM NURSING AND REHABILITATION CENTER EAST","733 MARY VANN LANE",BIRMINGHAM,AL,35215,2058541361,360,Jefferson,Y,"For profit - Limited Liability company",132,116.7,,"Medicare and Medicaid",N,"Legal Business Name Not Available",1976-03-01,"NORBERT BENNETT & DONALD DENZ",771,25,1.6,1.9,2.2,2.3,N,,N,Y,N,Resident,Yes,2,,1,,5,,5,,5,,2,,,,1.75276,0.74641,0.36614,1.11256,2.86532,2.28037,0.20868,0.08100,55.7,,54.5,,2,,1.12990,0.80030,1.85462,0.68719,0.54846,3.09027,2.73957,2.17450,0.92601,0.45424,3.55476,2.82906,2024-05-13,7,7,7,379,1,0,379,2021-04-20,4,2,2,16,1,0,16,288.250,,5,24834.00,1,6,"733 MARY VANN LANE,BIRMINGHAM,AL,35215",33.6347,'-86.665,,2026-07-01
015135,"JOHN KNOX MANOR INC  I I","4401 NARROW LANE ROAD",MONTGOMERY,AL,36116,3342816336,500,Montgomery,Y,"Non profit - Corporation",98,61.2,,"Medicare and Medicaid",N,"JOHN KNOX MANOR INC II",1976-05-10,,,,,,,,N,,N,Y,N,Resident,Yes,1,,3,,1,,1,,,2,1,25,25,6,,,,,,,,,53.1,,41.7,,1,,,,,,,,,,,,,,2024-01-04,3,3,0,24,1,0,24,2019-10-10,0,0,0,0,0,0,0,18.000,,0,0.00,0,0,"4401 NARROW LANE ROAD,MONTGOMERY,AL,36116",32.3229,'-86.282,,2026-07-01
015136,"FALKVILLE REHABILITATION AND HEALTHCARE CENTER","10 WEST 3RD STREET",FALKVILLE,AL,35622,2567845291,510,Morgan,Y,"For profit - Limited Liability company",116,98.2,,"Medicare and Medicaid",N,"FALKVILLE SNF OPERATIONS LLC",1976-05-01,"VENZA CARE MANAGEMENT",614,22,2.4,2.5,3.0,2.6,N,"SFF Candidate",N,N,N,Resident,Yes,1,,1,,3,,3,,3,,3,,,,2.45394,0.68965,0.64466,1.33431,3.78825,3.30244,0.51532,0.06179,55.2,,57.1,,1,,1.32715,0.94001,2.17838,0.80715,0.64421,3.62974,3.21783,2.59192,0.72843,0.68091,4.00126,3.48813,2025-09-02,20,20,2,518,1,0,518,2019-09-26,12,3,9,746,1,0,746,575.000,,2,146615.00,1,3,"10 WEST 3RD STREET,FALKVILLE,AL,35622",34.3687,'-86.91,,2026-07-01
015137,"ALICEVILLE MANOR NURSING HOME","703 17TH STREET NORTHWEST",ALICEVILLE,AL,35442,2053736307,530,Pickens,Y,"For profit - Corporation",100,93.1,,"Medicare and Medicaid",N,"Legal Business Name Not Available",1977-01-01,"TRINITY MANAGEMENT, INC.",527,5,4.0,3.4,4.6,3.2,N,,N,Y,N,Resident,Yes,5,,4,,4,,5,,2,,5,,,,2.60294,0.61682,0.66313,1.27995,3.88289,3.34134,0.32955,0.00483,38.3,,37.5,,0,,1.15945,0.82123,1.90312,0.70516,0.56280,3.17107,2.81121,3.14696,0.74574,0.80173,4.69442,4.03969,2023-06-27,1,1,0,4,1,0,4,2019-09-26,2,2,0,20,1,0,20,8.000,,0,0.00,0,0,"703 17TH STREET NORTHWEST,ALICEVILLE,AL,35442",33.1355,'-88.168,,2026-07-01
015138,"HENDRIX HEALTH AND REHABILITATION","1000 HIGHWAY 33","DOUBLE SPRINGS",AL,35553,2054892136,660,Winston,N,"For profit - Individual",110,102.3,,"Medicare and Medicaid",N,"HENDRIX HEALTH CARE CENTER, INC.",1979-10-01,,,,,,,,N,,N,Y,N,Resident,Yes,2,,2,,3,,4,,2,,3,,,,2.45643,0.85582,0.46719,1.32300,3.77943,3.07735,0.26707,0.02648,44.3,,43.8,,,26,1.27224,0.90111,2.08825,0.77375,0.61755,3.47955,3.08468,2.70655,0.94296,0.51475,4.16426,3.39068,2023-09-07,3,3,0,36,1,0,36,2019-10-29,2,2,0,20,1,0,20,32.000,,0,0.00,0,0,"1000 HIGHWAY 33,DOUBLE SPRINGS,AL,35553",34.1697,'-87.403,,2026-07-01
015139,"TALLASSEE HEALTH AND REHABILITATION, LLC","2639 GILMER AVENUE",TALLASSEE,AL,36078,3342833975,250,Elmore,Y,"For profit - Limited Liability company",111,105.0,,"Medicare and Medicaid",N,"TALLASSEE HEALTH AND REHABILITATION, LLC",1976-04-01,"NHS MANAGEMENT",372,43,2.9,2.7,3.7,3.5,N,,N,Y,N,Resident,Yes,2,,2,,4,,4,,4,,4,,,,2.29763,0.69754,0.59622,1.29376,3.59140,2.90844,0.30566,0.00372,56.1,,52.9,,0,,1.13200,0.80179,1.85806,0.68846,0.54948,3.09600,2.74466,2.84520,0.86378,0.73831,4.44729,3.60157,2022-11-03,7,7,0,52,1,0,52,2019-10-17,1,1,0,4,1,0,4,40.000,,0,0.00,0,0,"2639 GILMER AVENUE,TALLASSEE,AL,36078",32.5699,'-85.938,,2026-07-01
015141,"ARBOR WOODS HEALTH AND REHAB","515 2ND AVENUE NORTHWEST",REFORM,AL,35481,2053756379,530,Pickens,Y,"For profit - Partnership",85,53.0,,"Medicare and Medicaid",N,"ARBOR WOODS HEALTH AND REHAB LLC",1976-05-01,"TRAYLOR PORTER HEALTHCARE",782,5,3.0,2.0,4.4,3.8,N,,N,Y,N,Resident,Yes,5,,3,,5,,5,,5,,5,,,,3.65775,0.60465,0.81189,1.41654,5.07429,4.14712,0.41172,0.00986,40.7,,14.3,,0,,1.13243,0.80209,1.85876,0.68872,0.54969,3.09717,2.74569,4.52776,0.74847,1.00499,6.28122,5.13352,2022-05-05,1,1,0,16,1,0,16,2019-07-25,0,0,0,0,0,0,0,12.000,,0,0.00,0,0,"515 2ND AVENUE NORTHWEST,REFORM,AL,35481",33.3818,'-88.02,,2026-07-01
015142,"LINEVILLE HEALTH AND REHABILITATION, LLC","88073 HIGHWAY 9",LINEVILLE,AL,36266,2563962104,130,Clay,N,"For profit - Corporation",101,94.5,,"Medicare and Medicaid",N,"LINEVILLE HEALTH AND REHABILITATION, LLC",1976-08-13,"NHS MANAGEMENT",372,43,2.9,2.7,3.7,3.5,N,,N,Y,N,Resident,Yes,5,,5,,3,,4,,3,,4,,,,2.78735,0.77069,0.42997,1.20066,3.98801,3.43218,0.22242,0.01361,54.9,,45.5,,0,,1.17186,0.83001,1.92348,0.71270,0.56882,3.20501,2.84129,3.33424,0.92190,0.51433,4.77046,4.10558,2021-07-22,0,0,0,0,0,0,0,2019-06-13,1,1,0,4,1,0,4,1.000,,0,0.00,0,0,"88073 HIGHWAY 9,LINEVILLE,AL,36266",33.3036,'-85.759,,2026-07-01
015143,"FOREST MANOR HEALTH AND REHAB","2215 32ND STREET",NORTHPORT,AL,35476,2053395400,620,Tuscaloosa,Y,"For profit - Limited Liability company",182,157.2,,"Medicare and Medicaid",N,"2215 NORTHPORT OPCO LLC",1976-08-01,"VENZA CARE MANAGEMENT",614,22,2.4,2.5,3.0,2.6,N,,N,Y,N,Both,Yes,3,,3,,3,,2,,4,,4,,,,2.14335,0.71635,0.70418,1.42053,3.56388,3.06528,0.54840,0.04783,44.4,,32.0,,0,,1.23067,0.87167,2.02002,0.74847,0.59737,3.36586,2.98390,2.44135,0.81595,0.80208,4.05939,3.49146,2021-05-13,2,2,0,20,1,0,20,2019-04-11,5,5,0,24,1,0,24,21.000,,0,0.00,0,0,"2215 32ND STREET,NORTHPORT,AL,35476",33.2388,'-87.579,,2026-07-01
015144,"THE HEALTHCARE CENTER AT BUCK CREEK","850 9TH STREET, NORTHWEST",ALABASTER,AL,35007,2056633859,580,Shelby,Y,"For profit - Limited Liability company",198,185.0,,"Medicare and Medicaid",N,"ALABASTER OPCO, LLC",1976-06-01,,,,,,,,N,,N,Y,N,Resident,Yes,3,,3,,3,,4,,2,,2,,,,2.24813,1.00809,0.27058,1.27867,3.52680,3.24824,0.27814,0.00000,44.6,,66.7,,,26,1.24223,0.87986,2.03899,0.75550,0.60298,3.39748,3.01193,2.53687,1.13756,0.30533,3.97976,3.66543,2024-01-25,3,3,3,8,1,0,8,2022-10-14,9,3,6,68,1,0,68,23.000,,2,16801.00,1,3,"850 9TH STREET, NORTHWEST,ALABASTER,AL,35007",33.2537,'-86.827,,2026-07-01
015145,"DIVERSICARE OF RIVERCHASE","2500 RIVERHAVEN DRIVE",BIRMINGHAM,AL,35244,2059870901,360,Jefferson,Y,"For profit - Corporation",132,121.2,,"Medicare and Medicaid",N,"DIVERSICARE OF RIVERCHASE LLC",1979-12-01,"DIVERSICARE HEALTHCARE",185,46,2.5,2.4,2.9,3.5,N,,N,Y,N,Resident,Yes,3,,3,,4,,5,,3,,3,,,,1.99133,0.62248,0.44117,1.06365,3.05498,2.70173,0.24914,0.02346,33.8,,50.0,,1,,1.13307,0.80255,1.85982,0.68912,0.55000,3.09894,2.74726,2.46357,0.77010,0.54579,3.77946,3.34243,2021-07-01,1,1,0,4,1,0,4,2019-10-03,7,7,0,48,1,0,48,15.000,,0,0.00,0,0,"2500 RIVERHAVEN DRIVE,BIRMINGHAM,AL,35244",33.3767,'-86.788,,2026-07-01
015147,"GLENWOOD CENTER","211 ANA DRIVE",FLORENCE,AL,35630,2567668963,380,Lauderdale,Y,"For profit - Corporation",125,110.7,,"Medicare and Medicaid",N,"211 213 ANA DRIVE OPERATIONS LLC",1976-12-07,"GENESIS HEALTHCARE",237,185,2.4,2.3,2.5,3.5,N,,N,Y,N,Both,Yes,1,,1,,3,,5,,1,,2,,,,1.71942,0.71134,0.63007,1.34141,3.06083,2.63940,0.33277,0.01822,52.8,,42.1,,0,,1.46012,1.03419,2.39663,0.88802,0.70875,3.99340,3.54021,1.65072,0.68292,0.60490,2.93854,2.53394,2024-02-28,11,11,5,68,1,0,68,2020-01-23,1,1,0,16,1,0,16,55.000,,0,0.00,0,0,"211 ANA DRIVE,FLORENCE,AL,35630",34.8334,'-87.632,,2026-07-01
015148,"DIVERSICARE OF ARAB","235 THIRD STREET SE",ARAB,AL,35016,2565863111,470,Marshall,N,"For profit - Limited Liability company",87,83.3,,"Medicare and Medicaid",N,"DIVERSICARE OF ARAB LLC",1977-03-01,"DIVERSICARE HEALTHCARE",185,46,2.5,2.4,2.9,3.5,N,,N,Y,N,Resident,Yes,2,,2,,4,,5,,4,,3,,,,1.97312,0.36834,0.63157,0.99991,2.97303,2.48851,0.37981,0.02309,41.2,,35.7,,2,,1.16994,0.82866,1.92034,0.71154,0.56789,3.19977,2.83665,2.36412,0.44133,0.75672,3.56217,2.98164,2021-04-15,6,6,0,56,1,0,56,2019-02-06,1,1,0,4,1,0,4,43.000,,0,0.00,0,0,"235 THIRD STREET SE,ARAB,AL,35016",34.313,'-86.493,,2026-07-01
015149,"SUNSET MANOR","251 SUNSET PLACE",GUIN,AL,35563,2054683331,460,Marion,N,"For profit - Corporation",71,56.5,,"Medicare and Medicaid",N,"SOUTHERN CARE LLC",1977-02-01,,,,,,,,N,,N,Y,N,Resident,Yes,4,,3,,2,,2,,3,,5,,,,2.44727,0.57340,1.18571,1.75911,4.20638,3.53972,0.81378,0.00634,36.5,,20.0,,,26,1.23774,0.87668,2.03162,0.75277,0.60080,3.38520,3.00103,2.77161,0.64940,1.34285,4.76385,4.00884,2023-07-27,2,2,0,12,1,0,12,2019-09-26,3,3,0,36,1,0,36,18.000,,0,0.00,0,0,"251 SUNSET PLACE,GUIN,AL,35563",33.97,'-87.917,,2026-07-01
015150,"WIREGRASS REHABILITATION CENTER & NURSING HOME","1200 MAPLE AVENUE WEST",GENEVA,AL,36340,3346843655,300,Geneva,Y,"Government - County",96,65.1,,"Medicare and Medicaid",Y,"GENEVA COUNTY HEALTHCARE AUTHORITY INC",1977-04-01,,,,,,,,N,,N,Y,N,Both,Yes,4,,3,,4,,4,,,2,5,,,,2.35158,0.81978,0.69354,1.51332,3.86490,3.27839,0.26532,0.01144,33.8,,22.2,,0,,1.03886,0.73581,1.70518,0.63181,0.50427,2.84126,2.51882,3.17310,1.10617,0.93582,5.21509,4.42369,2022-03-24,2,2,0,20,1,0,20,2020-01-09,3,3,0,24,1,0,24,21.000,,0,0.00,0,0,"1200 MAPLE AVENUE WEST,GENEVA,AL,36340",31.0449,'-85.841,,2026-07-01
015151,"CAMELLIA HEALTH AND REHABILITATION CENTER","1758 SPRINGHILL AVE",MOBILE,AL,36607,2514790551,480,Mobile,Y,"For profit - Limited Liability company",170,97.1,,"Medicare and Medicaid",N,"ARABELLA HEALTH & WELLNESS OF MOBILE OPCO LLC",1977-01-21,"ARABELLA HEALTHCARE MANAGEMENT",633,13,2.7,2.6,2.9,3.2,N,,N,Y,N,Resident,Yes,3,,3,,3,,4,,2,,3,,,,2.40381,0.57026,0.81170,1.38196,3.78577,3.28067,0.49853,0.01533,65.3,,57.7,,2,,1.20971,0.85683,1.98562,0.73573,0.58720,3.30854,2.93308,2.78546,0.66080,0.94057,4.38683,3.80154,2022-01-07,2,2,0,20,1,0,20,2019-05-02,2,2,0,8,1,0,8,17.000,,0,0.00,0,0,"1758 SPRINGHILL AVE,MOBILE,AL,36607",30.6919,'-88.083,,2026-07-01
015152,"EXTENDICARE HEALTH AND REHAB","950 SOUTH ST. ANDREWS STREET",DOTHAN,AL,36302,3347931177,340,Houston,Y,"For profit - Corporation",170,158.0,,"Medicare and Medicaid",N,"NOLAND EXTENDICARE, LLC",1978-04-18,"NOLAND HEALTH",374,10,2.7,2.5,4.1,3.0,N,,N,Y,N,Resident,Yes,2,,2,,3,,4,,3,,4,,,,2.77258,1.04860,0.60292,1.65153,4.42410,3.62601,0.46614,0.02594,52.6,,52.8,,0,,1.27112,0.90032,2.08640,0.77307,0.61701,3.47648,3.08196,3.05758,1.15639,0.66490,4.87887,3.99874,2022-06-18,4,4,0,32,1,0,32,2019-07-18,4,4,0,40,1,0,40,34.000,,0,0.00,0,0,"950 SOUTH ST. ANDREWS STREET,DOTHAN,AL,36302",31.2112,'-85.39,,2026-07-01
015153,"ARLINGTON REHABILITATION & HEALTHCARE CENTER","1020 TUSCALOOSA AVENUE, SW",BIRMINGHAM,AL,35211,2057886330,360,Jefferson,Y,"For profit - Corporation",117,108.4,,"Medicare and Medicaid",N,"ARLINGTON REHABILITATION & HEALTHCARE CENTER, LLC",1977-04-01,"BALL HEALTHCARE SERVICES",66,9,2.7,2.8,3.2,3.0,N,,N,Y,N,Both,Yes,4,,4,,2,,2,,1,,2,,,,2.15263,0.73119,0.46289,1.19408,3.34671,2.95439,0.27954,0.09096,40.4,,21.4,,,26,1.58131,1.12003,2.59555,0.96172,0.76757,4.32485,3.83405,1.90824,0.64818,0.41033,2.96675,2.61897,2021-04-01,2,2,0,8,1,0,8,2019-03-21,4,3,1,16,1,0,16,10.000,,0,0.00,0,0,"1020 TUSCALOOSA AVENUE, SW,BIRMINGHAM,AL,35211",33.496,'-86.849,,2026-07-01
015154,"FAYETTE MEDICAL CENTER LONG TERM CARE UNIT","1653 TEMPLE AVENUE NORTH",FAYETTE,AL,35555,2059325966,280,Fayette,N,"Government - County",122,107.8,,"Medicare and Medicaid",Y,"FAYETTE MEDICAL CENTER",1977-04-01,,,,,,,,N,,N,Y,N,Both,Yes,5,,4,,4,,4,,4,,5,,,,2.51146,0.79763,1.15654,1.95418,4.46564,3.74945,0.73423,0.01790,26.7,,28.6,,0,,1.23849,0.87721,2.03285,0.75323,0.60117,3.38725,3.00286,2.84258,0.90280,1.30902,5.05440,4.24378,2021-05-06,0,0,0,0,0,0,0,2019-04-11,3,3,0,24,1,0,24,6.000,,0,0.00,0,0,"1653 TEMPLE AVENUE NORTH,FAYETTE,AL,35555",33.7068,'-87.824,,2026-07-01
015155,"RIDGEVIEW HEALTH SERVICES, INC","907 11TH STREET, NE",JASPER,AL,35504,2052219111,630,Walker,Y,"For profit - Individual",148,138.6,,"Medicare and Medicaid",N,"RIDGEVIEW HEALTH SERVICES, INC.",1977-12-01,,,,,,,,N,,N,N,N,Both,Yes,2,,2,,3,,3,,3,,4,,,,2.30178,0.64740,0.84507,1.49247,3.79425,3.19661,0.57154,0.02921,52.0,,40.6,,0,,1.23326,0.87350,2.02426,0.75004,0.59863,3.37293,2.99016,2.61632,0.73586,0.96055,4.31272,3.63342,2025-08-08,5,5,3,36,0,0,36,2019-09-19,2,2,0,12,1,0,12,30.000,,1,8788.00,0,1,"907 11TH STREET, NE,JASPER,AL,35504",33.8599,'-87.265,,2026-07-01
015156,"CROWNE HEALTH CARE OF FT PAYNE","403 13TH STREET NORTHWEST","FORT PAYNE",AL,35967,2568455990,240,"De Kalb",N,"For profit - Corporation",123,109.4,,"Medicare and Medicaid",N,"CROWNE HEALTH CARE OF FORT PAYNE, LLC",1977-01-01,"CROWNE HEALTH CARE",174,18,4.2,3.8,4.6,2.8,N,,N,Y,N,Resident,Yes,4,,4,,1,,1,,1,,5,,,,2.31476,0.85015,0.79198,1.64213,3.95689,3.15555,0.30442,0.02070,30.3,,11.1,,0,,1.20919,0.85646,1.98477,0.73541,0.58695,3.30712,2.93182,2.68343,0.98555,0.91811,4.58709,3.65812,2019-11-14,2,2,0,8,1,0,8,2018-09-13,0,0,0,0,0,0,0,6.000,,0,0.00,0,0,"403 13TH STREET NORTHWEST,FORT PAYNE,AL,35967",34.4549,'-85.716,,2026-07-01
015157,"HALEYVILLE HEALTH CARE CENTER","2201 11TH AVENUE",HALEYVILLE,AL,35565,2054869478,660,Winston,N,"For profit - Corporation",97,70.3,,"Medicare and Medicaid",N,"HALEYVILLE SNF OPERATIONS LLC",1977-03-01,"VENZA CARE MANAGEMENT",614,22,2.4,2.5,3.0,2.6,N,,N,Y,N,Both,Yes,5,,5,,2,,2,,1,,4,,,,2.63535,0.88259,0.63081,1.51339,4.14874,3.59645,0.29114,0.02746,52.4,,37.5,,1,,1.32662,0.93963,2.17751,0.80683,0.64395,3.62828,3.21653,2.78466,0.93259,0.66655,4.38379,3.80021,2021-04-22,0,0,0,0,0,0,0,2019-03-21,1,1,0,4,1,0,4,1.000,,0,0.00,0,0,"2201 11TH AVENUE,HALEYVILLE,AL,35565",34.2287,'-87.621,,2026-07-01
015158,"DIVERSICARE OF MARION","505 EAST LAFAYETTE STREET",MARION,AL,36756,3346839696,520,Perry,N,"For profit - Corporation",71,63.8,,"Medicare and Medicaid",N,"DAC OF MARION, LLC",1977-02-01,"DIVERSICARE HEALTHCARE",185,46,2.5,2.4,2.9,3.5,N,,N,Y,N,Resident,Yes,4,,4,,5,,5,,,2,1,25,25,6,,,,,,,,,47.4,,16.7,,0,,,,,,,,,,,,,,2022-08-19,1,1,0,4,1,0,4,2021-04-08,2,2,0,8,1,0,8,5.000,,0,0.00,0,0,"505 EAST LAFAYETTE STREET,MARION,AL,36756",32.6317,'-87.308,,2026-07-01
015159,"DIVERSICARE OF ONEONTA","215 VALLEY ROAD",ONEONTA,AL,35121,2052742365,040,Blount,Y,"For profit - Corporation",120,109.8,,"Medicare and Medicaid",N,"DIVERSICARE OF ONEONTA LLC",1977-06-01,"DIVERSICARE HEALTHCARE",185,46,2.5,2.4,2.9,3.5,N,,N,Y,N,Both,Yes,3,,2,,5,,5,,4,,2,,,,1.79093,0.48499,0.57553,1.06052,2.85145,2.42008,0.21953,0.02422,46.0,,33.3,,2,,1.24678,0.88308,2.04646,0.75827,0.60519,3.40992,3.02295,2.01358,0.54528,0.64708,3.20594,2.72094,2023-07-23,6,6,1,40,1,0,40,2019-12-10,2,2,0,8,1,0,8,32.000,,1,9318.00,1,2,"215 VALLEY ROAD,ONEONTA,AL,35121",33.9519,'-86.466,,2026-07-01
015160,"SYLACAUGA HEALTH AND REHAB SERVICES","1007 W FORT WILLIAMS ST",SYLACAUGA,AL,35150,2562457402,600,Talladega,N,"Non profit - Corporation",149,131.5,,"Medicare and Medicaid",N,"SYLACAUGA HEALTH AND REHAB SERVICES, LLC",1977-02-01,"NOLAND HEALTH",374,10,2.7,2.5,4.1,3.0,Y,,N,Y,N,Resident,Yes,4,,4,,4,,4,,5,,4,,,,2.49753,0.62015,0.70208,1.32223,3.81975,3.42249,0.40663,0.01033,41.2,,22.7,,0,,1.32229,0.93656,2.17040,0.80419,0.64184,3.61644,3.20603,2.64767,0.65743,0.74428,4.04938,3.62823,2022-01-19,0,0,0,0,0,0,0,2019-04-18,5,5,0,28,1,0,28,7.000,,0,0.00,0,0,"1007 W FORT WILLIAMS ST,SYLACAUGA,AL,35150",33.1674,'-86.267,,2026-07-01
015162,"TALLADEGA HEALTHCARE CENTER, INC","616 CHAFFEE STREET",TALLADEGA,AL,35160,2563624197,600,Talladega,N,"For profit - Corporation",234,224.8,,"Medicare and Medicaid",N,"TALLADEGA HEALTHCARE CENTER INC",1977-03-01,"REHAB SELECT",444,5,3.6,3.2,3.8,3.2,N,,N,Y,N,Both,Yes,3,,3,,3,,4,,3,,4,,,,3.08883,0.90973,0.50272,1.41245,4.50128,3.91094,0.32324,0.01912,56.1,,17.4,,0,,1.21124,0.85791,1.98812,0.73665,0.58794,3.31272,2.93678,3.57473,1.05284,0.58180,5.20937,4.52617,2022-03-11,2,2,0,20,1,0,20,2019-08-01,5,5,0,32,1,0,32,23.000,,0,0.00,0,0,"616 CHAFFEE STREET,TALLADEGA,AL,35160",33.4294,'-86.088,,2026-07-01
015163,"ALBERTVILLE NURSING HOME","750 ALABAMA HIGHWAY 75 NORTH",ALBERTVILLE,AL,35950,2568781398,470,Marshall,N,"For profit - Corporation",159,153.5,,"Medicare and Medicaid",N,"ALBERTVILLE HEALTHCARE CENTER, INC.",1977-01-04,"REHAB SELECT",444,5,3.6,3.2,3.8,3.2,N,,N,Y,N,Both,Yes,5,,4,,4,,4,,4,,5,,,,3.69747,0.80630,0.71956,1.52586,5.22333,4.58122,0.60164,0.03284,46.0,,26.9,,0,,1.38604,0.98172,2.27505,0.84297,0.67279,3.79081,3.36061,3.73944,0.81545,0.72773,5.28262,4.63322,2019-11-21,1,1,0,4,1,0,4,2018-09-20,2,2,0,12,1,0,12,6.000,,0,0.00,0,0,"750 ALABAMA HIGHWAY 75 NORTH,ALBERTVILLE,AL,35950",34.2636,'-86.207,22,2026-07-01
015164,"TIMBERLAND HEALTH AND WELLNESS CENTER","1406 EAST PUSHMATAHA STREET",BUTLER,AL,36904,2054595506,110,Choctaw,N,"For profit - Limited Liability company",120,67.0,,"Medicare and Medicaid",N,"ARABELLA HEALTH & WELLNESS OF BUTLER OPCO LLC",1977-03-01,"ARABELLA HEALTHCARE MANAGEMENT",633,13,2.7,2.6,2.9,3.2,N,,N,Y,N,Resident,Yes,5,,5,,2,,4,,1,,4,,,,2.22344,0.49796,0.90822,1.40618,3.62961,2.88091,0.38783,0.00000,64.2,,50.0,,0,,1.09917,0.77853,1.80417,0.66849,0.53354,3.00620,2.66505,2.83557,0.63505,1.15827,4.62888,3.67405,2021-03-25,0,0,0,0,0,0,0,2019-03-06,0,0,0,0,0,0,0,0.000,0,0,0.00,0,0,"1406 EAST PUSHMATAHA STREET,BUTLER,AL,36904",32.0901,'-88.205,,2026-07-01
015166,"DADEVILLE HEALTHCARE CENTER","351 NORTH EAST STREET",DADEVILLE,AL,36853,2568259244,610,Tallapoosa,N,"For profit - Limited Liability company",144,101.0,,"Medicare and Medicaid",N,"DADEVILLE HEALTHCARE CENTER LLC",1978-08-01,"PRIME HEALTH CARE ENTERPRISES",419,5,4.0,3.8,4.0,2.4,N,,N,Y,N,Resident,Yes,3,,2,,2,,4,,1,,5,,,,2.95623,0.81044,0.64634,1.45678,4.41300,3.72981,0.20714,0.00907,34.5,,14.3,,0,,1.19389,0.84562,1.95964,0.72610,0.57952,3.26526,2.89471,3.47099,0.95156,0.75888,5.18143,4.37928,2021-04-22,7,7,0,40,1,0,40,2019-02-14,1,1,0,4,1,0,4,31.000,,0,0.00,0,0,"351 NORTH EAST STREET,DADEVILLE,AL,36853",32.8322,'-85.759,,2026-07-01
015167,"MARION REGIONAL NURSING HOME","184 SASSER DRIVE",HAMILTON,AL,35570,2059216340,460,Marion,N,"Non profit - Corporation",79,62.0,,"Medicare and Medicaid",Y,"MARION REGIONAL MEDICAL CENTER, INC.",1977-06-01,"NORTH MISSISSIPPI HEALTH SERVICES",376,2,2.5,2.0,4.0,4.0,N,,N,N,N,Resident,Yes,3,,2,,4,,4,,,2,5,,,,2.51308,0.53248,1.20950,1.74198,4.25506,3.66295,0.64111,0.00538,20.6,,0.0,,0,,1.19208,0.84434,1.95667,0.72500,0.57864,3.26032,2.89032,2.95516,0.62615,1.42226,5.00357,4.30730,2025-02-20,7,7,7,32,1,0,32,2019-09-19,3,3,0,12,1,0,12,27.000,,0,0.00,0,0,"184 SASSER DRIVE,HAMILTON,AL,35570",34.1252,'-87.993,,2026-07-01
015168,"LITTLE SISTERS OF THE POOR SACRED HEART RESIDENCE","1655 MCGILL AVENUE",MOBILE,AL,36604,2514766335,480,Mobile,Y,"Non profit - Corporation",75,44.0,,"Medicare and Medicaid",N,"LITTLE SISTERS OF THE POOR HOME FOR THE AGED INC",1977-07-01,,,,,,,,N,,N,Y,N,Resident,Yes,5,,5,,2,,2,,,2,5,,,,2.92283,0.78458,0.68383,1.46841,4.39124,3.69705,0.42740,0.04046,34.4,,20.0,,0,,1.01057,0.71578,1.65875,0.61461,0.49054,2.76390,2.45025,4.05428,1.08831,0.94854,6.09113,5.12822,2020-03-12,1,0,1,4,0,0,4,2019-01-24,1,1,0,0,0,0,0,3.000,,0,0.00,0,0,"1655 MCGILL AVENUE,MOBILE,AL,36604",30.6842,'-88.078,,2026-07-01
015169,"FLORENCE NURSING AND REHABILITATION CTR,  LLC","2107 CLOYD BLVD",FLORENCE,AL,35630,2567665771,380,Lauderdale,Y,"For profit - Individual",147,137.6,,"Medicare and Medicaid",N,"Legal Business Name Not Available",1977-05-01,"NORBERT BENNETT & DONALD DENZ",771,25,1.6,1.9,2.2,2.3,N,,N,Y,N,Resident,Yes,3,,3,,3,,3,,3,,4,,,,1.83310,0.70789,0.88612,1.59401,3.42711,2.79894,0.58938,0.06447,36.0,,28.0,,0,,1.20696,0.85488,1.98109,0.73405,0.58586,3.30101,2.92640,2.12899,0.82215,1.02916,3.98030,3.25073,2020-01-14,2,2,0,20,1,0,20,2018-10-24,4,4,0,28,1,0,28,22.000,,0,0.00,0,0,"2107 CLOYD BLVD,FLORENCE,AL,35630",34.8364,'-87.649,,2026-07-01
015171,"SOUTHERN SPRINGS HEALTHCARE FACILITY","745 SOUTHERN SPRINGS ROAD","UNION SPRINGS",AL,36089,3347385590,050,Bullock,N,"For profit - Corporation",123,101.4,,"Medicare and Medicaid",N,"MAIN AND ASSOCIATES INC",1977-07-01,,,,,,,,N,,N,Y,N,Resident,Yes,5,,5,,4,,3,,5,,4,,,,2.82495,0.85449,0.40758,1.26208,4.08702,3.51037,0.14625,0.04951,22.4,,0.0,,0,,1.22025,0.86429,2.00291,0.74213,0.59231,3.33735,2.95862,3.24520,0.98161,0.46822,4.69503,4.03259,2022-08-25,0,0,0,0,0,0,0,2019-04-25,3,2,1,12,1,0,12,3.000,1,0,0.00,0,0,"745 SOUTHERN SPRINGS ROAD,UNION SPRINGS,AL,36089",32.1397,'-85.689,,2026-07-01
015174,"COOSA VALLEY HEALTH AND REHAB","513 PINEVIEW AVENUE",GLENCOE,AL,35905,2564925350,270,Etowah,Y,"For profit - Corporation",124,75.3,,"Medicare and Medicaid",N,"Legal Business Name Not Available",1977-07-01,,,,,,,,N,,N,Y,N,Resident,Yes,3,,3,,2,,2,,1,,3,,,,2.57863,0.95274,0.51778,1.47052,4.04915,3.63067,0.29498,0.06579,53.6,,63.6,,1,,1.28309,0.90880,2.10606,0.78036,0.62282,3.50924,3.11100,2.81715,1.04087,0.56567,4.42369,3.96650,2022-04-29,2,2,0,8,1,0,8,2019-06-13,7,7,0,52,1,0,52,19.000,,0,0.00,0,0,"513 PINEVIEW AVENUE,GLENCOE,AL,35905",33.9541,'-85.923,,2026-07-01
015175,"WESLEY PLACE ON HONEYSUCKLE","718 HONEYSUCKLE ROAD",DOTHAN,AL,36305,3347920921,340,Houston,Y,"Non profit - Corporation",166,152.8,,"Medicare and Medicaid",N,"METHODIST HOME FOR THE AGING",1977-07-01,,,,,,,,N,,N,Y,N,Resident,Yes,2,,2,,2,,1,,3,,2,,,,3.37101,1.29451,0.28666,1.58116,4.95217,4.75639,0.21941,0.02902,,26,,26,,26,1.18904,0.84218,1.95168,0.72315,0.57716,3.25200,2.88295,3.97414,1.52612,0.33794,5.83820,5.60739,2024-03-23,8,8,7,60,1,0,60,2019-08-29,0,0,0,0,0,0,0,45.000,,12,48689.00,0,12,"718 HONEYSUCKLE ROAD,DOTHAN,AL,36305",31.2198,'-85.435,,2026-07-01
015176,"CROSSVILLE HEALTH AND REHABILITATION, LLC","8922 HIGHWAY 227",CROSSVILLE,AL,35962,2565287844,240,"De Kalb",N,"For profit - Corporation",143,135.8,,"Medicare and Medicaid",N,"CROSSVILLE HEALTH AND REHABILITATION LLC",1977-07-01,"NHS MANAGEMENT",372,43,2.9,2.7,3.7,3.5,N,,N,Y,N,Resident,Yes,5,,4,,5,,5,,4,,4,,,,2.54954,0.57463,0.65875,1.23337,3.78292,3.34411,0.44810,0.01139,46.8,,45.8,,,26,1.17703,0.83368,1.93197,0.71585,0.57133,3.21915,2.85383,3.03637,0.68435,0.78453,4.50525,3.98266,2021-11-04,2,2,0,8,1,0,8,2019-11-14,2,1,1,8,1,0,8,8.000,,0,0.00,0,0,"8922 HIGHWAY 227,CROSSVILLE,AL,35962",34.295,'-85.988,,2026-07-01
015177,"WOODHAVEN MANOR NURSING HOME","105 WEST WINDSOR ST",DEMOPOLIS,AL,36732,3342892741,450,Marengo,N,"For profit - Corporation",75,70.9,,"Medicare and Medicaid",N,"WOODHAVEN MANOR NURSING HOME, LLC",1977-07-01,"CROWNE HEALTH CARE",174,18,4.2,3.8,4.6,2.8,N,,N,Y,N,Resident,Yes,5,,5,,5,,5,,5,,5,,,,2.31141,0.80641,0.72533,1.53174,3.84315,2.92020,0.29373,0.00446,27.3,,16.7,,0,,1.25764,0.89077,2.06428,0.76487,0.61046,3.43962,3.04928,2.57632,0.89884,0.80845,4.28362,3.25488,2022-03-02,0,0,0,0,0,0,0,2019-06-13,1,1,0,4,1,0,4,1.000,,0,0.00,0,0,"105 WEST WINDSOR ST,DEMOPOLIS,AL,36732",32.5009,'-87.839,,2026-07-01
015178,"GREENE COUNTY NURSING HOME","509 WILSON AVE",EUTAW,AL,35462,2053724545,310,Greene,Y,"For profit - Corporation",72,38.1,,"Medicare and Medicaid",N,"GREENE COUNTY HOSPITAL & NURSING HOME",1977-07-01,,,,,,,,N,,N,Y,N,Resident,Yes,1,,1,,2,,2,,,2,1,23,23,23,,,,,,,,,,26,,26,,26,,,,,,,,,,,,,2022-02-25,6,6,0,56,1,0,56,2019-08-08,3,3,0,24,1,0,24,48.000,,1,13635.00,0,1,"509 WILSON AVE,EUTAW,AL,35462",32.8434,'-87.889,,2026-07-01
015179,"PARKWOOD HEALTH CARE FACILITY","3301 STADIUM DRIVE","PHENIX CITY",AL,36867,3342970237,560,Russell,Y,"For profit - Limited Liability company",74,71.3,,"Medicare and Medicaid",N,"PARKWOOD HEALTH CARE FACILITY, LLC",1978-07-01,"CROWNE HEALTH CARE",174,18,4.2,3.8,4.6,2.8,N,,N,N,N,Resident,Yes,5,,3,,5,,5,,,2,5,,,,2.34117,0.96394,0.80106,1.76499,4.10617,3.50685,0.30170,0.00282,35.8,,28.6,,0,,1.22569,0.86814,2.01184,0.74544,0.59495,3.35223,2.97181,2.67752,1.10242,0.91614,4.69609,4.01066,2026-02-13,4,4,1,28,1,0,28,2019-12-05,2,2,0,8,1,0,8,23.000,,0,0.00,0,0,"3301 STADIUM DRIVE,PHENIX CITY,AL,36867",32.4854,'-85.023,,2026-07-01
015180,"GADSDEN HEALTH AND REHAB CENTER","1945 DAVIS DRIVE",GADSDEN,AL,35904,2565474938,270,Etowah,Y,"For profit - Individual",168,135.1,,"Medicare and Medicaid",N,"GADSDEN HC OPERATIONS LLC",1977-02-01,"PRESTON HEALTH SERVICES",702,5,3.2,3.2,3.2,2.8,N,,N,Y,N,Resident,Yes,4,,4,,3,,5,,1,,3,,,,2.47762,1.39266,0.52942,1.92208,4.39970,3.76654,0.39855,0.02064,57.7,,47.1,,0,,1.40072,0.99212,2.29914,0.85189,0.67992,3.83095,3.39620,2.47949,1.39371,0.52982,4.40302,3.76938,2021-07-15,3,3,0,12,1,0,12,2019-12-05,1,1,0,4,1,0,4,10.000,,0,0.00,0,0,"1945 DAVIS DRIVE,GADSDEN,AL,35904",33.9898,'-86.029,,2026-07-01
015182,"GEORGIANA HEALTH AND REHABILITATION, LLC","206 PALMER AVENUE",GEORGIANA,AL,36033,3343762267,060,Butler,N,"For profit - Corporation",91,79.0,,"Medicare and Medicaid",N,"GEORGIANA HEALTH AND REHABILITATION, LLC",1977-08-01,"NHS MANAGEMENT",372,43,2.9,2.7,3.7,3.5,N,,N,Y,N,Resident,Yes,4,,4,,2,,3,,1,,4,,,,2.77803,1.01268,0.50395,1.51664,4.29467,3.24729,0.10269,0.00756,38.5,,36.4,,2,,1.17075,0.82923,1.92167,0.71203,0.56829,3.20199,2.83862,3.32622,1.21251,0.60340,5.14213,3.88808,2019-12-05,1,1,0,4,1,0,4,2018-12-13,3,3,0,12,1,0,12,6.000,0,0,0.00,0,0,"206 PALMER AVENUE,GEORGIANA,AL,36033",31.6381,'-86.738,,2026-07-01
015183,"PINE HAVEN REHABILITATION AND WELLNESS CENTER","4525 ST STEPHENS ROAD","EIGHT MILE",AL,36613,2514520996,480,Mobile,Y,"For profit - Individual",172,146.1,,"Medicare and Medicaid",N,"PINE HAVEN SNF OPCO LLC",1978-05-01,,,,,,,,N,,N,Y,N,Resident,Yes,2,,2,,4,,4,,4,,4,,,,2.43798,0.72359,0.43622,1.15981,3.59779,3.07193,0.39613,0.06249,45.7,,21.4,,0,,1.18052,0.83615,1.93770,0.71797,0.57303,3.22871,2.86230,2.89491,0.85921,0.51798,4.27210,3.64768,2022-10-19,9,9,0,40,1,0,40,2021-06-08,8,7,1,56,1,0,56,44.000,,0,0.00,0,0,"4525 ST STEPHENS ROAD,EIGHT MILE,AL,36613",30.7635,'-88.127,,2026-07-01
015184,"CLOVERDALE REHABILITATION AND NURSING CENTER","412 CLOVERDALE ROAD",SCOTTSBORO,AL,35768,2562591505,350,Jackson,N,"For profit - Corporation",141,121.9,,"Medicare and Medicaid",N,"CLOVERDALE HEALTH CARE, INC.",1977-08-01,"TRINITY MANAGEMENT, INC.",527,5,4.0,3.4,4.6,3.2,N,,N,Y,N,Resident,Yes,4,,4,,2,,3,,2,,4,,,,2.58086,0.82407,0.61983,1.44390,4.02476,3.40516,0.36931,0.00576,36.4,,36.8,,1,,1.23983,0.87816,2.03506,0.75405,0.60182,3.39093,3.00611,2.91797,0.93170,0.70079,4.55046,3.84994,2022-03-31,2,2,0,12,1,0,12,2019-08-08,0,0,0,0,0,0,0,9.000,,0,0.00,0,0,"412 CLOVERDALE ROAD,SCOTTSBORO,AL,35768",34.665,'-86.049,,2026-07-01
015186,"GLEN HAVEN HEALTH AND REHABILITATION, LLC","2201 32ND STREET",NORTHPORT,AL,35476,2053395700,620,Tuscaloosa,Y,"For profit - Corporation",200,180.6,,"Medicare and Medicaid",N,"GLEN HAVEN HEALTH AND REHABILITATION, LLC",1977-04-01,"NHS MANAGEMENT",372,43,2.9,2.7,3.7,3.5,N,,N,Y,N,Resident,Yes,1,,1,,3,,4,,3,,4,,,,2.68464,0.76682,0.62848,1.39531,4.07995,3.24359,0.25943,0.02702,40.3,,36.4,,0,,1.25940,0.89202,2.06717,0.76594,0.61132,3.44443,3.05355,2.98816,0.85351,0.69954,4.54121,3.61029,2023-07-26,5,5,4,253,1,0,253,2019-10-24,5,3,2,32,1,0,32,197.750,,1,81335.00,0,1,"2201 32ND STREET,NORTHPORT,AL,35476",33.2388,'-87.579,,2026-07-01
015187,"MOUNDVILLE HEALTH AND REHABILITATION, LLC","THIRD AVENUE",MOUNDVILLE,AL,35474,2053712252,320,Hale,Y,"For profit - Corporation",68,64.9,,"Medicare and Medicaid",N,"MOUNDVILLE HEALTH AND REHABILITATION LLC",1977-10-01,"NHS MANAGEMENT",372,43,2.9,2.7,3.7,3.5,N,,N,Y,N,Resident,Yes,4,,4,,4,,4,,,2,4,,,,2.66847,0.69426,0.61985,1.31412,3.98258,3.44834,0.34839,0.01555,44.0,,57.1,,0,,1.27383,0.90224,2.09085,0.77472,0.61832,3.48390,3.08853,2.93650,0.76400,0.68211,4.38262,3.79471,2021-10-07,0,0,0,0,0,0,0,2019-04-04,6,6,0,32,1,0,32,8.000,0,0,0.00,0,0,"THIRD AVENUE,MOUNDVILLE,AL,35474",32.9951,'-87.631,,2026-07-01
015188,"JACKSON HEALTH CARE FACILITY","2616 NORTH COLLEGE AVENUE",JACKSON,AL,36545,2512462476,120,Clarke,N,"For profit - Corporation",91,85.8,,"Medicare and Medicaid",N,"JACKSON HEALTH CARE FACILITY, LLC",1977-09-01,"CROWNE HEALTH CARE",174,18,4.2,3.8,4.6,2.8,N,,N,Y,N,Resident,Yes,3,,3,,1,,1,,,2,5,,,,2.72309,0.60659,0.98795,1.59454,4.31763,3.45568,0.34512,0.00455,29.7,,5.9,,0,,1.27675,0.90431,2.09565,0.77650,0.61974,3.49189,3.09562,2.98975,0.66599,1.08470,4.74044,3.79408,2021-03-25,2,2,0,8,1,0,8,2019-02-28,3,3,0,24,1,0,24,12.000,,0,0.00,0,0,"2616 NORTH COLLEGE AVENUE,JACKSON,AL,36545",31.5367,'-87.888,,2026-07-01
015189,"DIVERSICARE OF PELL CITY","510 WOLF CREEK ROAD, NORTH","PELL CITY",AL,35125,2053383329,570,"St. Clair",Y,"For profit - Corporation",94,82.9,,"Medicare and Medicaid",N,"DIVERSICARE OF PELL CITY LLC",1977-11-01,"DIVERSICARE HEALTHCARE",185,46,2.5,2.4,2.9,3.5,N,,N,Y,N,Both,Yes,2,,2,,3,,2,,4,,3,,,,1.90976,0.40964,0.54562,0.95527,2.86503,2.21619,0.28808,0.01179,69.0,,57.1,,0,,1.07753,0.76321,1.76866,0.65534,0.52304,2.94703,2.61259,2.48444,0.53291,0.70981,3.72716,2.88307,2022-03-03,3,3,0,28,1,0,28,2019-05-21,3,3,0,12,1,0,12,24.000,,0,0.00,0,0,"510 WOLF CREEK ROAD, NORTH,PELL CITY,AL,35125",33.5959,'-86.311,,2026-07-01
015191,"BROWN NURSING HOME","2334 WASHINGTON STREET","ALEXANDER CITY",AL,35010,2563299061,610,Tallapoosa,N,"For profit - Corporation",68,63.9,,"Medicare and Medicaid",N,"BROWN NURSING HOME, LLC",1977-11-01,"CROWNE HEALTH CARE",174,18,4.2,3.8,4.6,2.8,N,,N,Y,N,Resident,Yes,4,,4,,2,,2,,,2,3,,,,2.00726,1.24596,0.50074,1.74670,3.75396,3.13318,0.21990,0.02499,60.7,,66.7,,0,,1.30174,0.92201,2.13667,0.79169,0.63187,3.56023,3.15620,2.16153,1.34171,0.53922,4.04246,3.37397,2020-02-05,0,0,0,0,0,0,0,2018-11-15,4,4,0,28,1,0,28,7.000,0,0,0.00,0,0,"2334 WASHINGTON STREET,ALEXANDER CITY,AL,35010",32.9521,'-85.979,,2026-07-01
015192,"ARBOR SPRINGS HEALTH AND REHAB CENTER, LTD","1910 PEPPERELL PKWY",OPELIKA,AL,36801,3347491471,400,Lee,Y,"For profit - Partnership",225,121.5,,"Medicare and Medicaid",N,"ARBOR SPRINGS HEALTH AND REHAB CENTER, LTD",1979-07-01,"TRAYLOR PORTER HEALTHCARE",782,5,3.0,2.0,4.4,3.8,N,,N,Y,N,Resident,Yes,2,,2,,2,,2,,3,,4,,,,2.67342,1.18607,0.70744,1.89352,4.56694,3.81341,0.51607,0.03080,49.7,,31.6,,1,,1.31535,0.93165,2.15901,0.79997,0.63848,3.59745,3.18920,2.84909,1.26401,0.75393,4.86703,4.06399,2022-02-24,3,3,0,24,1,0,24,2019-06-06,5,5,0,48,1,0,48,30.000,,0,0.00,0,0,"1910 PEPPERELL PKWY,OPELIKA,AL,36801",32.6385,'-85.399,,2026-07-01
015193,"CROWNE HEALTH CARE OF GREENVILLE","408 COUNTRY CLUB DRIVE",GREENVILLE,AL,36037,3343822693,060,Butler,N,"For profit - Corporation",118,88.0,,"Medicare and Medicaid",N,"CROWNE HEALTH CARE OF GREENVILLE, LLC",1977-09-01,"CROWNE HEALTH CARE",174,18,4.2,3.8,4.6,2.8,N,,N,Y,N,Resident,Yes,5,,4,,3,,2,,3,,5,,,,2.92232,1.20438,0.49034,1.69472,4.61704,3.68220,0.15882,0.00742,27.6,,36.4,,0,,1.16214,0.82313,1.90753,0.70679,0.56411,3.17843,2.81773,3.52491,1.45273,0.59145,5.56908,4.44148,2022-01-12,0,0,0,0,0,0,0,2019-05-02,4,4,0,28,1,0,28,7.000,,0,0.00,0,0,"408 COUNTRY CLUB DRIVE,GREENVILLE,AL,36037",31.8425,'-86.636,,2026-07-01
015194,"PIEDMONT HEALTH CARE CENTER","30 ROUNDTREE DRIVE",PIEDMONT,AL,36272,2564478258,070,Calhoun,Y,"Government - City",91,82.2,,"Medicare and Medicaid",N,"PIEDMONT HEALTH CARE CENTER",1977-08-01,,,,,,,,N,,N,Y,N,Both,Yes,5,,5,,3,,2,,4,,5,,,,3.35735,0.87582,0.68870,1.56452,4.92187,4.22393,0.36914,0.01959,47.7,,26.7,,0,,1.24518,0.88195,2.04383,0.75730,0.60442,3.40555,3.01907,3.77959,0.98597,0.77531,5.54086,4.75515,2021-04-15,0,0,0,0,0,0,0,2019-02-14,0,0,0,0,0,0,0,0.000,,0,0.00,0,0,"30 ROUNDTREE DRIVE,PIEDMONT,AL,36272",33.9085,'-85.609,,2026-07-01
015195,"VILLAGE AT COOK SPRINGS SKILLED NURSING FACILITY","415 COOK SPRINGS","PELL CITY",AL,35125,2053382221,570,"St. Clair",Y,"Non profit - Corporation",168,132.3,,"Medicare and Medicaid",N,"VILLAGE AT COOK SPRINGS, LLC",1977-12-01,"NOLAND HEALTH",374,10,2.7,2.5,4.1,3.0,Y,,N,Y,N,Resident,Yes,1,,1,,2,,3,,1,,3,,,,2.49740,0.69730,0.51871,1.21601,3.71340,3.17657,0.26238,0.01749,57.7,,57.1,,0,,1.19601,0.84712,1.96313,0.72739,0.58055,3.27108,2.89986,2.92705,0.81726,0.60795,4.35226,3.72308,2022-05-05,0,0,0,0,0,0,0,2019-07-28,7,5,2,216,2,108,324,81.000,,0,0.00,0,0,"415 COOK SPRINGS,PELL CITY,AL,35125",33.6002,'-86.391,,2026-07-01
015196,"DIVERSICARE OF LANETT","702 SOUTH 13TH STREET",LANETT,AL,36863,3346441111,080,Chambers,N,"For profit - Corporation",85,83.8,,"Medicare and Medicaid",N,"DIVERSICARE OF LANETT LLC",1977-12-01,"DIVERSICARE HEALTHCARE",185,46,2.5,2.4,2.9,3.5,N,,N,Y,N,Resident,Yes,4,,4,,3,,4,,2,,2,,,,1.64973,0.76430,0.39321,1.15751,2.80724,2.47587,0.16906,0.01192,50.0,,58.3,,0,,1.14574,0.81152,1.88062,0.69682,0.55615,3.13359,2.77798,2.01838,0.93510,0.48108,3.43456,3.02914,2023-03-16,0,0,0,0,0,0,0,2021-04-22,4,4,0,24,1,0,24,6.000,,0,0.00,0,0,"702 SOUTH 13TH STREET,LANETT,AL,36863",32.8576,'-85.199,,2026-07-01
015197,"LAFAYETTE EXTENDED CARE","805 HOSPITAL STREET SOUTHWEST",LAFAYETTE,AL,36862,3348648854,080,Chambers,N,"For profit - Corporation",69,58.4,,"Medicare and Medicaid",N,"LAFAYETTE EXTENDED CARE,L.L.C",1978-07-01,"PRIME HEALTH CARE ENTERPRISES",419,5,4.0,3.8,4.0,2.4,N,,N,Y,N,Both,Yes,2,,3,,3,,3,,,2,1,24,,,2.58021,0.76461,0.47155,1.23616,3.81637,3.55665,0.18429,0.00124,41.2,,50.0,,0,,1.13454,0.80359,1.86223,0.69001,0.55071,3.10296,2.75082,3.18796,0.94470,0.58262,4.71529,4.39440,2020-01-22,3,3,0,12,1,0,12,2018-12-19,3,3,0,16,1,0,16,13.000,,1,4558.00,0,1,"805 HOSPITAL STREET SOUTHWEST,LAFAYETTE,AL,36862",32.8893,'-85.412,,2026-07-01
015199,"CROWNE HEALTH CARE OF EUFAULA","430 RIVERS AVENUE",EUFAULA,AL,36027,3346876627,020,Barbour,N,"For profit - Corporation",180,161.0,,"Medicare and Medicaid",N,"CROWNE HEALTH CARE OF EUFAULA, LLC",1977-12-01,"CROWNE HEALTH CARE",174,18,4.2,3.8,4.6,2.8,N,,Y,Y,N,Resident,Yes,2,,2,,3,,2,,3,,4,,,,2.12181,0.80987,0.63216,1.44204,3.56385,2.88921,0.34408,0.00739,34.4,,28.6,,0,,1.11407,0.78908,1.82862,0.67756,0.54077,3.04695,2.70117,2.66978,1.01903,0.79542,4.48422,3.63536,2022-11-10,2,2,0,24,0,0,24,2021-07-09,7,2,5,44,1,0,44,29.000,,1,42884.00,1,2,"430 RIVERS AVENUE,EUFAULA,AL,36027",31.8888,'-85.158,,2026-07-01
015200,"CHEROKEE COUNTY HEALTH AND REHABILITATION CENTER","877 CEDAR BLUFF ROAD",CENTRE,AL,35960,2569275778,090,Cherokee,N,"Non profit - Corporation",185,158.8,,"Medicare and Medicaid",N,"THE CHEROKEE COUNTY HEALTH CARE AUTHORITY",1977-12-01,,,,,,,,N,,N,N,N,Both,Yes,2,,1,,3,,2,,3,,5,,,,3.43993,0.64768,0.65522,1.30290,4.74283,4.28544,0.44429,0.01682,34.8,,29.2,,0,,1.28604,0.91089,2.11090,0.78215,0.62425,3.51729,3.11814,3.74952,0.70596,0.71419,5.16967,4.67111,2025-12-11,10,10,1,64,1,0,64,2019-11-21,1,1,0,4,1,0,4,49.000,,0,0.00,0,0,"877 CEDAR BLUFF ROAD,CENTRE,AL,35960",34.1657,'-85.661,,2026-07-01
015201,"Arabella Health and Wellness of Red Bay","106 TENTH AVENUE NORTHWEST","RED BAY",AL,35582,2563564982,290,Franklin,N,"For profit - Corporation",90,58.3,,"Medicare and Medicaid",N,"Legal Business Name Not Available",1978-01-01,,,,,,,,N,,N,Y,N,Resident,Yes,1,,2,,1,,1,,,2,1,,,,1.73920,0.76082,0.45845,1.21928,2.95848,2.65541,0.20752,0.02778,,26,,26,,26,1.25724,0.89049,2.06362,0.76463,0.61027,3.43852,3.04830,1.93915,0.84829,0.51116,3.29861,2.96070,2022-03-25,7,7,0,44,1,0,44,2019-08-29,3,3,0,24,1,0,24,39.000,,0,0.00,0,0,"106 TENTH AVENUE NORTHWEST,RED BAY,AL,35582",34.4502,'-88.143,,2026-07-01
015202,"MCGUFFEY HEALTH & REHABILITATION CENTER","2301 RAINBOW DRIVE",GADSDEN,AL,35999,2565433467,270,Etowah,Y,"For profit - Corporation",209,181.2,,"Medicare and Medicaid",N,"MCGUFFEY HEALTHCARE LLC",1977-12-01,,,,,,,,N,,N,Y,N,Resident,Yes,4,,4,,3,,3,,4,,4,,,,1.93485,0.81169,0.48721,1.29890,3.23375,2.81444,0.32686,0.00829,49.4,,27.3,,0,,1.14891,0.81376,1.88581,0.69875,0.55768,3.14224,2.78565,2.36070,0.99034,0.59445,3.94549,3.43388,2021-05-27,2,2,0,8,1,0,8,2020-03-12,2,2,0,8,1,0,8,8.000,,0,0.00,0,0,"2301 RAINBOW DRIVE,GADSDEN,AL,35999",33.9713,'-86.02,,2026-07-01
015203,"ATTALLA REHABILITATION AND NURSING CENTER","915 STEWART AVENUE SOUTHEAST",ATTALLA,AL,35954,2565387852,270,Etowah,Y,"For profit - Corporation",182,92.0,,"Medicare and Medicaid",N,"Legal Business Name Not Available",1977-12-01,"DIVERSICARE HEALTHCARE",185,46,2.5,2.4,2.9,3.5,N,,N,Y,N,Resident,Yes,2,,1,,5,,4,,5,,2,,,,1.91479,0.73326,0.56655,1.29981,3.21460,2.50270,0.38669,0.01171,,26,,26,1,,1.11988,0.79320,1.83817,0.68109,0.54359,3.06285,2.71527,2.39678,0.91784,0.70916,4.02378,3.13268,2022-03-01,12,12,0,539,1,0,539,2019-05-05,5,5,0,158,1,0,158,443.750,,0,0.00,0,0,"915 STEWART AVENUE SOUTHEAST,ATTALLA,AL,35954",33.985,'-86.108,,2026-07-01
015204,"GOODWATER HEALTHCARE CENTER","16 JONES HILL ROAD",GOODWATER,AL,35072,2568396711,180,Coosa,N,"For profit - Corporation",72,61.5,,"Medicare and Medicaid",N,"GOODWATER HEALTHCARE CENTER LLC",1978-07-01,"PRIME HEALTH CARE ENTERPRISES",419,5,4.0,3.8,4.0,2.4,N,,N,Y,N,Resident,Yes,5,,5,,3,,3,,,2,5,,,,3.27154,0.80569,0.54869,1.35438,4.62593,3.88429,0.26437,0.00018,37.8,,25.0,,0,,1.11797,0.79185,1.83503,0.67993,0.54267,3.05763,2.71064,4.10206,1.01022,0.68798,5.80027,4.87036,2021-04-15,0,0,0,0,0,0,0,2019-03-14,0,0,0,0,0,0,0,0.000,,0,0.00,0,0,"16 JONES HILL ROAD,GOODWATER,AL,35072",33.0675,'-86.053,,2026-07-01
015206,"DECATUR HEALTH & REHAB CENTER","2326 MORGAN AVENUE SOUTHWEST",DECATUR,AL,35603,2563405765,510,Morgan,Y,"For profit - Corporation",119,110.9,,"Medicare and Medicaid",N,"DECATUR SNF OPERATIONS LLC",1977-12-01,"VENZA CARE MANAGEMENT",614,22,2.4,2.5,3.0,2.6,N,,N,N,N,Resident,Yes,1,,1,,3,,4,,2,,3,,,,2.57291,0.82116,0.57832,1.39948,3.97239,3.39309,0.27930,0.09549,61.8,,75.0,,0,,1.32159,0.93607,2.16925,0.80377,0.64151,3.61453,3.20434,2.72902,0.87098,0.61341,4.21341,3.59897,2025-02-03,11,11,11,243,1,0,243,2021-05-15,5,4,1,40,1,0,40,192.250,,4,25367.00,0,4,"2326 MORGAN AVENUE SOUTHWEST,DECATUR,AL,35603",34.5698,'-87.008,,2026-07-01
015207,"COLLINSVILLE HEALTHCARE & REHAB","685 NORTH VALLEY AVE",COLLINSVILLE,AL,35961,2565242117,240,"De Kalb",N,"For profit - Corporation",200,160.9,,"Medicare and Medicaid",N,"COLLINSVILLE NURSING HOME, INC",1977-12-01,,,,,,,,N,,N,N,N,Resident,Yes,2,,3,,1,,1,,1,,3,,,,3.04956,0.89272,0.58024,1.47296,4.52252,3.67375,0.24177,0.03087,,26,,26,2,,1.28948,0.91332,2.11654,0.78424,0.62592,3.52670,3.12648,3.31514,0.97047,0.63077,4.91638,3.99370,2025-02-13,4,4,4,28,1,0,28,2019-11-21,2,2,0,8,1,0,8,23.000,,0,0.00,0,0,"685 NORTH VALLEY AVE,COLLINSVILLE,AL,35961",34.2735,'-85.856,,2026-07-01
015208,"OZARK HEALTH AND REHABILITATION, LLC","312 BRYAN DRIVE",OZARK,AL,36360,3347742561,220,Dale,N,"For profit - Limited Liability company",149,141.4,,"Medicare and Medicaid",N,"OZARK HEALTH AND REHABILITATION, LLC",1978-01-01,"NHS MANAGEMENT",372,43,2.9,2.7,3.7,3.5,N,,N,Y,N,Resident,Yes,3,,3,,4,,4,,5,,4,,,,2.49295,0.87968,0.37161,1.25130,3.74424,3.24183,0.16519,0.01018,46.3,,37.5,,0,,1.13575,0.80444,1.86421,0.69074,0.55130,3.10625,2.75374,3.07688,1.08574,0.45866,4.62127,4.00118,2023-06-16,3,3,0,12,1,0,12,2019-06-13,2,2,0,20,1,0,20,14.000,,0,0.00,0,0,"312 BRYAN DRIVE,OZARK,AL,36360",31.4731,'-85.636,,2026-07-01
015209,"DIVERSICARE OF BESSEMER","820 GOLF COURSE ROAD",BESSEMER,AL,35020,2054255241,360,Jefferson,Y,"For profit - Corporation",180,140.6,,"Medicare and Medicaid",N,"DIVERSICARE OF BESSEMER LLC",1978-01-01,"DIVERSICARE HEALTHCARE",185,46,2.5,2.4,2.9,3.5,N,,N,Y,N,Resident,Yes,1,,1,,2,,2,,,2,3,,,,2.22525,0.59011,0.51594,1.10605,3.33129,2.90876,0.33790,0.01545,56.8,,50.0,,1,,1.08717,0.77003,1.78448,0.66120,0.52772,2.97340,2.63597,2.86919,0.76087,0.66524,4.29530,3.75049,2022-12-02,13,13,0,100,1,0,100,2021-06-24,11,11,0,100,1,0,100,100.000,,0,0.00,0,0,"820 GOLF COURSE ROAD,BESSEMER,AL,35020",33.3694,'-86.992,,2026-07-01
015210,"OPP HEALTH AND REHABILITATION, LLC","115 PAULK AVENUE",OPP,AL,36467,3344934558,190,Covington,N,"For profit - Corporation",197,162.9,,"Medicare and Medicaid",N,"OPP HEALTH AND REHABILITATION, LLC",1978-01-01,"NHS MANAGEMENT",372,43,2.9,2.7,3.7,3.5,N,,N,Y,N,Both,Yes,3,,3,,2,,3,,2,,3,,,,2.25331,0.68699,0.45510,1.14209,3.39540,2.86849,0.10645,0.00751,45.3,,41.2,,1,,1.18427,0.83880,1.94385,0.72025,0.57485,3.23895,2.87138,2.66717,0.81317,0.53869,4.01902,3.39534,2020-03-02,1,1,0,16,1,0,16,2019-05-22,3,3,0,24,1,0,24,18.000,,0,0.00,0,0,"115 PAULK AVENUE,OPP,AL,36467",31.2934,'-86.255,,2026-07-01
015211,"TWIN OAKS REHABILITATION AND HEALTHCARE CENTER","857 CRAWFORD LANE",MOBILE,AL,36617,2514763420,480,Mobile,Y,"For profit - Corporation",131,123.7,,"Medicare and Medicaid",N,"TWIN OAKS NURSING HOME LLC",1978-01-01,"BALL HEALTHCARE SERVICES",66,9,2.7,2.8,3.2,3.0,N,,N,Y,N,None,Yes,4,,4,,4,,4,,3,,3,,,,1.90633,0.93178,0.53412,1.46591,3.37223,2.61677,0.20844,0.04284,34.0,,23.1,,0,,1.34107,0.94987,2.20123,0.81562,0.65096,3.66782,3.25158,1.99262,0.97396,0.55830,3.52488,2.73522,2023-10-26,2,2,0,12,1,0,12,2021-08-05,1,1,0,4,1,0,4,10.000,,0,0.00,0,0,"857 CRAWFORD LANE,MOBILE,AL,36617",30.7168,'-88.074,,2026-07-01
015212,"SELF SKILLED NURSING & REHAB","131 EAST CREST ROAD",HUEYTOWN,AL,35023,2054912411,360,Jefferson,Y,"For profit - Corporation",131,95.2,,"Medicare and Medicaid",N,"SELF SKILLED NURSING, LLC",1978-01-01,"TRAYLOR PORTER HEALTHCARE",782,5,3.0,2.0,4.4,3.8,N,,N,Y,N,Resident,Yes,1,,1,,2,,3,,1,,4,,,,2.71865,1.06415,0.42037,1.48452,4.20318,3.64122,0.24191,0.03250,51.1,,33.3,,0,,1.18406,0.83866,1.94351,0.72013,0.57475,3.23839,2.87089,3.21854,1.25982,0.49767,4.97602,4.31074,2021-03-18,11,11,0,72,1,0,72,2019-02-07,5,5,0,44,1,0,44,65.000,,0,0.00,0,0,"131 EAST CREST ROAD,HUEYTOWN,AL,35023",33.4582,'-86.992,,2026-07-01
015213,"TROY HEALTH & REHABILITATION CENTER","515 ELBA HIGHWAY",TROY,AL,36079,3345660880,540,Pike,N,"For profit - Corporation",220,130.4,,"Medicare and Medicaid",N,"CARING CORPORATION INC",1978-01-01,,,,,,,,N,,N,Y,N,Resident,Yes,1,,1,,1,,2,,1,,4,,,,2.22821,0.79968,0.47559,1.27526,3.50347,2.89125,0.06159,0.00000,40.4,,18.2,,0,,1.27590,0.90371,2.09426,0.77598,0.61933,3.48958,3.09357,2.44803,0.87857,0.52251,3.84911,3.17648,2022-10-20,6,6,0,72,1,0,72,2019-10-24,2,2,0,20,1,0,20,59.000,,0,0.00,0,0,"515 ELBA HIGHWAY,TROY,AL,36079",31.7789,'-85.963,,2026-07-01
015214,"MADISON MANOR NURSING HOME","3891 SULLIVAN ST",MADISON,AL,35758,2567729243,440,Madison,Y,"For profit - Corporation",80,73.6,,"Medicare and Medicaid",N,"MADISON MANOR NURSING HOME LLC",1982-08-01,"CROWNE HEALTH CARE",174,18,4.2,3.8,4.6,2.8,N,,N,N,N,Resident,Yes,3,,3,,2,,4,,1,,4,,,,2.78823,0.79462,0.72391,1.51854,4.30677,3.56698,0.35251,0.01915,49.5,,50.0,,0,,1.27933,0.90614,2.09989,0.77807,0.62099,3.49895,3.10187,3.05510,0.87068,0.79320,4.71897,3.90838,2024-08-15,3,3,2,12,1,0,12,2019-07-25,3,3,0,24,1,0,24,15.000,,0,0.00,0,0,"3891 SULLIVAN ST,MADISON,AL,35758",34.6839,'-86.752,,2026-07-01
015215,"BIBB MEDICAL CENTER NURSING HOME","208 PIERSON AVE",CENTREVILLE,AL,35042,2059263308,030,Bibb,Y,"Government - County",131,108.3,,"Medicare and Medicaid",Y,"THE BIBB COUNTY HEALTHCARE AUTHORITY",1977-11-01,,,,,,,,Y,,N,Y,N,Resident,Yes,1,,1,,3,,2,,3,,3,,,,2.10491,0.73093,0.39911,1.13004,3.23495,2.84346,0.09399,0.01596,53.1,,50.0,,,26,1.14789,0.81304,1.88414,0.69813,0.55719,3.13945,2.78318,2.57048,0.89259,0.48739,3.95046,3.47238,2023-11-30,5,5,0,60,1,0,60,2019-08-22,3,3,0,16,1,0,16,49.000,,0,0.00,0,0,"208 PIERSON AVE,CENTREVILLE,AL,35042",32.9509,'-87.148,,2026-07-01
015216,"OAKVIEW MANOR HEALTH CARE CENTER","929 MIXON SCHOOL ROAD",OZARK,AL,36360,3347742631,220,Dale,N,"Non profit - Corporation",138,96.9,,"Medicare and Medicaid",N,"UNITED STATES HEALTH & HOUSING FOUNDATION, INC",1978-01-01,,,,,,,,N,,N,Y,N,Resident,Yes,3,,4,,3,,4,,2,,1,24,,,2.02555,0.59848,0.25012,0.84860,2.87416,2.58124,0.44288,0.01272,45.9,,50.0,,,26,1.17611,0.83303,1.93047,0.71529,0.57089,3.21665,2.85161,2.41420,0.71331,0.29811,3.42563,3.07651,2023-07-13,1,1,0,4,1,0,4,2019-11-14,2,2,0,20,1,0,20,8.000,,0,0.00,0,0,"929 MIXON SCHOOL ROAD,OZARK,AL,36360",31.4287,'-85.646,,2026-07-01
015217,"BIRMINGHAM NURSING AND REHABILITATION CTR LLC","1000 DUGAN AVENUE",BIRMINGHAM,AL,35214,2057988780,360,Jefferson,Y,"For profit - Limited Liability company",132,111.7,,"Medicare and Medicaid",N,"Legal Business Name Not Available",1978-01-01,"NORBERT BENNETT & DONALD DENZ",771,25,1.6,1.9,2.2,2.3,N,,Y,Y,N,Resident,Yes,1,,1,,4,,5,,3,,2,,,,1.86754,0.97750,0.38900,1.36650,3.23404,2.44415,0.23161,0.07672,63.2,,54.5,,0,,1.15651,0.81915,1.89829,0.70337,0.56138,3.16304,2.80409,2.26360,1.18480,0.47149,3.91989,2.96249,2024-06-26,8,1,7,266,1,0,266,2024-01-25,8,4,4,48,1,0,48,211.500,,2,74848.00,1,3,"1000 DUGAN AVENUE,BIRMINGHAM,AL,35214",33.5484,'-86.883,,2026-07-01
015220,"CROWNE HEALTH CARE OF THOMASVILLE","1425 MOSLEY DRIVE",THOMASVILLE,AL,36784,3346365614,120,Clarke,N,"For profit - Corporation",80,66.4,,"Medicare and Medicaid",N,"CROWNE HEALTH CARE OF THOMASVILLE,LLC",1977-07-01,"CROWNE HEALTH CARE",174,18,4.2,3.8,4.6,2.8,N,,N,Y,N,Resident,Yes,5,,5,,3,,4,,3,,5,,,,3.05100,0.91690,0.68916,1.60607,4.65707,3.40842,0.30876,0.00730,38.2,,30.8,,0,,1.22695,0.86903,2.01391,0.74621,0.59557,3.35568,2.97487,3.48575,1.04756,0.78736,5.32067,3.89410,2021-12-09,0,0,0,0,0,0,0,2019-04-11,2,2,0,4,1,0,4,1.000,,0,0.00,0,0,"1425 MOSLEY DRIVE,THOMASVILLE,AL,36784",31.9303,'-87.737,,2026-07-01
015221,"CHAPMAN HEALTHCARE CENTER, INC","3701 DADEVILLE ROAD","ALEXANDER CITY",AL,35010,2562346366,610,Tallapoosa,N,"For profit - Corporation",188,145.3,,"Medicare and Medicaid",N,"CHAPMAN HEALTHCARE CENTER, INC.",1978-02-01,"PRIME HEALTH CARE ENTERPRISES",419,5,4.0,3.8,4.0,2.4,N,,N,Y,N,Resident,Yes,5,,4,,2,,2,,1,,5,,,,3.08826,0.61203,0.60303,1.21506,4.30332,3.95195,0.42249,0.00338,33.5,,21.4,,0,,1.19123,0.84373,1.95528,0.72448,0.57823,3.25799,2.88826,3.63411,0.72021,0.70962,5.06394,4.65045,2021-09-10,0,0,0,0,0,0,0,2019-05-09,3,3,0,24,1,0,24,6.000,,0,0.00,0,0,"3701 DADEVILLE ROAD,ALEXANDER CITY,AL,35010",32.9095,'-85.922,,2026-07-01
015222,"FAIRHOPE HEALTH & REHAB","108 SOUTH CHURCH STREET",FAIRHOPE,AL,36532,2519282153,010,Baldwin,Y,"Non profit - Corporation",131,74.0,,"Medicare and Medicaid",N,"NOLAND FAIRHOPE LLC",1981-03-12,"NOLAND HEALTH",374,10,2.7,2.5,4.1,3.0,N,,N,Y,N,Resident,Yes,2,,2,,3,,4,,2,,4,,,,2.61157,0.97041,0.42286,1.39327,4.00484,3.33503,0.39822,0.03305,35.1,,50.0,,0,,1.11691,0.79110,1.83329,0.67929,0.54215,3.05473,2.70807,3.27765,1.21791,0.53071,5.02628,4.18563,2022-02-25,6,6,0,48,1,0,48,2019-05-23,1,1,0,4,1,0,4,37.000,,0,0.00,0,0,"108 SOUTH CHURCH STREET,FAIRHOPE,AL,36532",30.5216,'-87.905,,2026-07-01
015223,"NORTHSIDE HEALTH CARE","700 HUTCHINS AVENUE",GADSDEN,AL,35901,2565437101,270,Etowah,Y,"For profit - Corporation",115,105.6,,"Medicare and Medicaid",N,"NORTHSIDE SNF OPERATIONS LLC",1978-08-21,"VENZA CARE MANAGEMENT",614,22,2.4,2.5,3.0,2.6,N,,N,Y,N,Resident,Yes,3,,3,,2,,4,,1,,4,,,,2.39017,0.67562,0.66841,1.34403,3.73420,3.18995,0.32772,0.04362,56.0,,55.6,,0,,1.24899,0.88465,2.05008,0.75961,0.60626,3.41596,3.02831,2.68256,0.75826,0.75018,4.19100,3.58018,2019-10-17,2,2,0,20,1,0,20,2018-09-06,4,4,0,28,1,0,28,22.000,,1,221520.00,0,1,"700 HUTCHINS AVENUE,GADSDEN,AL,35901",34.0418,'-85.959,,2026-07-01
015225,"BARFIELD HEALTH CARE","22444 HIGHWAY 431",GUNTERSVILLE,AL,35976,2565823112,470,Marshall,N,"For profit - Corporation",113,109.3,,"Medicare and Medicaid",N,"BARFIELD HEALTH CARE ACQUISITION CORPORATION",1979-02-20,"REHAB SELECT",444,5,3.6,3.2,3.8,3.2,N,,N,Y,N,Both,Yes,5,,4,,5,,4,,5,,3,,,,2.98622,0.90443,0.39851,1.30293,4.28915,3.20996,0.20520,0.00705,57.1,,73.7,,0,,1.20950,0.85668,1.98528,0.73560,0.58710,3.30797,2.93257,3.46094,1.04820,0.46186,4.97099,3.72024,2021-04-16,2,2,0,8,1,0,8,2019-10-31,0,0,0,0,0,0,0,6.000,,0,0.00,0,0,"22444 HIGHWAY 431,GUNTERSVILLE,AL,35976",34.4235,'-86.263,,2026-07-01
015227,"SOUTHERN HEALTH AND REHAB OF VERNON","1050 CONVALESCENT ROAD",VERNON,AL,35592,2056959313,370,Lamar,N,"For profit - Corporation",158,107.3,,"Medicare and Medicaid",N,"Legal Business Name Not Available",1979-10-01,,,,,,,,N,,N,Y,N,Resident,Yes,2,,2,,2,,2,,3,,3,,,,2.46385,0.54625,0.81808,1.36433,3.82817,3.31548,0.58537,0.00310,,26,,26,,26,1.15733,0.81972,1.89963,0.70387,0.56177,3.16527,2.80606,2.98427,0.66163,0.99087,4.63677,4.01578,2022-04-01,0,0,0,0,0,0,0,2019-08-04,2,2,0,104,1,0,104,26.000,,0,0.00,0,0,"1050 CONVALESCENT ROAD,VERNON,AL,35592",33.7212,'-88.167,,2026-07-01
015228,"Rivertown Health and Rehabilitation Center","4490 VIRGINIA LOOP ROAD",MONTGOMERY,AL,36116,3342816826,500,Montgomery,Y,"For profit - Limited Liability company",121,111.8,,"Medicare and Medicaid",N,"ARABELLA HEALTH & WELLNESS OF MONTGOMERY OPCO LLC",1980-09-30,"ARABELLA HEALTHCARE MANAGEMENT",633,13,2.7,2.6,2.9,3.2,N,,N,N,N,Resident,Yes,1,,1,,4,,4,,3,,3,,,,1.95334,0.60868,0.86568,1.47436,3.42770,2.87081,0.56249,0.00000,55.9,,44.4,,3,,1.21078,0.85758,1.98736,0.73637,0.58772,3.31145,2.93566,2.26148,0.70470,1.00224,3.96843,3.32368,2025-07-24,10,10,5,60,1,0,60,2023-01-11,17,12,5,108,1,0,108,72.000,5,0,0.00,0,0,"4490 VIRGINIA LOOP ROAD,MONTGOMERY,AL,36116",32.3179,'-86.239,,2026-07-01
015303,"REDMONT HEALTH AND REHABILITATION CENTER","1028 BESSEMER RD",BIRMINGHAM,AL,35228,2059231777,360,Jefferson,Y,"For profit - Individual",163,98.2,,"Medicare and Medicaid",N,"ARABELLA HEALTH & WELLNESS OF BESSEMER OPCO LLC",1973-02-01,"ARABELLA HEALTHCARE MANAGEMENT",633,13,2.7,2.6,2.9,3.2,N,,N,Y,N,Both,Yes,3,,3,,3,,4,,2,,3,,,,2.15116,0.65930,0.67336,1.33266,3.48382,2.96351,0.19772,0.01957,59.6,,71.4,,0,,1.17261,0.83055,1.92471,0.71316,0.56919,3.20706,2.84311,2.57157,0.78815,0.80496,4.16469,3.54268,2022-10-27,4,4,0,20,1,0,20,2019-12-12,5,5,0,20,1,0,20,20.000,,0,0.00,0,0,"1028 BESSEMER RD,BIRMINGHAM,AL,35228",33.4758,'-86.899,,2026-07-01
015315,"RIDGEWOOD HEALTH SERVICES, INC.","201 OAKHILL ROAD",JASPER,AL,35504,2052214862,630,Walker,Y,"For profit - Individual",98,83.3,,"Medicare and Medicaid",N,"RIDGEWOOD HEALTH SERVICES, INC.",1977-11-01,,,,,,,,N,,N,Y,N,Both,Yes,4,,3,,5,,4,,5,,4,,,,2.27481,0.91789,0.69382,1.61170,3.88651,3.15706,0.24210,0.01877,49.3,,28.6,,0,,1.13728,0.80552,1.86672,0.69167,0.55204,3.11044,2.75745,2.80387,1.13136,0.85518,4.79041,3.89130,2020-01-09,2,2,0,20,1,0,20,2018-12-20,0,0,0,0,0,0,0,15.000,,0,0.00,0,0,"201 OAKHILL ROAD,JASPER,AL,35504",33.8544,'-87.287,,2026-07-01
015320,"ENTERPRISE HEALTH & REHABILITATION CENTER","300 PLAZA DRIVE",ENTERPRISE,AL,36331,3343479541,150,Coffee,N,"Non profit - Corporation",257,156.8,,"Medicare and Medicaid",N,"THE HEALTH CARE AUTHORITY OF THE CITY OF ENTERPRISE, INC.",1977-10-01,,,,,,,,N,,Y,N,N,Resident,Yes,1,,1,,2,,2,,3,,4,,,,3.46655,1.07940,0.64296,1.72237,5.18892,4.37146,0.31698,0.03312,40.5,,47.8,,2,,1.27997,0.90659,2.10093,0.77845,0.62130,3.50069,3.10342,3.79645,1.18213,0.70415,5.68273,4.78747,2026-01-18,5,1,4,220,1,0,220,2019-11-06,4,4,0,28,1,0,28,172.000,,1,85230.00,1,2,"300 PLAZA DRIVE,ENTERPRISE,AL,36331",31.3028,'-85.837,,2026-07-01
015321,"SOUTH HAVEN HEALTH AND REHABILITATION, LLC","3141 OLD COLUMBIANA ROAD",BIRMINGHAM,AL,35226,2058221580,360,Jefferson,Y,"For profit - Individual",101,96.4,,"Medicare and Medicaid",N,"SOUTH HAVEN HEALTH AND REHABILITATION LLC",1971-11-01,"NHS MANAGEMENT",372,43,2.9,2.7,3.7,3.5,N,,N,Y,N,Resident,Yes,3,,3,,2,,2,,2,,4,,,,2.65895,0.71126,0.57890,1.29015,3.94911,3.07800,0.33859,0.01745,50.0,,26.7,,1,,1.15396,0.81734,1.89411,0.70182,0.56014,3.15606,2.79790,3.22997,0.86400,0.70322,4.79719,3.73900,2022-07-14,1,1,0,8,1,0,8,2019-06-20,9,3,6,60,1,0,60,21.000,,0,0.00,0,0,"3141 OLD COLUMBIANA ROAD,BIRMINGHAM,AL,35226",33.4049,'-86.808,,2026-07-01
015322,"ENGLEWOOD HEALTH CARE CENTER","2046 SOUTH ALABAMA AVE",MONROEVILLE,AL,36460,2515753285,490,Monroe,N,"For profit - Corporation",87,71.2,,"Medicare and Medicaid",N,"ENGLEWOOD HEALTH CARE CENTER, LLC",1972-10-01,"CROWNE HEALTH CARE",174,18,4.2,3.8,4.6,2.8,N,,N,Y,N,Both,Yes,5,,4,,3,,2,,3,,5,,,,3.25234,1.42989,0.59744,2.02733,5.27967,4.27378,0.11535,0.05403,34.7,,35.7,,0,,1.30837,0.92671,2.14755,0.79573,0.63509,3.57837,3.17228,3.48454,1.53197,0.64009,5.65660,4.57890,2021-06-14,1,1,0,4,0,0,4,2019-04-18,3,3,0,24,1,0,24,9.000,,0,0.00,0,0,"2046 SOUTH ALABAMA AVE,MONROEVILLE,AL,36460",31.4962,'-87.32,,2026-07-01
015326,"PARK MANOR HEALTH AND REHABILITATION, LLC","2201 MCFARLAND BOULEVARD",NORTHPORT,AL,35476,2053395300,620,Tuscaloosa,Y,"For profit - Limited Liability company",152,143.5,,"Medicare and Medicaid",N,"PARK MANOR HEALTH AND REHABILITATION, LLC",1979-10-01,"NHS MANAGEMENT",372,43,2.9,2.7,3.7,3.5,N,,N,Y,N,Resident,Yes,3,,3,,3,,5,,1,,4,,,,2.58343,0.73090,0.57744,1.30835,3.89178,3.14889,0.14690,0.01381,57.8,,54.5,,0,,1.14540,0.81128,1.88006,0.69661,0.55598,3.13265,2.77715,3.16168,0.89450,0.70669,4.76288,3.85370,2021-08-26,0,0,0,0,0,0,0,2019-06-21,7,7,0,52,1,0,52,13.000,,0,0.00,0,0,"2201 MCFARLAND BOULEVARD,NORTHPORT,AL,35476",33.2398,'-87.579,,2026-07-01
015330,"MARENGO NURSING HOME","608 NORTH MAIN STREET",LINDEN,AL,36748,3342958631,450,Marengo,N,"Non profit - Other",78,64.3,,"Medicare and Medicaid",N,"LINDEN HOSPITAL BOARD",1971-04-08,,,,,,,,N,,N,Y,N,Resident,Yes,4,,4,,5,,5,,,2,1,25,25,6,,,,,,,,,,26,,26,1,,,,,,,,,,,,,,2022-01-06,1,1,0,4,1,0,4,2019-05-08,5,5,0,28,1,0,28,10.000,0,0,0.00,0,0,"608 NORTH MAIN STREET,LINDEN,AL,36748",32.3123,'-87.798,,2026-07-01
015331,"BRIDGEWAY HEALTH AND REHABILITATION CENTER","3900 LAKEWOOD DRIVE","PHENIX CITY",AL,36867,3342988247,560,Russell,Y,"For profit - Corporation",86,76.5,,"Medicare and Medicaid",N,"ARABELLA HEALTH AND WELLNESS OF PHENIX CITY LLC",1972-01-01,"ARABELLA HEALTHCARE MANAGEMENT",633,13,2.7,2.6,2.9,3.2,N,,N,Y,N,Resident,Yes,3,,3,,3,,3,,3,,3,,,,1.80469,0.92801,0.87223,1.80024,3.60493,2.76598,0.27016,0.03575,41.9,,41.2,,2,,1.35021,0.95634,2.21623,0.82117,0.65540,3.69280,3.27372,1.87361,0.96346,0.90555,3.74262,2.87162,2020-01-09,2,2,0,20,1,0,20,2018-11-29,3,3,0,24,1,0,24,21.000,,0,0.00,0,0,"3900 LAKEWOOD DRIVE,PHENIX CITY,AL,36867",32.4951,'-85.036,,2026-07-01
015336,"LUVERNE HEALTH AND REHABILITATION, LLC","142 WEST THIRD STREET",LUVERNE,AL,36049,3343356528,200,Crenshaw,N,"For profit - Corporation",151,142.0,,"Medicare and Medicaid",N,"LUVERNE HEALTH AND REHABILITATION, LLC",1973-10-16,"NHS MANAGEMENT",372,43,2.9,2.7,3.7,3.5,N,,N,Y,N,Both,Yes,4,,4,,3,,3,,3,,3,,,,2.44281,0.78737,0.40659,1.19396,3.63677,3.10849,0.19433,0.00620,51.8,,66.7,,1,,1.12208,0.79476,1.84178,0.68243,0.54466,3.06887,2.72060,3.05172,0.98363,0.50795,4.54330,3.88334,2021-07-29,2,2,0,8,1,0,8,2019-12-19,2,2,0,8,1,0,8,8.000,,0,0.00,0,0,"142 WEST THIRD STREET,LUVERNE,AL,36049",31.7163,'-86.266,,2026-07-01
015361,"LAUDERDALE CHRISTIAN NURSING HOME","2019 COUNTY ROAD 394",KILLEN,AL,35645,2567572103,380,Lauderdale,Y,"Non profit - Church related",58,54.8,,"Medicare and Medicaid",N,"LAUDERDALE CHRISTIAN NURSING HOME",1970-07-23,,,,,,,,N,,N,Y,N,Resident,Yes,5,,4,,4,,4,,,2,5,,,,3.10427,0.62015,0.81987,1.44002,4.54428,3.85449,0.38114,0.01500,43.8,,27.3,,0,,1.20818,0.85574,1.98310,0.73479,0.58646,3.30435,2.92937,3.60169,0.71952,0.95124,5.27245,4.47212,2023-09-20,1,1,1,4,0,0,4,2019-07-25,1,1,0,16,1,0,16,7.000,,0,0.00,0,0,"2019 COUNTY ROAD 394,KILLEN,AL,35645",34.9148,'-87.503,22,2026-07-01
015369,"OAKS ON PARKWOOD SKILLED NURSING FACILITY","2625 LAUREL OAK DRIVE",BESSEMER,AL,35022,2054974520,360,Jefferson,Y,"Non profit - Corporation",130,124.5,,"Medicare and Medicaid",N,"OAKS ON PARKWOOD, LLC",1971-07-01,"NOLAND HEALTH",374,10,2.7,2.5,4.1,3.0,Y,,N,Y,N,Resident,Yes,1,,1,,1,,2,,1,,5,,,,2.60977,0.62344,0.73384,1.35728,3.96705,3.34863,0.60179,0.01924,44.2,,28.6,,0,,1.20775,0.85543,1.98239,0.73453,0.58624,3.30316,2.92831,3.02904,0.72360,0.85174,4.60438,3.88660,2021-05-20,7,2,5,127,1,0,127,2019-07-18,7,6,1,44,1,0,44,106.250,,1,17345.00,0,1,"2625 LAUREL OAK DRIVE,BESSEMER,AL,35022",33.3426,'-86.962,22,2026-07-01
015371,"HERITAGE HEALTH CARE & REHAB INC","1101 SNOWS MILL AVENUE",TUSCALOOSA,AL,35406,2057595179,620,Tuscaloosa,Y,"For profit - Corporation",216,135.5,,"Medicare and Medicaid",N,"HERITAGE HEALTH CARE & REHAB, INC.",1977-08-01,,,,,,,,N,,N,Y,N,Resident,Yes,3,,3,,4,,5,,4,,4,,,,2.87855,0.86805,0.47337,1.34142,4.21997,3.53119,0.16192,0.00833,46.2,,25.0,,1,,1.30768,0.92621,2.14641,0.79531,0.63475,3.57647,3.17060,3.08569,0.93052,0.50744,4.52365,3.78530,2022-01-27,2,2,0,8,1,0,8,2019-05-16,4,4,0,28,1,0,28,13.000,,0,0.00,0,0,"1101 SNOWS MILL AVENUE,TUSCALOOSA,AL,35406",33.2283,'-87.56,,2026-07-01
015372,"REGENCY HEALTH CARE AND REHABILITATION CENTER","2061 POOLE DRIVE, NW",HUNTSVILLE,AL,35810,2568529290,440,Madison,Y,"For profit - Corporation",90,83.7,,"Medicare and Medicaid",N,"HUNTSVILLE SENIOR SERVICES LLC",1980-03-01,,,,,,,,N,,N,N,N,Resident,Yes,1,,1,,4,,4,,4,,3,,,,2.55690,1.07506,0.66318,1.73824,4.29515,3.38115,0.29772,0.05947,62.7,,73.3,,0,,1.32342,0.93737,2.17226,0.80488,0.64239,3.61953,3.20877,2.70829,1.13872,0.70244,4.54945,3.58134,2024-08-21,14,14,14,189,1,0,189,2019-08-29,3,3,0,12,1,0,12,144.750,,2,16801.00,1,3,"2061 POOLE DRIVE, NW,HUNTSVILLE,AL,35810",34.7605,'-86.593,,2026-07-01
015373,"HENRY COUNTY HEALTH AND REHABILITATION FACILITY","212 DOTHAN ROAD",ABBEVILLE,AL,36310,3345852241,330,Henry,Y,"Government - County",142,83.0,,"Medicare and Medicaid",N,"HENRY COUNTY NURSING HOME",1980-12-12,,,,,,,,N,,N,Y,N,Resident,Yes,4,,3,,3,,2,,4,,5,,,,2.94571,1.35761,0.72085,2.07847,5.02417,4.28717,0.41145,0.02252,43.6,,8.3,,0,,1.18340,0.83819,1.94243,0.71973,0.57443,3.23659,2.86929,3.48928,1.60814,0.85387,5.95129,5.07829,2022-02-04,3,3,0,12,1,0,12,2019-05-16,3,3,0,24,1,0,24,15.000,,0,0.00,0,0,"212 DOTHAN ROAD,ABBEVILLE,AL,36310",31.5548,'-85.253,,2026-07-01
015374,"THE PINE OF CAMDEN, LLC","550 PONDEROSA DRIVE",CAMDEN,AL,36726,3346824231,650,Wilcox,N,"For profit - Corporation",95,57.0,,"Medicare and Medicaid",N,"THE PINES OF CAMDEN LLC",1980-10-24,,,,,,,,N,,N,Y,N,Resident,Yes,5,,5,,2,,2,,,2,5,,,,2.85150,1.21641,0.61563,1.83204,4.68353,4.06845,0.26742,0.00688,19.4,,16.7,,0,,1.23358,0.87373,2.02480,0.75024,0.59879,3.37383,2.99095,3.24029,1.38227,0.69957,5.32212,4.62317,2021-03-18,0,0,0,0,0,0,0,2019-01-31,1,1,0,4,1,0,4,1.000,,0,0.00,0,0,"550 PONDEROSA DRIVE,CAMDEN,AL,36726",32.02,'-87.28,,2026-07-01
015375,"ANNISTON HEALTH AND REHAB SERVICES","600 E 8TH STREET",ANNISTON,AL,36207,2562364949,070,Calhoun,Y,"Non profit - Other",85,78.4,,"Medicare and Medicaid",N,"ANNISTON HEALTH AND REHAB SERVICES, LLC",1981-01-20,"NOLAND HEALTH",374,10,2.7,2.5,4.1,3.0,N,,N,Y,N,Resident,Yes,4,,3,,3,,2,,3,,5,,,,2.71480,0.48513,1.02536,1.51048,4.22528,3.61897,0.45202,0.04526,37.4,,16.7,,0,,1.24196,0.87967,2.03855,0.75534,0.60285,3.39674,3.01126,3.06414,0.54755,1.15730,4.76900,4.08467,2021-12-02,2,2,0,20,1,0,20,2019-06-27,2,2,0,20,1,0,20,20.000,,0,0.00,0,0,"600 E 8TH STREET,ANNISTON,AL,36207",33.6549,'-85.822,,2026-07-01
015376,"DIVERSICARE OF WINFIELD","144 COUNTY HWY 14",WINFIELD,AL,35594,2054874211,460,Marion,N,"For profit - Corporation",123,103.1,,"Medicare and Medicaid",N,"DIVERSICARE OF WINFIELD LLC",1981-04-08,"DIVERSICARE HEALTHCARE",185,46,2.5,2.4,2.9,3.5,N,,N,Y,N,Resident,Yes,4,,4,,3,,3,,3,,4,,,,1.82319,0.24658,0.99778,1.24435,3.06755,2.69329,0.64605,0.01385,41.8,,15.0,,0,,1.22070,0.86461,2.00365,0.74241,0.59253,3.33859,2.95972,2.09364,0.28315,1.14579,3.52258,3.09281,2021-06-03,2,2,0,8,1,0,8,2020-02-06,1,1,0,4,1,0,4,7.000,,0,0.00,0,0,"144 COUNTY HWY 14,WINFIELD,AL,35594",33.9377,'-87.822,,2026-07-01
015378,"MARSHALL MANOR NURSING HOME","3120 NORTH STREET",GUNTERSVILLE,AL,35976,2565826561,470,Marshall,N,"For profit - Corporation",91,87.7,,"Medicare and Medicaid",N,"PREFERRED HEALTH HOLDINGS LLC",1982-02-25,"PRESTON HEALTH SERVICES",702,5,3.2,3.2,3.2,2.8,N,,N,Y,N,Resident,Yes,3,,3,,2,,3,,2,,3,,,,2.72188,1.01976,0.53958,1.55934,4.28122,3.25513,0.21015,0.01745,57.8,,58.3,,0,,1.24721,0.88338,2.04716,0.75853,0.60540,3.41109,3.02399,3.05921,1.14614,0.60645,4.81181,3.65855,2023-06-23,2,2,0,20,1,0,20,2019-08-22,0,0,0,0,0,0,0,15.000,,0,0.00,0,0,"3120 NORTH STREET,GUNTERSVILLE,AL,35976",34.3163,'-86.312,,2026-07-01
015379,"MOBILE NURSING AND REHABILITATION CENTER","7020 BRUNS DRIVE",MOBILE,AL,36695,2516391588,480,Mobile,Y,"For profit - Limited Liability company",120,112.2,,"Medicare and Medicaid",N,"Legal Business Name Not Available",1982-07-19,"NORBERT BENNETT & DONALD DENZ",771,25,1.6,1.9,2.2,2.3,N,,N,N,N,Resident,Yes,2,,2,,4,,4,,3,,2,,,,1.88329,0.89207,0.34700,1.23907,3.12236,2.50456,0.13514,0.07337,62.8,,25.0,,0,,1.18162,0.83693,1.93950,0.71864,0.57356,3.23170,2.86495,2.23419,1.05828,0.41166,3.70413,2.97121,2025-06-27,10,10,4,56,1,0,56,2019-08-22,1,1,0,4,1,0,4,43.000,0,1,8788.00,0,1,"7020 BRUNS DRIVE,MOBILE,AL,36695",30.6476,'-88.237,22,2026-07-01
015381,"WILLOWBROOKE CT SKILLED CARE CTR WESTMINSTER VLG","500 SPANISH FORT BLVD","SPANISH FORT",AL,36527,2516267007,010,Baldwin,Y,"Non profit - Corporation",60,9.8,,"Medicare and Medicaid",N,"ACTS RETIREMENT-LIFE COMMUNITIES INC",1983-07-07,"ACTS RETIREMENT-LIFE COMMUNITIES",9,27,4.7,4.4,4.9,4.4,Y,,N,Y,N,Resident,Yes,4,,3,,4,,,2,4,,5,,,,2.64113,0.45481,1.39511,1.84992,4.49105,4.29209,1.37352,0.55052,,27,,27,,27,1.20065,0.85041,1.97075,0.73022,0.58280,3.28376,2.91111,3.08355,0.53099,1.62881,5.24336,5.01108,2021-04-08,1,1,0,16,1,0,16,2019-02-14,1,1,0,16,1,0,16,16.000,,0,0.00,0,0,"500 SPANISH FORT BLVD,SPANISH FORT,AL,36527",30.6669,'-87.917,,2026-07-01
015382,"CANTERBURY HEALTH CARE FACILITY","1720 KNOWLES ROAD","PHENIX CITY",AL,36869,3342910485,560,Russell,Y,"For profit - Corporation",137,129.6,,"Medicare and Medicaid",N,"CANTERBURY AOP SNF OPERATIONS LLC",1983-06-28,"VENZA CARE MANAGEMENT",614,22,2.4,2.5,3.0,2.6,N,,N,Y,N,Resident,Yes,2,,2,,2,,4,,1,,3,,,,2.82366,0.86669,0.38351,1.25019,4.07386,3.49470,0.23962,0.09194,54.2,,50.0,,1,,1.27731,0.90471,2.09658,0.77684,0.62001,3.49343,3.09699,3.09880,0.95114,0.42088,4.47082,3.83523,2023-06-02,6,6,0,24,2,12,36,2021-04-23,6,5,1,72,1,0,72,45.000,,0,0.00,0,0,"1720 KNOWLES ROAD,PHENIX CITY,AL,36869",32.4478,'-85.019,,2026-07-01
015383,"WOODLAND VILLAGE REHABILITATION AND HEALTHCARE CEN","1900 OLIVE STREET SW",CULLMAN,AL,35056,2567391430,210,Cullman,N,"For profit - Corporation",149,142.7,,"Medicare and Medicaid",N,"WOODLAND SNF OPERATIONS LLC",1983-08-09,"VENZA CARE MANAGEMENT",614,22,2.4,2.5,3.0,2.6,N,,N,Y,N,Both,Yes,4,,4,,2,,3,,2,,4,,,,2.67834,0.91270,0.50831,1.42101,4.09935,3.45705,0.27019,0.05716,38.2,,21.7,,0,,1.30867,0.92692,2.14804,0.79591,0.63523,3.57918,3.17300,2.86890,0.97764,0.54448,4.39102,3.70301,2021-05-06,1,1,0,4,1,0,4,2019-06-26,1,1,0,16,1,0,16,7.000,,0,0.00,0,0,"1900 OLIVE STREET SW,CULLMAN,AL,35056",34.1517,'-86.846,,2026-07-01
015386,"ADAMS REHABILITATION AND HEALTHCARE CENTER","1555 HILLABEE STREET","ALEXANDER CITY",AL,35010,2563290847,610,Tallapoosa,N,"For profit - Limited Liability company",88,70.9,,"Medicare and Medicaid",N,"ADAMS SNF OPERATIONS LLC",1984-02-27,"VENZA CARE MANAGEMENT",614,22,2.4,2.5,3.0,2.6,N,,N,Y,N,Resident,Yes,5,,5,,2,,3,,1,,4,,,,2.62666,0.71243,0.79046,1.50289,4.12956,3.59474,0.34978,0.14201,48.1,,16.7,,0,,1.28888,0.91290,2.11556,0.78387,0.62563,3.52505,3.12502,2.85675,0.77484,0.85970,4.49129,3.90963,2021-06-03,1,1,0,4,1,0,4,2019-02-28,0,0,0,0,0,0,0,3.000,,0,0.00,0,0,"1555 HILLABEE STREET,ALEXANDER CITY,AL,35010",32.9431,'-85.94,,2026-07-01
015388,"EAST GLEN","53 MEDICAL PARK DRIVE EAST",BIRMINGHAM,AL,35235,2058331777,360,Jefferson,Y,"For profit - Corporation",108,97.0,,"Medicare and Medicaid",N,"EAST GLEN, LLC",1985-03-29,"NOLAND HEALTH",374,10,2.7,2.5,4.1,3.0,N,,N,Y,N,Resident,Yes,3,,3,,4,,4,,3,,3,,,,2.41796,0.68978,0.55489,1.24467,3.66263,3.00654,0.21662,0.02825,56.9,,47.4,,0,,1.20746,0.85523,1.98192,0.73436,0.58611,3.30239,2.92762,2.80708,0.80079,0.64419,4.25205,3.49038,2023-03-16,3,3,0,12,1,0,12,2019-11-08,4,4,0,52,1,0,52,22.000,,0,0.00,0,0,"53 MEDICAL PARK DRIVE EAST,BIRMINGHAM,AL,35235",33.5917,'-86.668,,2026-07-01
015390,"CAPITOL HILL HEALTHCARE CENTER","520 SOUTH HULL STREET",MONTGOMERY,AL,36104,3348342920,500,Montgomery,Y,"For profit - Corporation",284,220.1,,"Medicare and Medicaid",N,"CAPITOL HILL HEALTHCARE CENTER, INC",1986-06-05,,,,,,,,N,,N,Y,N,Resident,Yes,4,,4,,2,,4,,1,,4,,,,2.36040,1.23878,0.42327,1.66205,4.02245,3.33810,0.15985,0.02678,36.3,,43.5,,1,,1.19291,0.84493,1.95804,0.72551,0.57904,3.26259,2.89234,2.77368,1.45568,0.49737,4.72674,3.92257,2021-04-01,1,1,0,8,1,0,8,2019-02-21,1,1,0,4,1,0,4,7.000,,0,0.00,0,0,"520 SOUTH HULL STREET,MONTGOMERY,AL,36104",32.3716,'-86.304,,2026-07-01
015391,"JACKSONVILLE HEALTH AND REHABILITATION, LLC","410 WILSON DRIVE SOUTHWEST",JACKSONVILLE,AL,36265,2564357704,070,Calhoun,Y,"For profit - Corporation",167,147.9,,"Medicare and Medicaid",N,"JACKSONVILLE HEALTH AND REHABILITATION, LLC",1986-10-23,"NHS MANAGEMENT",372,43,2.9,2.7,3.7,3.5,N,,N,Y,N,Resident,Yes,3,,2,,5,,5,,5,,3,,,,2.90559,0.69568,0.38181,1.07748,3.98308,3.45698,0.11567,0.00993,44.5,,44.4,,0,,1.31541,0.93169,2.15911,0.80001,0.63850,3.59762,3.18935,3.09637,0.74136,0.40688,4.24461,3.68397,2023-09-29,4,4,0,32,1,0,32,2019-09-19,4,4,0,32,1,0,32,32.000,,0,0.00,0,0,"410 WILSON DRIVE SOUTHWEST,JACKSONVILLE,AL,36265",33.8102,'-85.764,,2026-07-01
015392,"CYPRESS COVE CARE CENTER","200 ALABAMA AVENUE","MUSCLE SHOALS",AL,35661,2563814330,160,Colbert,Y,"For profit - Corporation",90,79.3,,"Medicare and Medicaid",N,"SUNBRIDGE HEALTHCARE LLC",1987-02-02,"GENESIS HEALTHCARE",237,185,2.4,2.3,2.5,3.5,N,,N,Y,N,Resident,Yes,5,,5,,3,,3,,3,,4,,,,1.73984,0.51731,1.07009,1.58740,3.32724,2.82667,0.71640,0.02084,38.0,,25.0,,0,,1.29159,0.91482,2.12002,0.78552,0.62694,3.53249,3.13161,1.88826,0.56144,1.16138,3.61108,3.06781,2020-01-09,1,1,0,4,1,0,4,2018-12-13,0,0,0,0,0,0,0,3.000,,0,0.00,0,0,"200 ALABAMA AVENUE,MUSCLE SHOALS,AL,35661",34.743,'-87.638,,2026-07-01
015393,"CROWNE HEALTH CARE OF MONTGOMERY","1837 UPPER WETUMPKA ROAD",MONTGOMERY,AL,36107,3342648416,500,Montgomery,Y,"For profit - Corporation",185,155.6,,"Medicare and Medicaid",N,"CROWNE HEALTH CARE OF MONTGOMERY, LLC",1987-02-12,"CROWNE HEALTH CARE",174,18,4.2,3.8,4.6,2.8,N,,N,Y,N,Resident,Yes,4,,4,,2,,2,,2,,4,,,,2.84154,0.79367,0.69607,1.48974,4.33128,3.41384,0.33148,0.00797,54.1,,35.0,,0,,1.22400,0.86695,2.00907,0.74442,0.59414,3.34763,2.96773,3.25425,0.90894,0.79717,4.96036,3.90967,2023-04-17,0,0,0,0,0,0,0,2021-04-16,4,4,0,44,1,0,44,11.000,0,0,0.00,0,0,"1837 UPPER WETUMPKA ROAD,MONTGOMERY,AL,36107",32.3862,'-86.282,,2026-07-01
015396,"DIVERSICARE OF GREENSBORO","616 ARMORY STREET",GREENSBORO,AL,36744,3346243054,320,Hale,Y,"For profit - Corporation",97,79.5,,"Medicare and Medicaid",N,"DAC OF GREENSBORO LLC",1987-05-22,"DIVERSICARE HEALTHCARE",185,46,2.5,2.4,2.9,3.5,N,,N,Y,N,Resident,Yes,5,,4,,5,,5,,,2,3,,,,1.78956,0.54853,0.50364,1.05217,2.84172,2.29412,0.30261,0.00821,32.1,,12.5,,0,,1.18394,0.83857,1.94332,0.72005,0.57469,3.23806,2.87060,2.11882,0.64945,0.59630,3.36457,2.71622,2024-02-01,3,3,0,12,1,0,12,2019-12-12,2,2,0,8,1,0,8,11.000,,0,0.00,0,0,"616 ARMORY STREET,GREENSBORO,AL,36744",32.6999,'-87.585,,2026-07-01
015397,"WINDSOR HOUSE","4411 MCALLISTER DRIVE",HUNTSVILLE,AL,35805,2568378585,440,Madison,Y,"For profit - Corporation",117,100.3,,"Medicare and Medicaid",N,"DIVERSICARE WINDSOR HOUSE, LLC",1987-10-16,"DIVERSICARE HEALTHCARE",185,46,2.5,2.4,2.9,3.5,N,,N,Y,N,Resident,Yes,1,,1,,3,,5,,1,,2,,,,1.74724,0.52819,0.56837,1.09656,2.84380,2.45593,0.38036,0.00985,56.8,,72.2,,1,,1.19189,0.84420,1.95636,0.72489,0.57855,3.25980,2.88987,2.05493,0.62120,0.66846,3.34459,2.88841,2021-05-29,11,11,0,92,1,0,92,2019-03-07,10,1,9,186,1,0,186,115.500,4,1,266231.00,0,1,"4411 MCALLISTER DRIVE,HUNTSVILLE,AL,35805",34.7174,'-86.629,,2026-07-01
015398,"MONROE MANOR HEALTH & REHABILITATION CENTER","236 WEST CLAIBORNE STREET",MONROEVILLE,AL,36460,2515752648,490,Monroe,N,"For profit - Corporation",84,67.9,,"Medicare and Medicaid",N,"MONROE MANOR NURSING HOME LLC",1988-01-07,"BALL HEALTHCARE SERVICES",66,9,2.7,2.8,3.2,3.0,N,,N,N,N,Both,Yes,1,,1,,3,,2,,3,,4,,,,2.17672,1.05512,0.71754,1.77265,3.94937,3.35765,0.36870,0.00475,19.0,,21.4,,,26,1.23400,0.87403,2.02548,0.75050,0.59899,3.37496,2.99196,2.47267,1.19857,0.81510,4.48635,3.81417,2026-04-13,12,12,2,68,2,34,102,2019-12-05,1,1,0,4,1,0,4,77.500,,0,0.00,0,0,"236 WEST CLAIBORNE STREET,MONROEVILLE,AL,36460",31.5265,'-87.328,,2026-07-01
015400,"MEADOWVIEW NURSING CENTER","7300 OLD HIGHWAY 78 EAST","PELL CITY",AL,35128,2056405212,570,"St. Clair",Y,"For profit - Corporation",59,56.2,,"Medicare and Medicaid",N,"ST. CLAIR HEALTH & REHAB, INC.",1988-02-11,"TRINITY MANAGEMENT, INC.",527,5,4.0,3.4,4.6,3.2,N,,N,Y,N,Resident,Yes,4,,4,,2,,3,,1,,4,,,,2.48804,0.86966,0.66943,1.53909,4.02713,3.58122,0.43036,0.00477,46.6,,50.0,,,26,1.24263,0.88014,2.03965,0.75575,0.60318,3.39857,3.01289,2.80669,0.98104,0.75517,4.54290,4.03989,2023-06-21,1,1,0,4,1,0,4,2021-04-15,4,4,0,28,1,0,28,10.000,,0,0.00,0,0,"7300 OLD HIGHWAY 78 EAST,PELL CITY,AL,35128",33.5863,'-86.286,22,2026-07-01
015402,"EL REPOSO NURSING FACILITY","260 MILNER CHAPEL ROAD",FLORENCE,AL,35634,2567572143,380,Lauderdale,Y,"For profit - Corporation",60,59.7,,"Medicare and Medicaid",N,"EL REPOSO NURSING FACILITY",1989-03-16,,,,,,,,N,,N,N,N,Resident,Yes,3,,3,,4,,4,,,2,4,,,,3.39427,0.93247,0.45012,1.38259,4.77686,3.96578,0.20336,0.00000,42.4,,14.3,,0,,1.24445,0.88143,2.04263,0.75685,0.60406,3.40354,3.01730,3.82339,1.05036,0.50702,5.38077,4.46716,2024-07-03,1,1,1,16,1,0,16,2019-08-01,0,0,0,0,0,0,0,12.000,,0,0.00,0,0,"260 MILNER CHAPEL ROAD,FLORENCE,AL,35634",34.7997,'-87.676,22,2026-07-01
015403,"PALM GARDENS HEALTH AND REHABILITATION, LLC","3104 DAUPHIN SQUARE CONNECTOR",MOBILE,AL,36607,2514502800,480,Mobile,Y,"For profit - Corporation",100,89.8,,"Medicare and Medicaid",N,"PALM GARDENS HEALTH AND REHABILITATION LLC",1989-10-04,"NHS MANAGEMENT",372,43,2.9,2.7,3.7,3.5,N,,N,Y,N,Resident,Yes,5,,5,,4,,4,,3,,4,,,,2.22332,0.45571,1.16550,1.62122,3.84454,3.28989,0.85953,0.06339,68.4,,47.6,,1,,1.26142,0.89345,2.07048,0.76717,0.61230,3.44995,3.05844,2.47071,0.50642,1.29519,4.27233,3.65596,2021-07-16,0,0,0,0,0,0,0,2019-11-14,0,0,0,0,0,0,0,0.000,,0,0.00,0,0,"3104 DAUPHIN SQUARE CONNECTOR,MOBILE,AL,36607",30.698,'-88.102,22,2026-07-01
015404,"BARON HOUSE OF HUEYTOWN","190 BROOKLANE DRIVE",HUEYTOWN,AL,35023,2054912905,360,Jefferson,Y,"For profit - Limited Liability company",50,35.1,,"Medicare and Medicaid",N,"DIVERSICARE OF HUEYTOWN LLC",1989-12-08,"DIVERSICARE HEALTHCARE",185,46,2.5,2.4,2.9,3.5,N,,N,Y,N,Resident,Yes,4,,4,,2,,2,,,2,3,,,,1.98924,0.34388,0.69637,1.04026,3.02949,2.67876,0.37176,0.02296,45.5,,57.1,,1,,1.26233,0.89410,2.07198,0.76773,0.61274,3.45245,3.06066,2.20898,0.38187,0.77330,3.36416,2.97467,2024-03-13,3,3,0,8,1,0,8,2019-10-24,2,2,0,8,1,0,8,8.000,,0,0.00,0,0,"190 BROOKLANE DRIVE,HUEYTOWN,AL,35023",33.4464,'-86.979,,2026-07-01
015406,"Greenway Health and Rehabilitation Center, LLC","13750 HIGHWAY 90 WEST","GRAND BAY",AL,36541,2518656443,480,Mobile,Y,"For profit - Corporation",92,71.1,,"Medicare and Medicaid",N,"ARABELLA HEALTH & WELLNESS OF GRAND BAY OPCO LLC",1993-06-29,"ARABELLA HEALTHCARE MANAGEMENT",633,13,2.7,2.6,2.9,3.2,N,,N,Y,N,Resident,Yes,1,,1,,4,,5,,3,,3,,,,1.97688,0.98354,0.67882,1.66236,3.63924,3.17059,0.27710,0.06578,72.1,,86.7,,2,,1.20563,0.85394,1.97892,0.73324,0.58522,3.29738,2.92318,2.29851,1.14355,0.78926,4.23132,3.68641,2023-08-17,1,1,0,100,1,0,100,2022-07-13,17,3,14,675,1,0,675,243.750,,8,78421.00,2,10,"13750 HIGHWAY 90 WEST,GRAND BAY,AL,36541",30.4906,'-88.331,22,2026-07-01
015407,"HEALTH CARE INC","38286 US HIGHWAY 231",ASHVILLE,AL,35953,2055945148,570,"St. Clair",Y,"For profit - Individual",53,48.2,,"Medicare and Medicaid",N,"HEALTH CARE, INC.",1990-08-22,,,,,,,,N,,N,Y,N,Both,Yes,3,,3,,2,,2,,,2,2,,,,2.15970,0.80350,0.30748,1.11098,3.27067,2.53149,0.27998,0.00000,78.3,,100.0,,1,,0.99082,0.70179,1.62632,0.60260,0.48095,2.70987,2.40234,3.05547,1.13677,0.43501,4.62725,3.58148,2022-08-24,3,3,0,24,1,0,24,2021-08-12,0,0,0,0,0,0,0,18.000,,0,0.00,0,0,"38286 US HIGHWAY 231,ASHVILLE,AL,35953",33.875,'-86.299,,2026-07-01
015408,"WALKER REHABILITATION CENTER, INC","350 NORTHEAST 4TH STREET","CARBON HILL",AL,35549,2059244404,630,Walker,Y,"For profit - Corporation",59,46.6,,"Medicare and Medicaid",N,"WALKER REHABILITATION CENTER, INC",1990-10-04,,,,,,,,N,"SFF Candidate",Y,N,N,Resident,Yes,1,,1,,1,,1,,1,,3,,,,2.29139,0.84445,0.57146,1.41591,3.70730,2.90971,0.22893,0.00488,68.8,,100.0,,0,,1.23062,0.87164,2.01994,0.74844,0.59735,3.36573,2.98378,2.61008,0.96190,0.65094,4.22292,3.31440,2024-11-30,10,10,9,924,1,0,924,2020-02-06,3,2,1,12,1,0,12,696.000,,1,235127.00,0,1,"350 NORTHEAST 4TH STREET,CARBON HILL,AL,35549",33.8892,'-87.522,,2026-07-01
015411,"SHELBY RIDGE NURSING HOME","881 3RD STREET NORTHEAST",ALABASTER,AL,35007,2056208500,580,Shelby,Y,"For profit - Corporation",131,126.8,,"Medicare and Medicaid",N,"SHELBY RIDGE ACQUISITION CORPORATION",1991-01-10,"REHAB SELECT",444,5,3.6,3.2,3.8,3.2,N,,N,Y,N,Resident,Yes,3,,3,,2,,3,,1,,3,,,,3.04956,1.42202,0.35217,1.77419,4.82375,4.22471,0.16589,0.09767,62.4,,62.5,,0,,1.25047,0.88569,2.05251,0.76051,0.60698,3.42001,3.03190,3.41856,1.59409,0.39478,5.40743,4.73591,2022-06-16,3,3,0,24,1,0,24,2019-12-12,3,3,0,12,1,0,12,21.000,,0,0.00,0,0,"881 3RD STREET NORTHEAST,ALABASTER,AL,35007",33.2541,'-86.81,,2026-07-01
015413,"LIGHTHOUSE REHABILITATION & HEALTHCARE CENTER","2911 EARL GOODWIN PARKWAY",SELMA,AL,36703,3348751868,230,Dallas,N,"For profit - Corporation",68,56.6,,"Medicare and Medicaid",N,"BALL HEALTHCARE DALLAS LLC",1991-01-10,"BALL HEALTHCARE SERVICES",66,9,2.7,2.8,3.2,3.0,N,,Y,Y,N,Both,Yes,2,,2,,3,,3,,,2,4,,,,2.51615,1.23616,0.53721,1.77337,4.28952,3.44174,0.25710,0.01185,29.7,,28.6,,0,,1.32610,0.93926,2.17665,0.80651,0.64369,3.62686,3.21527,2.65974,1.30671,0.56787,4.53432,3.63816,2020-01-24,4,4,0,48,1,0,48,2019-02-28,3,3,0,24,1,0,24,42.000,,0,0.00,0,0,"2911 EARL GOODWIN PARKWAY,SELMA,AL,36703",32.4432,'-87.015,,2026-07-01
015414,"LAFAYETTE NURSING HOME","555 B STREET SW",LAFAYETTE,AL,36862,3348649371,080,Chambers,N,"For profit - Individual",63,50.3,,"Medicare and Medicaid",N,"LAFAYETTE NURSING HOME LLC",1991-01-10,,,,,,,,N,,N,Y,N,Both,Yes,2,,4,,1,,1,,,2,1,,,,1.75151,1.00039,0.43910,1.43949,3.19100,2.46752,0.22364,0.00547,,26,,26,,26,1.15066,0.81500,1.88869,0.69981,0.55853,3.14703,2.78989,2.13376,1.21872,0.53493,3.88740,3.00603,2022-09-21,1,1,0,8,1,0,8,2020-03-12,2,2,0,12,1,0,12,9.000,,0,0.00,0,0,"555 B STREET SW,LAFAYETTE,AL,36862",32.894,'-85.402,,2026-07-01
015416,"ANDALUSIA MANOR","670 MOORE RD",ANDALUSIA,AL,36420,3342224544,190,Covington,N,"For profit - Limited Liability company",154,93.2,,"Medicare and Medicaid",N,"ANDALUSIA MANOR LLC",1991-04-17,,,,,,,,N,,N,Y,N,Resident,Yes,4,,3,,3,,2,,4,,5,,,,2.65366,1.10033,0.74514,1.84548,4.49914,3.65759,0.30105,0.00754,37.8,,25.0,,0,,1.14890,0.81375,1.88580,0.69874,0.55768,3.14222,2.78563,3.23774,1.34252,0.90915,5.48942,4.46265,2024-01-04,2,2,0,20,1,0,20,2019-10-17,2,2,0,20,1,0,20,20.000,,0,0.00,0,0,"670 MOORE RD,ANDALUSIA,AL,36420",31.2815,'-86.498,,2026-07-01
015417,"CROWNE HEALTHCARE OF NORTH BALDWIN","2010 MEDICAL CENTER DRIVE","BAY MINETTE",AL,36507,2519373501,010,Baldwin,Y,"Non profit - Corporation",75,71.2,,"Medicare and Medicaid",N,"CROWNE HEALTH CARE OF NORTH BALDWIN LLC",1991-06-12,"CROWNE HEALTH CARE",174,18,4.2,3.8,4.6,2.8,N,,N,Y,N,Resident,Yes,3,,2,,3,,4,,2,,5,,,,2.34977,0.87311,0.84771,1.72081,4.07059,3.21420,0.39405,0.03844,35.6,,15.4,,0,,1.17274,0.83064,1.92493,0.71324,0.56925,3.20742,2.84343,2.80869,1.04363,1.01327,4.86559,3.84195,2021-11-18,6,6,0,36,1,0,36,2019-04-04,2,2,0,20,1,0,20,32.000,,0,0.00,0,0,"2010 MEDICAL CENTER DRIVE,BAY MINETTE,AL,36507",30.8746,'-87.776,22,2026-07-01
015419,"HARTFORD HEALTH CARE","217 TORO ROAD",HARTFORD,AL,36344,3345883842,300,Geneva,Y,"For profit - Corporation",86,78.6,,"Medicare and Medicaid",N,"DIVERSICARE HARTFORD, LLC",1992-02-26,"DIVERSICARE HEALTHCARE",185,46,2.5,2.4,2.9,3.5,N,,N,Y,N,Resident,Yes,4,,4,,4,,4,,4,,4,,,,1.96300,0.70742,0.61370,1.32112,3.28412,2.82153,0.35013,0.01924,47.9,,33.3,,1,,1.16611,0.82595,1.91406,0.70921,0.56604,3.18930,2.82737,2.35971,0.85038,0.73772,3.94781,3.39174,2023-12-14,5,5,0,12,1,0,12,2022-06-17,0,0,0,0,0,0,0,9.000,,0,0.00,0,0,"217 TORO ROAD,HARTFORD,AL,36344",31.1007,'-85.678,,2026-07-01
015420,"CUMBERLAND HEALTH AND REHAB","47065 AL HIGHWAY 277",BRIDGEPORT,AL,35740,2564377260,350,Jackson,N,"Non profit - Corporation",100,85.1,,"Medicare and Medicaid",N,"HH HEALTH SYSTEM - JACKSON LLC",1992-05-12,"HUNTSVILLE HOSPITAL HEALTH SYSTEM",610,3,3.3,2.7,3.7,4.3,N,"SFF Candidate",Y,Y,N,Resident,Yes,2,,1,,5,,3,,5,,5,,,,2.36714,0.58230,0.81750,1.39980,3.76694,3.29738,0.47832,0.05003,35.6,,50.0,,0,,1.13454,0.80358,1.86223,0.69001,0.55071,3.10295,2.75082,2.92471,0.71946,1.01006,4.65422,4.07407,2024-06-03,12,12,11,636,1,0,636,2019-08-29,3,3,0,24,1,0,24,483.000,,1,238745.00,0,1,"47065 AL HIGHWAY 277,BRIDGEPORT,AL,35740",34.9459,'-85.72,22,2026-07-01
015422,"TLC NURSING CENTER","212 ELLEN STREET",ONEONTA,AL,35121,2056253520,040,Blount,Y,"For profit - Limited Liability company",103,91.0,,"Medicare and Medicaid",N,"DHS OF BLOUNT COUNTY, LLC",1993-02-04,"TRINITY MANAGEMENT, INC.",527,5,4.0,3.4,4.6,3.2,N,,N,N,N,Resident,Yes,4,,3,,4,,5,,2,,5,,,,2.36726,0.74170,0.68471,1.42641,3.79367,3.45453,0.26301,0.00671,23.1,,15.4,,0,,1.22892,0.87043,2.01714,0.74741,0.59652,3.36107,2.97964,2.70024,0.84603,0.78102,4.32729,3.94045,2026-04-02,5,5,2,20,1,0,20,2019-10-24,0,0,0,0,0,0,0,15.000,,0,0.00,0,0,"212 ELLEN STREET,ONEONTA,AL,35121",33.9642,'-86.456,,2026-07-01
015423,"BROOKDALE UNIVERSITY PARK SNF (AL)","501 UNIVERSITY PARK DRIVE",BIRMINGHAM,AL,35209,2058700786,360,Jefferson,Y,"For profit - Corporation",66,62.7,,Medicare,N,"BKD ALABAMA SNF LLC",2002-09-04,"BROOKDALE SENIOR LIVING",93,14,3.4,2.9,3.9,4.1,Y,,N,Y,N,Resident,Yes,1,,1,,4,,4,,4,,4,,,,2.13572,1.02241,0.73702,1.75943,3.89516,3.60576,0.78233,0.15055,44.6,,26.7,,0,,1.36692,0.96817,2.24365,0.83134,0.66351,3.73850,3.31424,2.19019,1.04849,0.75582,3.99449,3.69771,2024-06-27,8,8,6,60,1,0,60,2019-12-05,3,3,0,28,1,0,28,52.000,,0,0.00,0,0,"501 UNIVERSITY PARK DRIVE,BIRMINGHAM,AL,35209",33.4583,'-86.797,,2026-07-01
015424,"ROANOKE REHABILITATION & HEALTHCARE CENTER","680 SEYMOUR DRIVE",ROANOKE,AL,36274,3348636151,550,Randolph,N,"For profit - Corporation",65,56.5,,"Medicare and Medicaid",N,"ROANOKE HEALTHCARE CENTER LLC",1993-07-12,"BALL HEALTHCARE SERVICES",66,9,2.7,2.8,3.2,3.0,N,,N,Y,N,Both,Yes,2,,2,,4,,4,,,2,3,,,,2.15709,0.76554,0.57515,1.34069,3.49778,2.69651,0.26394,0.00527,18.9,,37.5,,2,,1.22846,0.87011,2.01639,0.74713,0.59630,3.35982,2.97853,2.46143,0.87355,0.65630,3.99127,3.07694,2023-09-20,3,3,1,24,1,0,24,2022-03-03,4,4,0,40,1,0,40,28.000,,0,0.00,0,0,"680 SEYMOUR DRIVE,ROANOKE,AL,36274",33.1417,'-85.384,,2026-07-01
015425,"WESTSIDE TERRACE HEALTH & REHABILITATION CENTER","501 NORTH WOODBURN DRIVE",DOTHAN,AL,36303,3347941000,340,Houston,Y,"For profit - Corporation",165,156.6,,"Medicare and Medicaid",N,"WESTSIDE TERRACE, LLC",1993-09-22,,,,,,,,N,,N,Y,N,Both,Yes,4,,4,,4,,3,,5,,4,,,,2.69843,1.19386,0.43518,1.62903,4.32746,3.49400,0.22061,0.04312,35.3,,11.1,,0,,1.21692,0.86193,1.99744,0.74011,0.59070,3.32824,2.95054,3.10835,1.37521,0.50128,4.98485,4.02477,2022-07-29,1,1,0,4,1,0,4,2019-08-15,1,1,0,8,1,0,8,5.000,,0,0.00,0,0,"501 NORTH WOODBURN DRIVE,DOTHAN,AL,36303",31.241,'-85.455,,2026-07-01
015426,"CROWNE HEALTH CARE OF SPRINGHILL","3712 DAUPHIN ST",MOBILE,AL,36608,2513043013,480,Mobile,Y,"For profit - Corporation",46,43.1,,Medicare,N,"CROWNE HEALTH CARE OF SPRINGHILL, LLC",1994-02-02,"CROWNE HEALTH CARE",174,18,4.2,3.8,4.6,2.8,N,,N,Y,N,None,Yes,5,,4,,3,,3,,4,,5,,,,2.46944,0.94375,1.25213,2.19588,4.66531,3.78671,0.64687,0.11656,41.4,,18.2,,0,,1.39114,0.98533,2.28341,0.84607,0.67527,3.80475,3.37297,2.48832,0.95097,1.26170,4.70098,3.81566,2020-01-15,0,0,0,0,0,0,0,2018-11-08,2,1,1,20,1,0,20,5.000,1,0,0.00,0,0,"3712 DAUPHIN ST,MOBILE,AL,36608",30.6857,'-88.133,,2026-07-01
015429,"KENSINGTON HEALTH AND REHABILITATION","550 CONGRESS STREET",MOBILE,AL,36603,2514335471,480,Mobile,Y,"For profit - Partnership",120,110.4,,"Medicare and Medicaid",N,"CONGRESS STREET PARTNERS LP",1995-01-25,"WELLINGTON HEALTH CARE SERVICES",559,14,1.9,2.0,2.1,2.2,N,,N,Y,N,Resident,Yes,5,,5,,3,,3,,3,,4,,,,1.99851,0.77948,0.86229,1.64178,3.64028,3.05396,0.61542,0.08718,36.9,,28.6,,0,,1.26184,0.89375,2.07118,0.76743,0.61250,3.45111,3.05946,2.22014,0.86593,0.95792,4.04399,3.39265,2023-07-21,0,0,0,0,0,0,0,2022-02-18,2,2,0,8,1,0,8,2.000,,1,4558.00,0,1,"550 CONGRESS STREET,MOBILE,AL,36603",30.6947,'-88.051,,2026-07-01
015431,"VALLEY VIEW HEALTH AND REHABILITATION, LLC","5968 WALL TRIANA HIGHWAY",MADISON,AL,35757,2568302316,440,Madison,Y,"For profit - Corporation",155,147.0,,"Medicare and Medicaid",N,"VALLEY VIEW HEALTH AND REHABILITATION, LLC",1996-03-19,"NHS MANAGEMENT",372,43,2.9,2.7,3.7,3.5,N,,N,Y,N,Resident,Yes,4,,3,,5,,5,,3,,3,,,,2.85359,0.84720,0.71649,1.56369,4.41728,3.86687,0.43270,0.03628,70.8,,75.0,,,26,1.25373,0.88801,2.05787,0.76250,0.60857,3.42894,3.03981,3.19055,0.94724,0.80109,4.93889,4.32348,2022-04-22,5,5,0,24,1,0,24,2019-08-22,2,2,0,8,1,0,8,20.000,,0,0.00,0,0,"5968 WALL TRIANA HIGHWAY,MADISON,AL,35757",34.7556,'-86.75,,2026-07-01
015433,"ST MARTIN'S IN THE PINES","4941 MONTEVALLO ROAD",IRONDALE,AL,35210,2059561831,360,Jefferson,Y,"Non profit - Church related",128,97.8,,"Medicare and Medicaid",N,"PINES BIRMINGHAM OPCO LLC",1997-07-09,"DIVERSICARE HEALTHCARE",185,46,2.5,2.4,2.9,3.5,Y,,N,Y,N,Resident,Yes,1,,1,,2,,3,,1,,3,,,,2.72356,0.55970,0.71591,1.27561,3.99917,3.68058,0.60085,0.05421,58.2,,67.7,,2,,1.35836,0.96211,2.22961,0.82613,0.65935,3.71510,3.29350,2.81061,0.57758,0.73879,4.12699,3.79822,2019-10-03,5,2,3,145,1,0,145,2018-09-26,2,2,0,8,1,0,8,110.750,,0,0.00,1,1,"4941 MONTEVALLO ROAD,IRONDALE,AL,35210",33.5268,'-86.718,,2026-07-01
015434,"LYNWOOD REHABILITATION AND HEALTHCARE CENTER","4164 HALLS MILL ROAD",MOBILE,AL,36693,2516615404,480,Mobile,Y,"For profit - Limited Liability company",127,115.2,,"Medicare and Medicaid",N,"LYNWOOD SNF OPERATIONS LLC",1997-10-08,"VENZA CARE MANAGEMENT",614,22,2.4,2.5,3.0,2.6,N,,N,N,N,Resident,Yes,2,,2,,2,,3,,2,,4,,,,2.32103,0.78965,0.85789,1.64754,3.96857,3.16456,0.49675,0.04906,50.3,,45.2,,0,,1.19858,0.84894,1.96734,0.72895,0.58179,3.27809,2.90608,2.71453,0.92353,1.00333,4.64138,3.70106,2024-10-16,7,7,4,36,1,0,36,2022-02-11,4,4,0,24,1,0,24,33.000,,0,0.00,0,0,"4164 HALLS MILL ROAD,MOBILE,AL,36693",30.6261,'-88.137,,2026-07-01
015435,"SPRINGHILL SENIOR RESIDENCE","3717 DAUPHIN STREET",MOBILE,AL,36608,2513430909,480,Mobile,Y,"For profit - Corporation",151,80.7,,"Medicare and Medicaid",N,"SPRINGHILL NURSING HOMES INC",1997-11-06,,,,,,,,N,,N,Y,N,Both,Yes,4,,4,,4,,4,,3,,4,,,,2.08643,0.98703,0.82128,1.80831,3.89474,3.29303,0.41538,0.03664,48.4,,21.4,,0,,1.34718,0.95419,2.21125,0.81933,0.65392,3.68450,3.26637,2.17099,1.02703,0.85457,4.05259,3.42650,2020-01-30,0,0,0,0,0,0,0,2018-11-08,4,4,0,28,1,0,28,7.000,,0,0.00,0,0,"3717 DAUPHIN STREET,MOBILE,AL,36608",30.6855,'-88.136,,2026-07-01
015436,"HILLVIEW TERRACE","100 PERRY HILL RD",MONTGOMERY,AL,36109,3342720171,500,Montgomery,Y,"For profit - Corporation",143,138.7,,"Medicare and Medicaid",N,"HILLVIEW ACQUISITION CORPORATION",1998-05-20,"REHAB SELECT",444,5,3.6,3.2,3.8,3.2,N,,N,Y,N,Both,Yes,2,,2,,2,,4,,1,,4,,,,2.94560,1.16886,0.41471,1.58356,4.52916,3.81484,0.29937,0.03556,44.4,,50.0,,0,,1.20749,0.85525,1.98197,0.73438,0.58612,3.30247,2.92769,3.41955,1.35693,0.48143,5.25791,4.42865,2020-03-05,3,3,0,28,1,0,28,2018-12-20,3,3,0,12,1,0,12,24.000,0,0,0.00,0,0,"100 PERRY HILL RD,MONTGOMERY,AL,36109",32.3805,'-86.247,,2026-07-01
015437,"FOLSOM REHABILITATION AND HEALTHCARE CENTER","401 ARNOLD STREET N.E.",CULLMAN,AL,35055,2567394409,210,Cullman,N,"For profit - Corporation",102,93.6,,"Medicare and Medicaid",N,"FOLSOM SNF OPERATIONS LLC",1998-06-18,"VENZA CARE MANAGEMENT",614,22,2.4,2.5,3.0,2.6,N,,N,Y,N,Both,Yes,4,,4,,4,,4,,3,,4,,,,2.73695,0.61792,0.72030,1.33823,4.07518,3.49278,0.48442,0.03073,50.4,,23.1,,0,,1.34340,0.95152,2.20505,0.81703,0.65209,3.67417,3.25722,2.85588,0.64478,0.75161,4.25226,3.64456,2019-09-26,2,2,0,8,1,0,8,2018-08-23,4,4,0,16,1,0,16,10.000,,0,0.00,0,0,"401 ARNOLD STREET N.E.,CULLMAN,AL,35055",34.174,'-86.844,22,2026-07-01
015440,"HUNTSVILLE HEALTH & REHABILITATION, LLC","4010 CHRIS DRIVE",HUNTSVILLE,AL,35802,2568838656,440,Madison,Y,"For profit - Corporation",105,100.3,,"Medicare and Medicaid",N,"HUNTSVILLE HEALTH AND REHABILITATION, LLC",1999-11-18,"NHS MANAGEMENT",372,43,2.9,2.7,3.7,3.5,N,,N,N,N,Resident,Yes,1,,1,,2,,5,,1,,3,,,,2.72187,0.66171,0.53682,1.19853,3.92040,3.15755,0.26377,0.04483,63.0,,65.0,,1,,1.11492,0.78968,1.83002,0.67807,0.54118,3.04927,2.70323,3.42220,0.83196,0.67495,4.92910,3.96997,2026-05-21,16,16,13,392,0,0,392,2022-01-14,2,2,0,20,1,0,20,299.000,,0,0.00,0,0,"4010 CHRIS DRIVE,HUNTSVILLE,AL,35802",34.679,'-86.578,,2026-07-01
015442,"ORCHARD REHABILITATION & HEALTHCARE CENTER","629 STATE HIGHWAY 21 SOUTH",HAYNEVILLE,AL,36040,3345485995,420,Lowndes,Y,"For profit - Corporation",72,59.9,,"Medicare and Medicaid",N,"BALL HEALTHCARE - LOWNDES, INC",2000-09-20,"BALL HEALTHCARE SERVICES",66,9,2.7,2.8,3.2,3.0,N,,N,Y,N,Resident,Yes,4,,5,,1,,1,,,2,4,,,,1.75071,0.63228,0.64362,1.27590,3.02661,2.57513,0.33176,0.00644,31.3,,18.2,,0,,1.20231,0.85158,1.97346,0.73122,0.58360,3.28829,2.91512,2.04117,0.73718,0.75040,3.52875,3.00236,2021-04-11,0,0,0,0,0,0,0,2019-01-31,1,1,0,4,1,0,4,1.000,0,0,0.00,0,0,"629 STATE HIGHWAY 21 SOUTH,HAYNEVILLE,AL,36040",32.1877,'-86.569,,2026-07-01
015443,"ROBERTSDALE REHABILITATION & HEALTHCARE CTR","18700 U S HIGHWAY 90",ROBERTSDALE,AL,36567,2519471911,010,Baldwin,Y,"For profit - Corporation",152,117.5,,"Medicare and Medicaid",N,"ROBERTSDALE NURSING HOME INC",2001-03-16,"BALL HEALTHCARE SERVICES",66,9,2.7,2.8,3.2,3.0,N,,N,N,N,Resident,Yes,2,,2,,3,,2,,3,,4,,,,2.85187,1.15574,0.63626,1.79200,4.64387,3.86854,0.34287,0.10564,44.8,,43.5,,1,,1.52719,1.08169,2.50672,0.92881,0.74130,4.17683,3.70283,2.61768,1.06083,0.58402,4.26253,3.55086,2024-08-08,7,7,2,48,1,0,48,2019-06-06,2,2,0,8,1,0,8,38.000,,0,0.00,0,0,"18700 U S HIGHWAY 90,ROBERTSDALE,AL,36567",30.5694,'-87.631,22,2026-07-01
015445,"CHERRY HILL REHABILITATION & HEALTHCARE CENTER","1250 JEFF GERMANY PARKWAY",BIRMINGHAM,AL,35214,2057960214,360,Jefferson,Y,"For profit - Corporation",117,108.5,,"Medicare and Medicaid",N,"BALL HEALTHCARE-JEFFERSON INC",2001-07-26,"BALL HEALTHCARE SERVICES",66,9,2.7,2.8,3.2,3.0,N,,N,Y,N,Both,Yes,2,,2,,3,,3,,3,,2,,,,2.34240,0.40839,0.47760,0.88600,3.22840,2.71691,0.22393,0.00967,56.3,,64.3,,0,,1.21631,0.86150,1.99645,0.73974,0.59040,3.32660,2.94909,2.69957,0.47066,0.55043,3.72066,3.13118,2022-12-14,8,8,0,44,1,0,44,2019-12-12,1,1,0,8,1,0,8,35.000,,0,0.00,0,0,"1250 JEFF GERMANY PARKWAY,BIRMINGHAM,AL,35214",33.5734,'-86.893,22,2026-07-01
015446,"GREENBRIAR AT THE ALTAMONT SKILLED NURSING FACILIT","2831 HIGHLAND AVENUE SOUTH",BIRMINGHAM,AL,35205,2053232724,360,Jefferson,Y,"Non profit - Corporation",95,87.7,,"Medicare and Medicaid",N,"GREENBRIAR AT THE ALTAMONT, LLC",2002-06-12,"NOLAND HEALTH",374,10,2.7,2.5,4.1,3.0,Y,,N,Y,N,Both,Yes,3,,3,,3,,4,,2,,4,,,,2.52134,0.76763,0.57876,1.34640,3.86773,3.11718,0.25727,0.04302,43.7,,8.3,,1,,1.25523,0.88907,2.06033,0.76341,0.60929,3.43303,3.04344,2.81570,0.85725,0.64633,4.31929,3.48111,2021-04-08,1,1,0,16,1,0,16,2020-02-06,2,2,0,24,1,0,24,18.000,,0,0.00,0,0,"2831 HIGHLAND AVENUE SOUTH,BIRMINGHAM,AL,35205",33.5061,'-86.782,,2026-07-01
015447,"ALTERA HEALTH AND REHABILITATION CENTER","22670 MAIN STREET",FAIRHOPE,AL,36532,2519282177,010,Baldwin,Y,"For profit - Limited Liability company",83,58.5,,"Medicare and Medicaid",N,"ARABELLA HEALTH & WELLNESS OF FAIRHOPE OPCO LLC",2002-06-14,"ARABELLA HEALTHCARE MANAGEMENT",633,13,2.7,2.6,2.9,3.2,N,,N,Y,N,Resident,Yes,4,,3,,5,,5,,3,,3,,,,1.89835,0.29178,1.15440,1.44618,3.34453,2.98470,0.77845,0.00438,74.3,,77.8,,1,,1.19400,0.84570,1.95983,0.72617,0.57957,3.26557,2.89498,2.22870,0.34255,1.35528,3.92654,3.50410,2023-03-10,3,3,0,20,1,0,20,2021-09-16,2,2,0,8,1,0,8,17.000,,0,0.00,0,0,"22670 MAIN STREET,FAIRHOPE,AL,36532",30.5547,'-87.9,,2026-07-01
015448,"SOUTH HAMPTON NURSING & REHABILITATION CENTER","213 WILSON MANN ROAD","OWENS CROSS ROADS",AL,35763,2567253400,440,Madison,Y,"For profit - Limited Liability company",81,75.8,,"Medicare and Medicaid",N,"SOUTH HAMPTON NURSING AND REHABILITATION CENTER LLC",2002-06-12,"PRESTON HEALTH SERVICES",702,5,3.2,3.2,3.2,2.8,N,,N,Y,N,Resident,Yes,3,,3,,2,,2,,2,,4,,,,2.45008,0.98103,0.56655,1.54758,3.99766,3.17437,0.19315,0.02963,55.1,,45.5,,0,,1.21708,0.86204,1.99770,0.74020,0.59077,3.32868,2.95093,2.82190,1.12991,0.65253,4.60434,3.65611,2023-07-14,2,2,1,12,1,0,12,2019-09-05,3,3,0,24,1,0,24,15.000,,0,0.00,0,0,"213 WILSON MANN ROAD,OWENS CROSS ROADS,AL,35763",34.5872,'-86.453,,2026-07-01
015450,"WILLOWBROOKE CT SKILLED CARE CTR AT MAGNOLIA TRACE","ONE CROWN CIRCLE",HUNTSVILLE,AL,35802,2562611602,440,Madison,Y,"Non profit - Corporation",59,16.7,,Medicare,N,"ACTS RETIREMENT-LIFE COMMUNITIES INC",2003-03-18,"ACTS RETIREMENT-LIFE COMMUNITIES",9,27,4.7,4.4,4.9,4.4,Y,,N,Y,N,Resident,Yes,5,,3,,5,,,2,5,,5,,,,2.36893,0.43107,1.25143,1.68250,4.05144,3.73311,0.89016,0.46669,14.3,,25.0,,0,,1.30416,0.92372,2.14064,0.79317,0.63305,3.56686,3.16208,2.54625,0.46334,1.34510,4.35469,4.01253,2022-05-17,3,3,0,24,1,0,24,2019-10-17,1,1,0,8,1,0,8,20.000,,0,0.00,0,0,"ONE CROWN CIRCLE,HUNTSVILLE,AL,35802",34.6685,'-86.56,22,2026-07-01
015451,"FLORALA HEALTH AND REHABILITATION LLC","23621 GOLDENROD AVENUE",FLORALA,AL,36442,3348588585,190,Covington,N,"For profit - Corporation",85,74.7,,"Medicare and Medicaid",N,"FLORALA HEALTH AND REHABILITATION, LLC",2003-08-06,"NHS MANAGEMENT",372,43,2.9,2.7,3.7,3.5,N,,N,Y,N,Resident,Yes,3,,3,,2,,2,,2,,4,,,,2.42044,0.61343,0.76364,1.37708,3.79752,3.26197,0.40212,0.01106,47.1,,46.2,,0,,1.23227,0.87280,2.02264,0.74944,0.59815,3.37022,2.98776,2.75340,0.69782,0.86869,4.31991,3.71069,2022-08-24,1,1,0,16,2,8,24,2020-02-13,0,0,0,0,0,0,0,18.000,,0,0.00,0,0,"23621 GOLDENROD AVENUE,FLORALA,AL,36442",31.001,'-86.311,,2026-07-01
015452,"ARBOR LAKE HEALTH AND REHAB","1365 GATEWOOD DRIVE",AUBURN,AL,36830,3348267200,400,Lee,Y,"For profit - Limited Liability company",87,77.5,,"Medicare and Medicaid",N,"ARBOR LAKE HEALTH & REHAB, LLC",2004-07-19,"TRAYLOR PORTER HEALTHCARE",782,5,3.0,2.0,4.4,3.8,N,,N,Y,N,Resident,Yes,3,,2,,5,,5,,,2,4,,,,2.45256,0.68594,0.48489,1.17084,3.62339,2.84141,0.23480,0.00140,51.7,,14.3,,0,,1.18313,0.83800,1.94199,0.71956,0.57430,3.23585,2.86863,2.90580,0.81271,0.57450,4.29301,3.36651,2023-08-09,5,5,5,40,1,0,40,2022-04-29,0,0,0,0,0,0,0,30.000,,0,0.00,0,0,"1365 GATEWOOD DRIVE,AUBURN,AL,36830",32.6349,'-85.449,,2026-07-01
015453,"COLUMBIANA HEALTH AND REHABILITATION, LLC","22969 HIGHWAY 25",COLUMBIANA,AL,35051,2056691712,580,Shelby,Y,"For profit - Corporation",63,60.6,,"Medicare and Medicaid",N,"COLUMBIANA HEALTH AND REHABILITATION, LLC",2004-12-15,"NHS MANAGEMENT",372,43,2.9,2.7,3.7,3.5,N,,N,Y,N,Resident,Yes,4,,4,,4,,3,,4,,3,,,,2.23439,0.65524,0.61988,1.27512,3.50952,3.03634,0.35259,0.00852,52.8,,83.3,,0,,1.21594,0.86124,1.99584,0.73951,0.59022,3.32557,2.94817,2.57589,0.75538,0.71463,4.04590,3.50040,2022-08-24,1,1,0,4,1,0,4,2019-10-17,3,1,2,28,1,0,28,10.000,0,1,8018.00,0,1,"22969 HIGHWAY 25,COLUMBIANA,AL,35051",33.1951,'-86.591,,2026-07-01
015454,"FAIRVIEW AT REDSTONE VILLAGE","12000 TURNMEYER DRIVE",HUNTSVILLE,AL,35803,2568816717,440,Madison,Y,"For profit - Individual",56,53.0,,Medicare,N,"REDSTONE VILLAGE",2005-07-15,"GREENBRIER SENIOR LIVING",872,2,4.5,4.0,4.5,3.5,Y,,N,Y,N,Resident,Yes,4,,4,,4,,3,,4,,4,,,,2.92024,1.04445,0.46157,1.50603,4.42627,3.74021,0.28794,0.07709,35.5,,50.0,,,26,1.24900,0.88466,2.05011,0.75962,0.60627,3.41600,3.02834,3.27744,1.17221,0.51803,4.96769,4.19771,2022-02-17,2,2,0,12,1,0,12,2019-06-06,1,1,0,4,1,0,4,10.000,,0,0.00,0,0,"12000 TURNMEYER DRIVE,HUNTSVILLE,AL,35803",34.6052,'-86.559,,2026-07-01
015455,"ELITE NURSING AND REHABILITATION CARE CENTER","300 ROYAL TOWER DRIVE",BIRMINGHAM,AL,35209,2058705666,360,Jefferson,Y,"For profit - Limited Liability company",143,120.6,,"Medicare and Medicaid",N,"MOUNT ROYAL OPERATIONS LLC",2005-11-03,,,,,,,,Y,,N,Y,N,Both,Yes,1,,1,,3,,2,,4,,3,,,,2.48618,0.28603,0.50559,0.79162,3.27780,2.98448,0.41015,0.01547,52.4,,57.9,,0,,1.12669,0.79802,1.84934,0.68523,0.54690,3.08147,2.73177,3.09320,0.35587,0.62904,4.07810,3.71317,2024-03-29,9,9,7,88,1,0,88,2019-11-20,6,3,3,64,1,0,64,82.000,,1,6682.00,0,1,"300 ROYAL TOWER DRIVE,BIRMINGHAM,AL,35209",33.4651,'-86.769,,2026-07-01
015456,"GULF COAST HEALTH AND REHABILITATION, LLC","8002 GRELOT ROAD",MOBILE,AL,36695,2516348002,480,Mobile,Y,"For profit - Corporation",100,93.7,,"Medicare and Medicaid",N,"GULF COAST HEALTH AND REHABILITATION LLC",2006-08-02,"NHS MANAGEMENT",372,43,2.9,2.7,3.7,3.5,N,,N,Y,N,Resident,Yes,2,,2,,4,,4,,4,,4,,,,2.46343,0.93812,0.56173,1.49985,3.96328,3.30698,0.23337,0.07034,50.9,,43.8,,0,,1.15923,0.82107,1.90275,0.70502,0.56269,3.17046,2.81067,2.97886,1.13441,0.67926,4.79254,3.99892,2020-01-09,5,5,0,32,1,0,32,2018-11-08,4,4,0,40,1,0,40,34.000,,0,0.00,0,0,"8002 GRELOT ROAD,MOBILE,AL,36695",30.6611,'-88.214,,2026-07-01
015457,"KIRKWOOD BY THE RIVER","3605 RATLIFF ROAD",BIRMINGHAM,AL,35210,2059562184,360,Jefferson,Y,"Non profit - Corporation",61,54.2,,Medicare,N,"PRESBYTERIAN RETIREMENT HOMES OF BIRMINGHAM, INC.",2006-09-08,,,,,,,,Y,,N,Y,N,Resident,Yes,4,,4,,2,,3,,1,,4,,,,2.70705,1.46296,0.52366,1.98661,4.69367,4.17525,0.49668,0.04361,35.8,,33.3,,,26,1.27159,0.90066,2.08718,0.77336,0.61724,3.47778,3.08311,2.98420,1.61273,0.57727,5.17421,4.60271,2021-10-07,1,1,0,4,1,0,4,2019-03-28,2,2,0,20,1,0,20,8.000,,0,0.00,0,0,"3605 RATLIFF ROAD,BIRMINGHAM,AL,35210",33.5401,'-86.639,,2026-07-01
015458,"THE HEALTH CENTER AT RESEARCH PARK","5275 MILLENNIUM DRIVE",HUNTSVILLE,AL,35806,2564896800,440,Madison,Y,"For profit - Corporation",91,82.0,,"Medicare and Medicaid",N,"SAND CREEK HEALTHCARE, INC.",2007-01-24,"THE ENSIGN GROUP",507,346,3.2,2.9,2.7,4.4,N,,Y,Y,N,Resident,Yes,1,,1,,3,,4,,2,,4,,,,2.16979,0.56989,0.72381,1.29371,3.46349,2.79442,0.44366,0.03486,54.7,,35.0,,0,,1.19861,0.84896,1.96739,0.72897,0.58181,3.27817,2.90615,2.53758,0.66649,0.84650,4.05058,3.26809,2024-06-18,11,11,6,231,1,0,231,2021-04-22,7,6,1,52,1,0,52,186.250,,1,69011.00,1,2,"5275 MILLENNIUM DRIVE,HUNTSVILLE,AL,35806",34.7535,'-86.662,,2026-07-01
015459,"GALLERIA WOODS SKILLED NURSING FACILITY","3850 GALLERIA WOODS DRIVE",BIRMINGHAM,AL,35244,2059857537,360,Jefferson,Y,"For profit - Corporation",30,26.2,,Medicare,N,"CCRC OPCO-GALLERIA WOODS, LLC",2007-02-16,"HEALTHPEAK PROPERTIES, INC.",261,15,3.4,3.0,4.3,3.9,Y,,N,Y,N,Resident,Yes,2,,2,,4,,5,,4,,4,,,,2.58137,0.87881,0.90460,1.78341,4.36478,4.16100,0.84708,0.15501,69.8,,50.0,,0,,1.28951,0.91335,2.11659,0.78426,0.62593,3.52678,3.12655,2.80612,0.95533,0.98336,4.74480,4.52327,2021-12-16,4,4,0,40,1,0,40,2019-04-11,3,3,0,24,1,0,24,36.000,,0,0.00,0,0,"3850 GALLERIA WOODS DRIVE,BIRMINGHAM,AL,35244",33.3686,'-86.817,,2026-07-01
015460,"CHARLTON PLACE REHAB AND HEALTHCARE CENTER","65 CHARLTON PLACE",DEATSVILLE,AL,36022,3342630618,250,Elmore,Y,"For profit - Corporation",65,61.6,,"Medicare and Medicaid",N,"TI-RESURRECTION LIFE CENTER, L.L.C.",2007-11-16,"TUTERA SENIOR LIVING & HEALTH CARE",531,26,2.1,2.2,1.7,3.0,N,,N,Y,N,Both,Yes,5,,5,,3,,1,,5,,4,,,,2.34394,0.62738,0.91915,1.54654,3.89048,3.63322,0.84247,0.08310,53.0,,46.2,,0,,1.34243,0.95083,2.20346,0.81644,0.65162,3.67152,3.25486,2.44757,0.65512,0.95979,4.06248,3.79384,2020-12-10,0,0,0,0,0,0,0,2020-03-12,1,1,0,4,1,0,4,1.000,,0,0.00,0,0,"65 CHARLTON PLACE,DEATSVILLE,AL,36022",32.5047,'-86.416,,2026-07-01
015461,"LEGACY HEALTH AND REHABILITATION OF PLEASANT GROVE","30 7TH STREET","PLEASANT GROVE",AL,35127,2057448226,360,Jefferson,Y,"For profit - Corporation",189,133.6,,"Medicare and Medicaid",N,"LEGACY HEALTH AND REHABILITATION OF PLEASANT GROVE, LLC",2008-01-15,"NHS MANAGEMENT",372,43,2.9,2.7,3.7,3.5,N,,N,Y,N,Resident,Yes,1,,1,,2,,2,,,2,4,,,,2.85044,0.87863,0.45530,1.33393,4.18437,3.16066,0.18306,0.00862,53.2,,50.0,,1,,1.13737,0.80559,1.86688,0.69173,0.55209,3.11070,2.75769,3.51308,1.08289,0.56114,5.15711,3.89542,2022-02-11,8,8,0,56,1,0,56,2019-07-01,5,5,0,32,1,0,32,50.000,,0,0.00,0,0,"30 7TH STREET,PLEASANT GROVE,AL,35127",33.4896,'-86.957,,2026-07-01
015463,"KNOLLWOOD HEALTHCARE","3151-A KNOLLWOOD DRIVE",MOBILE,AL,36693,2516617608,480,Mobile,Y,"For profit - Limited Liability company",71,56.5,,"Medicare and Medicaid",N,"KNOLLWOOD HEALTHCARE AND REHABILITATION LLC",2012-05-21,"EPHRAM LAHASKY",205,23,1.7,1.8,2.0,2.9,Y,SFF,N,N,N,Resident,Yes,,18,,18,,18,,18,,18,,18,,,2.07699,0.72039,0.62437,1.34476,3.42175,2.84526,0.38176,0.00938,74.2,,58.3,,0,,1.18815,0.84155,1.95022,0.72261,0.57673,3.24956,2.88079,2.45044,0.84992,0.73663,4.03699,3.35684,2025-09-11,9,6,5,60,1,0,60,2025-03-27,32,14,31,1416,1,0,1416,399.000,,4,318070.00,1,5,"3151-A KNOLLWOOD DRIVE,MOBILE,AL,36693",30.6249,'-88.174,,2026-07-01
015464,"ASPIRE PHYSICAL RECOVERY CENTER AT HOOVER, LLC","575 SOUTHLAND DRIVE",HOOVER,AL,35226,2057216200,360,Jefferson,Y,"For profit - Corporation",118,106.5,,"Medicare and Medicaid",N,"ASPIRE PHYSICAL RECOVERY CENTER AT HOOVER, LLC",2015-01-08,"NHS MANAGEMENT",372,43,2.9,2.7,3.7,3.5,N,,N,Y,N,Resident,Yes,1,,1,,3,,4,,3,,4,,,,2.60736,1.00397,1.18447,2.18844,4.79579,3.75167,0.56702,0.10063,67.3,,70.0,,1,,1.28758,0.91198,2.11342,0.78308,0.62499,3.52150,3.12187,2.83862,1.09302,1.28952,5.22116,4.08442,2023-06-25,8,8,0,107,1,0,107,2021-03-18,2,2,0,20,1,0,20,85.250,,0,0.00,0,0,"575 SOUTHLAND DRIVE,HOOVER,AL,35226",33.4092,'-86.809,,2026-07-01
015465,"ASPIRE PHYSICAL RECOVERY CENTER OF WEST ALABAMA","2400 HOSPITAL DRIVE",NORTHPORT,AL,35476,2053308412,620,Tuscaloosa,Y,"For profit - Corporation",75,72.1,,"Medicare and Medicaid",N,"ASPIRE PHYSICAL RECOVERY CENTER OF WEST ALABAMA, LLC",2016-06-08,"NHS MANAGEMENT",372,43,2.9,2.7,3.7,3.5,N,,N,Y,N,Resident,Yes,4,,4,,3,,2,,4,,4,,,,2.34676,1.08802,0.81147,1.89949,4.24625,3.58830,0.37723,0.11921,57.6,,55.6,,0,,1.32280,0.93693,2.17124,0.80450,0.64209,3.61784,3.20727,2.48687,1.15298,0.85991,4.49977,3.80254,2022-05-19,0,0,0,0,0,0,0,2019-07-11,5,5,0,44,1,0,44,11.000,,0,0.00,0,0,"2400 HOSPITAL DRIVE,NORTHPORT,AL,35476",33.2312,'-87.569,,2026-07-01
015467,"CAVALIER HEALTHCARE OF TRUSSVILLE","119 WATTERSON PARKWAY",TRUSSVILLE,AL,35173,2056553226,360,Jefferson,Y,"For profit - Corporation",125,108.4,,"Medicare and Medicaid",N,"CAVALIER HEALTHCARE OF TRUSSVILLE LLC",2016-08-18,"CAVALIER HEALTHCARE",691,4,2.5,2.8,3.0,2.5,N,,N,Y,N,Resident,Yes,3,,4,,3,,3,,3,,1,,,,2.48219,0.55576,0.30684,0.86260,3.34479,2.86816,0.24526,0.02903,78.5,,100.0,,1,,1.28458,0.90985,2.10850,0.78126,0.62354,3.51329,3.11459,2.70866,0.60647,0.33483,3.64996,3.12984,2021-05-13,2,2,0,8,1,0,8,2019-04-11,3,3,0,12,2,6,18,10.500,,6,40486.00,0,6,"119 WATTERSON PARKWAY,TRUSSVILLE,AL,35173",33.614,'-86.609,,2026-07-01
015468,"ASPIRE PHYSICAL RECOVERY CENTER AT CAHABA RIVER","3070 HEALTHY WAY",VESTAVIA,AL,35243,2059777216,360,Jefferson,Y,"For profit - Limited Liability company",120,113.9,,"Medicare and Medicaid",N,"ASPIRE PHYSICAL RECOVERY CENTER AT CAHABA RIVER, LLC",2016-09-29,"NHS MANAGEMENT",372,43,2.9,2.7,3.7,3.5,N,,N,Y,N,Resident,Yes,1,,1,,3,,4,,3,,4,,,,3.06508,0.86711,0.92877,1.79587,4.86095,4.06142,0.56651,0.05104,62.4,,51.6,,1,,1.40869,0.99776,2.31222,0.85674,0.68378,3.85275,3.41552,3.05003,0.86285,0.92421,4.83709,4.04148,2024-01-12,8,8,8,60,1,0,60,2019-09-19,6,6,0,52,1,0,52,58.000,,1,16801.00,0,1,"3070 HEALTHY WAY,VESTAVIA,AL,35243",33.4291,'-86.736,,2026-07-01
01A193,"FATHER PURCELL MEMORIAL EXCEPTIONAL CHILDREN'S CTR","2048 W FAIRVIEW AVE",MONTGOMERY,AL,36108,3348345590,500,Montgomery,Y,"Non profit - Church related",58,42.9,,Medicaid,N,"Legal Business Name Not Available",1976-06-01,,,,,,,,N,,N,Y,N,None,Yes,1,,1,,2,,2,,,2,1,24,,,2.32996,0.91655,0.24223,1.15878,3.48874,3.33010,0.15875,0.00000,6.9,,,27,,26,1.74900,1.23880,2.87080,1.06371,0.84897,4.78349,4.24064,1.86740,0.73459,0.19414,2.79613,2.66898,2022-12-22,6,6,0,20,1,0,20,2019-12-14,3,3,0,125,1,0,125,46.250,0,0,0.00,0,0,"2048 W FAIRVIEW AVE,MONTGOMERY,AL,36108",32.3514,'-86.327,,2026-07-01
01A208,"MONTGOMERY CHILDREN'S SPECIALTY CENTER","2853 FORBES DRIVE",MONTGOMERY,AL,36110,3342613445,500,Montgomery,Y,"For profit - Partnership",54,49.3,,Medicaid,N,"Legal Business Name Not Available",2010-11-18,,,,,,,,N,,N,Y,N,None,Yes,3,,2,,5,,5,,,2,2,,,,1.88781,1.01543,0.58820,1.60363,3.49144,2.98126,0.44379,0.00000,50.8,,33.3,,0,,1.54698,1.09571,2.53920,0.94085,0.75091,4.23096,3.75082,1.71062,0.92012,0.53299,3.16373,2.70144,2023-05-25,4,4,0,36,1,0,36,2019-10-10,2,2,0,8,1,0,8,29.000,,0,0.00,0,0,"2853 FORBES DRIVE,MONTGOMERY,AL,36110",32.424,'-86.287,,2026-07-01
025010,"KETCHIKAN MED CTR NEW HORIZONS TRANSITIONAL CARE","3100 TONGASS AVENUE",KETCHIKAN,AK,99901,9072255171,130,"Ketchikan Gateway",N,"Non profit - Corporation",29,25.0,,"Medicare and Medicaid",Y,PEACEHEALTH,1968-07-01,,,,,,,,N,,N,N,N,Resident,Yes,1,,1,,3,,3,,,2,4,,,,3.53734,0.00000,3.25237,3.25237,6.78970,5.89963,2.69909,0.04116,50.0,,44.4,,,26,1.27080,0.90010,2.08589,0.77288,0.61685,3.47562,3.08120,3.90191,0.00000,3.58757,7.48948,6.50768,2026-04-09,13,3,10,176,1,0,176,2025-02-28,1,1,0,8,1,0,8,134.000,0,0,0.00,0,0,"3100 TONGASS AVENUE,KETCHIKAN,AK,99901",55.3119,'-131.59,,2026-07-01
025015,"WRANGELL MEDICAL CENTER LTC","232 WOOD STREET",WRANGELL,AK,99929,9078747000,280,Wrangell,N,"Non profit - Corporation",18,14.5,,"Medicare and Medicaid",Y,"SOUTHEAST ALASKA REGIONAL HEALTH CONSORTIUM",1976-07-01,,,,,,,,N,,N,N,N,Resident,Yes,5,,4,,5,,5,,,2,5,,,,5.10598,0.00000,2.80222,2.80222,7.90820,6.58910,1.66915,0.07663,45.2,,36.4,,0,,1.17599,0.83294,1.93026,0.71522,0.57083,3.21631,2.85131,6.08633,0.00000,3.34025,9.42658,7.85421,2026-03-12,2,2,0,8,1,0,8,2024-10-25,4,4,0,48,1,0,48,18.000,,0,0.00,0,0,"232 WOOD STREET,WRANGELL,AK,99929",56.4575,'-132.37,,2026-07-01
025018,"POLARIS TRANSITIONAL CARE","910 COMPASSION CIRCLE",ANCHORAGE,AK,99504,9072129200,020,Anchorage,Y,"For profit - Limited Liability company",50,46.3,,"Medicare and Medicaid",N,"KORSIN HEALTHCARE LLC",1983-09-01,"THE ENSIGN GROUP",507,346,3.2,2.9,2.7,4.4,N,,N,N,N,Resident,Yes,3,,2,,5,,3,,5,,4,,,,2.31450,0.36262,2.29731,2.65994,4.97444,4.20252,1.75797,0.14815,66.0,,53.3,,2,,1.61023,1.14051,2.64303,0.97932,0.78161,4.40396,3.90418,2.01488,0.31568,1.99991,4.33047,3.65847,2025-11-21,12,9,3,76,1,0,76,2024-11-01,8,6,2,161,1,0,161,97.250,,1,109382.00,0,1,"910 COMPASSION CIRCLE,ANCHORAGE,AK,99504",61.2131,'-149.78,,2026-07-01
025019,"PETERSBURG MEDICAL CENTER LTC","103 FRAM STREET",PETERSBURG,AK,99833,9077724291,195,Petersburg,N,"Government - City/county",15,10.8,,"Medicare and Medicaid",Y,"THE PETERSBURG MEDICAL CENTER",1981-01-01,,,,,,,,N,,N,N,N,Resident,Yes,5,,5,,4,,4,,,2,,2,6,6,,,,,,,,,,26,,26,,26,,,,,,,,,,,,,2025-08-04,2,2,0,4,1,0,4,2024-03-11,4,4,0,32,1,0,32,11.000,,0,0.00,0,0,"103 FRAM STREET,PETERSBURG,AK,99833",56.8125,'-132.96,,2026-07-01
025020,"Denali Center","1510 19TH AVENUE",FAIRBANKS,AK,99701,9074585100,090,"Fairbanks North Star",Y,"Non profit - Corporation",71,73.6,,"Medicare and Medicaid",Y,"DENALI CENTER LLC",1983-11-01,,,,,,,,N,,N,N,N,Both,Yes,3,,2,,5,,5,,5,,4,,,,3.32185,0.95502,1.08411,2.03913,5.36098,4.69027,0.84838,0.05054,,26,,26,,26,1.32829,0.94081,2.18025,0.80784,0.64476,3.63285,3.22058,3.50564,1.00785,1.14409,5.65758,4.94976,2026-01-20,10,10,0,96,1,0,96,2025-01-10,15,13,2,124,1,0,124,103.000,,1,10358.00,0,1,"1510 19TH AVENUE,FAIRBANKS,AK,99701",64.8304,'-147.74,,2026-07-01
025021,"HERITAGE PLACE","232 ROCKWELL AVENUE",SOLDOTNA,AK,99669,9072622545,120,"Kenai Peninsula",N,"For profit - Corporation",60,40.4,,"Medicare and Medicaid",Y,"CENTRAL PENINSULA GENERAL HOSPITAL INC",1986-07-14,,,,,,,,N,,N,N,N,Resident,Yes,4,,3,,4,,3,,5,,5,,,,4.78098,0.42706,1.63949,2.06655,6.84753,6.39000,1.34143,0.13152,23.6,,23.5,,,26,1.39342,0.98694,2.28715,0.84745,0.67637,3.81097,3.37849,4.80966,0.42962,1.64933,6.88861,6.42834,2025-06-13,8,8,0,72,1,0,72,2024-05-17,5,5,0,48,1,0,48,66.000,0,0,0.00,0,0,"232 ROCKWELL AVENUE,SOLDOTNA,AK,99669",60.4932,'-151.08,,2026-07-01
025024,"PROVIDENCE SEWARD MOUNTAIN HAVEN","2203 OAK STREET",SEWARD,AK,99664,9072245241,210,"Kenai Peninsula",N,"Government - City",40,38.9,,"Medicare and Medicaid",N,"CITY OF SEWARD",1994-01-01,"PROVIDENCE HEALTH & SERVICES",430,9,3.0,2.8,3.8,3.3,N,,N,N,N,Resident,Yes,3,,3,,4,,4,,,2,4,,,,3.51558,0.70810,2.05107,2.75917,6.27475,5.43273,1.63844,0.00000,75.0,,84.0,,,26,1.29375,0.91635,2.12355,0.78683,0.62799,3.53837,3.13683,3.80914,0.76723,2.22234,6.79871,5.88638,2024-09-13,7,6,1,44,1,0,44,2023-03-03,8,7,1,40,1,0,40,43.000,,0,0.00,0,0,"2203 OAK STREET,SEWARD,AK,99664",60.1328,'-149.44,,2026-07-01
025025,"CENTENNIAL POST ACUTE","9100 CENTENNIAL DRIVE",ANCHORAGE,AK,99504,9073338100,020,Anchorage,Y,"For profit - Corporation",102,99.8,,"Medicare and Medicaid",N,"CENTENNIAL SNF HEALTHCARE LLC",1994-01-31,"PACS GROUP",690,281,2.8,2.5,2.4,4.4,N,,N,N,N,Resident,Yes,1,,1,,3,,2,,5,,4,,,,2.78718,0.56020,1.12334,1.68354,4.47072,4.00439,0.79377,0.07270,50.4,,48.1,,1,,1.41467,1.00200,2.32203,0.86038,0.68669,3.86910,3.43002,2.76178,0.55509,1.11310,4.42997,3.96790,2025-12-24,27,14,14,272,1,0,272,2024-12-12,36,15,21,387,1,0,387,300.750,,3,232502.00,1,4,"9100 CENTENNIAL DRIVE,ANCHORAGE,AK,99504",61.2257,'-149.71,,2026-07-01
025026,"QUYANNA CARE CENTER","1100 GREG KRUSCHEK AVENUE",NOME,AK,99762,9074433311,180,Nome,N,"Non profit - Corporation",18,18.1,,"Medicare and Medicaid",N,"NORTON SOUND HEALTH CORPORATION",1994-06-01,,,,,,,,N,,N,N,N,Resident,Yes,5,,4,,5,,5,,,2,,2,6,6,,,,,,,,,,26,,26,,26,,,,,,,,,,,,,2026-01-20,3,3,0,24,1,0,24,2024-10-04,7,7,0,68,1,0,68,35.000,,0,0.00,0,0,"1100 GREG KRUSCHEK AVENUE,NOME,AK,99762",64.5027,'-165.39,,2026-07-01
025027,"WILDFLOWER COURT","2000 SALMON CREEK LANE",JUNEAU,AK,99801,9074638700,110,Juneau,N,"Government - City/county",57,46.6,,"Medicare and Medicaid",Y,"BARTLETT REGIONAL HOSPITAL",1994-05-15,,,,,,,,N,,N,N,N,Resident,Yes,4,,3,,4,,4,,4,,5,,,,5.01521,0.53171,1.67959,2.21130,7.22651,6.82387,1.36224,0.06816,45.7,,64.3,,0,,1.14866,0.81358,1.88540,0.69859,0.55756,3.14156,2.78505,6.12036,0.64888,2.04970,8.81894,8.32758,2026-06-12,6,6,0,44,0,0,44,2025-05-09,10,9,1,64,1,0,64,49.000,,0,0.00,0,0,"2000 SALMON CREEK LANE,JUNEAU,AK,99801",58.3311,'-134.47,,2026-07-01
025028,"CORDOVA COMMUNITY MED LTC","602 CHASE AVE",CORDOVA,AK,99574,9074248000,080,Chugach,N,"Government - City/county",10,7.8,,"Medicare and Medicaid",Y,"Legal Business Name Not Available",1994-03-22,,,,,,,,N,,N,N,N,Resident,Yes,3,,3,,2,,2,,,2,,2,6,6,,,,,,,,,,26,,26,,26,,,,,,,,,,,,,2026-03-16,7,7,0,60,1,0,60,2025-01-31,2,2,0,20,1,0,20,50.000,,0,0.00,0,0,"602 CHASE AVE,CORDOVA,AK,99574",60.5416,'-145.75,,2026-07-01
025030,"PROVIDENCE KODIAK ISLAND MED LTC","1915 E REZANOF DRIVE",KODIAK,AK,99615,9074867800,150,"Kodiak Island",N,"Non profit - Corporation",22,21.5,,"Medicare and Medicaid",N,"Legal Business Name Not Available",1994-09-20,"PROVIDENCE HEALTH & SERVICES",430,9,3.0,2.8,3.8,3.3,N,,N,N,N,Resident,Yes,3,,2,,5,,5,,,2,,2,6,6,,,,,,,,,34.1,,44.4,,,26,,,,,,,,,,,,,2025-12-05,11,11,0,124,1,0,124,2024-11-22,6,6,0,64,1,0,64,109.000,,0,0.00,0,0,"1915 E REZANOF DRIVE,KODIAK,AK,99615",57.801,'-152.37,,2026-07-01
025031,"SOUTH PENINSULA HOSPITAL LTC","4300 BARTLETT STREET",HOMER,AK,99603,9072350235,120,"Kenai Peninsula",N,"Government - City/county",28,26.0,,"Medicare and Medicaid",N,"SOUTH PENINSULA HOSPITAL INC",1994-10-26,,,,,,,,N,,N,N,N,Resident,Yes,5,,5,,4,,4,,,2,5,,,,5.71999,0.52403,2.62815,3.15218,8.87217,7.99926,1.69461,0.00758,36.8,,16.7,,,27,1.32270,0.93686,2.17108,0.80444,0.64204,3.61756,3.20703,6.06196,0.55536,2.78527,9.40259,8.47749,2025-09-12,2,2,0,12,1,0,12,2024-08-23,2,2,0,16,1,0,16,13.000,,0,0.00,0,0,"4300 BARTLETT STREET,HOMER,AK,99603",59.6516,'-151.55,,2026-07-01
025032,"SEARHC SITKA LONG TERM CARE","209 MOLLER AVENUE",SITKA,AK,99835,9077471701,220,Sitka,N,"Non profit - Corporation",19,15.8,,"Medicare and Medicaid",N,"SOUTHEAST ALASKA REGIONAL HEALTH CONSORTIUM",1994-11-23,,,,,,,,N,,N,N,N,Resident,Yes,5,,4,,5,,5,,,2,5,,,,4.58670,0.01042,3.29497,3.30538,7.89208,7.33844,2.88443,0.00704,31.4,,52.9,,0,,1.24106,0.87903,2.03707,0.75479,0.60241,3.39427,3.00908,5.18069,0.01176,3.72168,8.91413,8.28880,2026-04-30,1,1,0,16,1,0,16,2025-04-10,3,3,0,12,1,0,12,15.000,0,0,0.00,0,0,"209 MOLLER AVENUE,SITKA,AK,99835",57.0594,'-135.34,,2026-07-01
025034,"PROVIDENCE VALDEZ MEDICAL CENTER","911 MEALS AVENUE",VALDEZ,AK,99686,9078341825,260,Chugach,N,"Government - City",10,8.9,,"Medicare and Medicaid",Y,"CITY OF VALDEZ",2005-10-03,"PROVIDENCE HEALTH & SERVICES",430,9,3.0,2.8,3.8,3.3,N,,N,N,N,Both,Yes,3,,3,,3,,3,,,2,4,,,,4.77506,0.00000,3.77403,3.77403,8.54909,7.33539,2.71267,0.00000,,26,,26,,26,1.16671,0.82637,1.91503,0.70957,0.56633,3.19093,2.82881,5.73714,0.00000,4.53443,10.27157,8.81333,2026-05-15,5,5,0,68,0,0,68,2025-03-06,8,8,0,64,2,32,96,75.000,,0,0.00,0,0,"911 MEALS AVENUE,VALDEZ,AK,99686",61.1363,'-146.35,,2026-07-01
025035,"UTUQQANAAT INAAT","436 MISSION STREET",KOTZEBUE,AK,99752,9074423321,140,"Northwest Arctic",N,"Non profit - Corporation",18,17.0,,"Medicare and Medicaid",N,"Legal Business Name Not Available",2012-03-15,,,,,,,,N,,N,N,N,Resident,Yes,5,,4,,3,,3,,,2,5,,,,5.12058,1.53309,0.95642,2.48952,7.61009,7.16136,0.78409,0.00000,73.7,,,27,0,,1.10176,0.78037,1.80843,0.67007,0.53480,3.01330,2.67134,6.51495,1.95056,1.21686,9.68237,9.11145,2025-11-13,2,2,1,24,1,0,24,2024-04-25,3,3,0,16,1,0,16,22.000,,0,0.00,0,0,"436 MISSION STREET,KOTZEBUE,AK,99752",66.8951,'-162.59,,2026-07-01
025036,"Polaris Extended Care","920 COMPASSION CIRCLE",ANCHORAGE,AK,99504,9072129200,020,Anchorage,Y,"For profit - Limited Liability company",96,92.2,,"Medicare and Medicaid",N,"KORSIN HEALTHCARE LLC",2013-02-13,"THE ENSIGN GROUP",507,346,3.2,2.9,2.7,4.4,N,,Y,N,N,Resident,Yes,2,,1,,4,,4,,,2,5,,,,2.17864,0.69010,1.73949,2.42959,4.60823,3.85124,1.31168,0.11921,,27,,27,,27,1.48827,1.05412,2.44283,0.90514,0.72241,4.07038,3.60846,2.05204,0.64999,1.63840,4.34043,3.62744,2025-05-22,40,33,12,360,1,0,360,2024-07-19,27,22,5,358,1,0,358,359.500,,4,231865.00,1,5,"920 COMPASSION CIRCLE,ANCHORAGE,AK,99504",61.2131,'-149.78,,2026-07-01
025037,"YUKON KUSKOKWIM ELDER'S HOME","1100 CHIEF EDDIE HOFFMAN HWY",BETHEL,AK,99559,9075436782,050,Bethel,N,"Non profit - Corporation",18,17.3,,"Medicare and Medicaid",Y,"YUKON-KUSKOKWIM HEALTH CORPORATION",2014-04-10,,,,,,,,N,,N,N,N,Resident,Yes,3,,3,,4,,4,,,2,4,,,,5.05485,2.22328,1.82303,4.04631,9.10116,8.61800,1.27967,0.05131,,26,,26,,26,1.16140,0.82261,1.90632,0.70634,0.56375,3.17641,2.81594,6.10107,2.68344,2.20034,10.98485,10.40169,2026-03-06,5,5,0,72,1,0,72,2025-01-31,9,9,1,92,1,0,92,77.000,,1,10117.00,0,1,"1100 CHIEF EDDIE HOFFMAN HWY,BETHEL,AK,99559",60.7858,'-161.79,,2026-07-01
025038,"MAPLE SPRINGS OF WASILLA","3265 E MERIDIAN LOOP",WASILLA,AK,99654,9078411217,170,Matanuska-Susitna,Y,"For profit - Limited Liability company",67,65.1,,"Medicare and Medicaid",N,"MAPLE SPRINGS OF WASILLA SNF HOLDINGS LLC",2019-07-23,"MAPLE SPRINGS LIVING",333,3,3.0,2.7,4.3,3.3,N,,N,N,N,Resident,Yes,5,,4,,4,,3,,4,,5,,,,2.54480,0.90861,1.60785,2.51646,5.06126,4.47308,1.14386,0.18086,35.9,,23.1,,0,,1.27627,0.90397,2.09486,0.77620,0.61951,3.49057,3.09445,2.79506,0.99797,1.76596,5.55899,4.91297,2025-07-03,3,3,0,12,1,0,12,2024-06-21,14,13,1,108,1,0,108,36.000,,0,0.00,1,1,"3265 E MERIDIAN LOOP,WASILLA,AK,99654",61.5879,'-149.36,,2026-07-01
025039,"MAPLE SPRINGS OF PALMER","12130 EAST MAPLE SPRINGS WAY",PALMER,AK,99645,9078026641,170,Matanuska-Susitna,Y,"For profit - Limited Liability company",67,55.0,,"Medicare and Medicaid",N,"MAPLE SPRINGS OF PALMER SNF HOLDINGS LLC",2020-05-29,"MAPLE SPRINGS LIVING",333,3,3.0,2.7,4.3,3.3,N,,N,N,N,Resident,Yes,1,,1,,2,,2,,,2,4,,,,2.85859,1.09742,1.58053,2.67796,5.53655,4.91205,1.58673,0.10065,60.4,,61.1,,0,,1.42871,1.01194,2.34508,0.86892,0.69350,3.90749,3.46406,2.80471,1.07674,1.55074,5.43219,4.81946,2025-03-27,12,10,2,209,1,0,209,2024-01-08,10,5,5,84,1,0,84,177.750,,2,46594.00,0,2,"12130 EAST MAPLE SPRINGS WAY,PALMER,AK,99645",61.5977,'-149.14,,2026-07-01
035003,"The Terraces of Phoenix","7550 NORTH 16TH STREET",PHOENIX,AZ,85020,6029444455,060,Maricopa,Y,"Non profit - Corporation",64,51.5,,"Medicare and Medicaid",N,"HUMANGOOD ARIZONA INC",1967-01-01,HUMANGOOD,274,17,4.5,3.8,4.9,4.2,Y,,N,N,N,Resident,Yes,5,,4,,4,,4,,4,,5,,,,2.42266,1.18076,1.15031,2.33107,4.75373,4.22873,0.77071,0.13193,20.6,,14.3,,1,,1.24918,0.88478,2.05039,0.75973,0.60635,3.41647,3.02876,2.71862,1.32501,1.29083,5.33446,4.74533,2025-06-13,3,3,1,12,1,0,12,2024-05-31,7,4,3,40,1,0,40,19.000,,0,0.00,0,0,"7550 NORTH 16TH STREET,PHOENIX,AZ,85020",33.5465,'-112.05,,2026-07-01
035004,"Santa Rosa Care Center","1650 NORTH SANTA ROSA AVENUE",TUCSON,AZ,85712,5207951610,090,Pima,Y,"For profit - Limited Liability company",144,119.7,,"Medicare and Medicaid",N,"Legal Business Name Not Available",1980-04-01,,,,,,,,N,,Y,N,N,Resident,Yes,3,,2,,5,,5,,,2,2,,,,2.07955,0.96785,0.30732,1.27518,3.35473,2.90341,0.22561,0.01751,58.2,,84.6,,1,,1.10573,0.78318,1.81494,0.67249,0.53673,3.02416,2.68097,2.63632,1.22698,0.38960,4.25291,3.68076,2025-08-29,8,6,2,40,1,0,40,2023-10-27,15,6,9,92,1,0,92,53.000,,0,0.00,0,0,"1650 NORTH SANTA ROSA AVENUE,TUCSON,AZ,85712",32.2426,'-110.89,,2026-07-01
035014,"Desert Terrace Healthcare Center","2509 NORTH 24TH STREET",PHOENIX,AZ,85008,6022731347,060,Maricopa,Y,"For profit - Corporation",108,86.9,,"Medicare and Medicaid",N,"24TH STREET HEALTHCARE ASSOCIATES LLC",1972-08-01,"THE ENSIGN GROUP",507,346,3.2,2.9,2.7,4.4,N,,Y,N,N,Resident,Yes,3,,2,,5,,5,,3,,3,,,,1.85053,0.95052,0.54454,1.49506,3.34559,2.96094,0.41436,0.06746,55.4,,41.7,,1,,1.29338,0.91609,2.12295,0.78661,0.62781,3.53738,3.13595,2.00562,1.03018,0.59018,3.62597,3.20909,2025-09-26,7,1,6,28,1,0,28,2023-10-20,5,1,4,24,1,0,24,27.000,,0,0.00,0,0,"2509 NORTH 24TH STREET,PHOENIX,AZ,85008",33.4753,'-112.03,,2026-07-01
035016,"HANDMAKER HOME FOR THE AGING","2221 NORTH ROSEMONT BOULEVARD",TUCSON,AZ,85712,5208812323,090,Pima,Y,"For profit - Corporation",94,76.6,,"Medicare and Medicaid",N,"HANDMAKER JEWISH SERVICES FOR THE AGING",1967-01-01,"POLLAK HOLDINGS",408,6,1.4,1.2,1.5,3.0,Y,"SFF Candidate",Y,N,N,Resident,Yes,2,,1,,5,,5,,5,,3,,,,2.17179,1.34074,0.38688,1.72763,3.89942,3.55055,0.31558,0.04888,68.0,,60.0,,1,,1.28781,0.91215,2.11381,0.78323,0.62511,3.52215,3.12244,2.36398,1.45939,0.42112,4.24450,3.86475,2024-10-24,29,17,17,261,1,0,261,2023-09-28,12,5,7,60,1,0,60,210.750,,0,0.00,0,0,"2221 NORTH ROSEMONT BOULEVARD,TUCSON,AZ,85712",32.2481,'-110.88,,2026-07-01
035059,"HAVEN OF SCOTTSDALE","3293 NORTH DRINKWATER BOULEVARD",SCOTTSDALE,AZ,85251,4809477443,060,Maricopa,Y,"For profit - Limited Liability company",56,47.0,,"Medicare and Medicaid",N,"HAVEN OF SCOTTSDALE LLC",1978-11-16,"HAVEN HEALTH",249,20,2.6,1.9,2.3,4.7,N,,N,N,N,Resident,Yes,2,,1,,5,,5,,4,,1,,,,1.55477,0.98075,0.60775,1.58850,3.14327,2.58255,0.39985,0.02927,76.9,,75.0,,1,,1.42611,1.01010,2.34081,0.86733,0.69224,3.90038,3.45776,1.52825,0.96401,0.59738,3.08964,2.53849,2026-01-07,13,12,8,84,1,0,84,2024-10-10,11,7,5,68,1,0,68,80.000,,0,0.00,0,0,"3293 NORTH DRINKWATER BOULEVARD,SCOTTSDALE,AZ,85251",33.4856,'-111.92,,2026-07-01
035062,"DESERT HAVEN CARE CENTER","2645 EAST THOMAS ROAD",PHOENIX,AZ,85016,6029568000,060,Maricopa,Y,"For profit - Limited Liability company",115,81.5,,"Medicare and Medicaid",N,"SRCV HAVEN, LLC",1975-02-04,,,,,,,,N,,Y,N,N,Resident,Yes,1,,1,,3,,3,,,2,1,25,25,6,,,,,,,,,,26,,26,,26,,,,,,,,,,,,,2025-09-05,10,2,8,76,1,0,76,2024-04-17,7,5,3,64,1,0,64,73.000,,3,100018.00,0,3,"2645 EAST THOMAS ROAD,PHOENIX,AZ,85016",33.4804,'-112.02,,2026-07-01
035064,"FOOTHILLS REHABILITATION CENTER","2250 NORTH CRAYCROFT ROAD",TUCSON,AZ,85712,5207338700,090,Pima,Y,"For profit - Limited Liability company",149,124.4,,"Medicare and Medicaid",N,"FOOTHILLS REHABILITATION CENTER LLC",1976-08-18,"ATIED ASSOCIATES",53,12,2.3,2.6,1.8,3.2,N,,Y,N,N,Resident,Yes,2,,1,,5,,5,,,2,3,,,,2.58911,0.77995,0.70517,1.48512,4.07423,3.80430,0.49130,0.04683,22.8,,15.8,,0,,1.73893,1.23167,2.85427,1.05759,0.84408,4.75595,4.21623,2.08712,0.62873,0.56845,3.28430,3.06670,2026-03-28,14,12,10,92,1,0,92,2025-03-07,5,1,4,36,1,0,36,78.000,0,0,0.00,0,0,"2250 NORTH CRAYCROFT ROAD,TUCSON,AZ,85712",32.2488,'-110.88,,2026-07-01
035068,"PUEBLO SPRINGS REHABILITATION CENTER","5545 EAST LEE STREET",TUCSON,AZ,85712,5202962306,090,Pima,Y,"For profit - Limited Liability company",129,92.5,,"Medicare and Medicaid",N,"WILLOW CANYON HEALTHCARE LLC",1981-01-16,"THE ENSIGN GROUP",507,346,3.2,2.9,2.7,4.4,N,,N,N,N,Resident,Yes,2,,3,,4,,5,,3,,1,,,,1.88921,0.93102,0.21073,1.14175,3.03096,2.64496,0.13802,0.06890,58.3,,75.0,,1,,1.25051,0.88572,2.05258,0.76054,0.60700,3.42012,3.03199,2.11774,1.04365,0.23622,3.39761,2.96491,2025-06-06,4,4,1,24,1,0,24,2023-04-25,8,3,5,48,1,0,48,30.000,,0,0.00,0,0,"5545 EAST LEE STREET,TUCSON,AZ,85712",32.2416,'-110.87,,2026-07-01
035070,"CASAS ADOBES POST ACUTE REHAB CENTER","1919 WEST MEDICAL STREET",TUCSON,AZ,85704,5202978311,090,Pima,Y,"For profit - Limited Liability company",230,186.7,,"Medicare and Medicaid",N,"SENTINEL PEAK HEALTHCARE LLC",1979-04-17,"THE ENSIGN GROUP",507,346,3.2,2.9,2.7,4.4,N,,Y,N,N,Resident,Yes,3,,2,,5,,5,,5,,3,,,,2.46384,1.03919,0.46360,1.50279,3.96663,3.45926,0.34269,0.04229,50.5,,76.0,,0,,1.22869,0.87027,2.01677,0.74727,0.59641,3.36045,2.97910,2.81092,1.18558,0.52891,4.52541,3.94656,2026-05-22,3,2,2,12,1,0,12,2024-03-28,10,5,7,52,1,0,52,22.000,,0,0.00,0,0,"1919 WEST MEDICAL STREET,TUCSON,AZ,85704",32.3221,'-111,,2026-07-01
035071,"MISSION PALMS POST ACUTE","6461 EAST BAYWOOD AVENUE",MESA,AZ,85206,4808325160,060,Maricopa,Y,"For profit - Limited Liability company",160,149.9,,"Medicare and Medicaid",N,"ROYAL VIEW HEALTHCARE LLC",1979-07-05,"THE ENSIGN GROUP",507,346,3.2,2.9,2.7,4.4,N,,N,N,N,Resident,Yes,5,,4,,5,,5,,5,,4,,,,1.83406,1.19566,0.51415,1.70981,3.54387,3.19331,0.24284,0.06686,37.1,,15.8,,0,,1.37568,0.97438,2.25803,0.83666,0.66776,3.76245,3.33548,1.86886,1.21834,0.52390,3.61110,3.25390,2026-02-20,3,0,3,12,1,0,12,2023-11-17,8,6,8,32,1,0,32,17.000,,0,0.00,0,0,"6461 EAST BAYWOOD AVENUE,MESA,AZ,85206",33.4103,'-111.69,,2026-07-01
035072,"PHOENIX MOUNTAIN POST ACUTE","13232 NORTH TATUM BLVD",PHOENIX,AZ,85032,6029965200,060,Maricopa,Y,"For profit - Corporation",130,118.9,,"Medicare and Medicaid",N,"LOOKOUT MOUNTAIN HEALTHCARE LLC",1979-11-25,"THE ENSIGN GROUP",507,346,3.2,2.9,2.7,4.4,N,,N,N,N,Resident,Yes,2,,1,,5,,5,,5,,2,,,,1.98279,0.72433,0.55139,1.27571,3.25850,2.99594,0.46506,0.04188,68.4,,61.9,,1,,1.33454,0.94524,2.19050,0.81164,0.64779,3.64993,3.23573,2.08269,0.76082,0.57917,3.42268,3.14690,2025-11-19,7,5,2,40,1,0,40,2023-07-06,17,14,3,112,1,0,112,58.000,,1,8018.00,0,1,"13232 NORTH TATUM BLVD,PHOENIX,AZ,85032",33.6071,'-111.98,,2026-07-01
035073,"HAVEN HEALTH GREEN VALLEY, LLC","150 NORTH LA CANADA DRIVE","GREEN VALLEY",AZ,85614,5206250178,090,Pima,Y,"For profit - Limited Liability company",111,102.3,,"Medicare and Medicaid",N,"HAVEN HEALTH GREEN VALLEY LLC",1981-01-01,"HAVEN HEALTH",249,20,2.6,1.9,2.3,4.7,N,,N,Y,N,Resident,Yes,3,,2,,5,,5,,5,,3,,,,2.07689,0.76922,0.37755,1.14676,3.22366,2.86098,0.32211,0.05458,18.4,,14.3,,0,,1.31105,0.92860,2.15194,0.79736,0.63639,3.58569,3.17877,2.22063,0.82245,0.40368,3.44675,3.05897,2024-05-23,9,9,3,44,1,0,44,2023-01-13,16,15,1,84,1,0,84,54.000,,0,0.00,0,0,"150 NORTH LA CANADA DRIVE,GREEN VALLEY,AZ,85614",31.8727,'-111,,2026-07-01
035074,"FRIENDSHIP VILLAGE OF TEMPE","2525 EAST SOUTHERN AVENUE",TEMPE,AZ,85282,4808313184,060,Maricopa,Y,"Non profit - Other",128,57.1,,Medicare,N,"TEMPE LIFE CARE VILLAGE INC",1980-11-12,"LIFE CARE SERVICES",312,44,4.0,3.6,4.4,4.0,Y,,N,N,N,Both,Yes,3,,4,,4,,3,,5,,1,25,25,6,,,,,,,,,46.6,,41.0,,0,,,,,,,,,,,,,,2026-05-01,0,0,0,0,0,0,0,2025-01-17,19,10,9,92,1,0,92,23.000,,0,0.00,0,0,"2525 EAST SOUTHERN AVENUE,TEMPE,AZ,85282",33.393,'-111.88,,2026-07-01
035076,"OSBORN HEALTH AND REHABILITATION","3333 NORTH CIVIC CENTER PLAZA",SCOTTSDALE,AZ,85251,4809941333,060,Maricopa,Y,"For profit - Corporation",130,117.6,,"Medicare and Medicaid",N,"RENEWCARE OF SCOTTSDALE, INC.",1981-05-07,"THE ENSIGN GROUP",507,346,3.2,2.9,2.7,4.4,N,,N,N,N,Resident,Yes,5,,5,,5,,5,,5,,3,,,,2.55947,1.08370,0.56159,1.64529,4.20476,3.73010,0.42415,0.08842,58.1,,46.7,,1,,1.43621,1.01725,2.35739,0.87348,0.69714,3.92801,3.48224,2.49811,1.05772,0.54812,4.10396,3.64067,2026-01-16,2,1,1,8,1,0,8,2024-10-10,2,2,0,12,1,0,12,9.000,,0,0.00,0,0,"3333 NORTH CIVIC CENTER PLAZA,SCOTTSDALE,AZ,85251",33.4861,'-111.92,,2026-07-01
035083,"HERITAGE COURT POST ACUTE OF SCOTTSDALE","3339 NORTH DRINKWATER BOULEVARD",SCOTTSDALE,AZ,85251,4809495400,060,Maricopa,Y,"For profit - Corporation",108,83.0,,"Medicare and Medicaid",N,"ECHO CANYON HEALTHCARE, INC.",1983-02-01,"THE ENSIGN GROUP",507,346,3.2,2.9,2.7,4.4,N,,N,N,N,Resident,Yes,5,,4,,5,,5,,5,,2,,,,1.74971,1.08727,0.47237,1.55964,3.30935,2.90300,0.23062,0.06756,50.7,,70.0,,1,,1.30018,0.92091,2.13412,0.79075,0.63111,3.55598,3.15244,1.88643,1.17223,0.50928,3.56794,3.12984,2025-04-18,5,4,1,24,1,0,24,2023-11-17,8,4,5,32,1,0,32,26.000,,0,0.00,0,0,"3339 NORTH DRINKWATER BOULEVARD,SCOTTSDALE,AZ,85251",33.4868,'-111.92,,2026-07-01
035084,"Plaza Healthcare","1475 NORTH GRANITE REEF ROAD",SCOTTSDALE,AZ,85257,4809901904,060,Maricopa,Y,"For profit - Limited Liability company",179,137.4,,"Medicare and Medicaid",N,"PLAZA HC HOLDING COMPANY LLC",1983-01-18,,,,,,,,N,,N,N,N,Resident,Yes,5,,5,,5,,5,,5,,3,,,,2.57611,1.40198,1.86101,3.26300,5.83910,4.89334,1.22351,0.36715,47.7,,46.9,,0,,2.38058,1.68614,3.90747,1.44783,1.15554,6.51084,5.77197,1.51691,0.82554,1.09584,3.43829,2.88139,2026-05-08,2,2,0,8,1,0,8,2025-01-24,5,3,2,20,1,0,20,11.000,,0,0.00,0,0,"1475 NORTH GRANITE REEF ROAD,SCOTTSDALE,AZ,85257",33.4642,'-111.9,,2026-07-01
035085,"HAVEN OF SAGUARO VALLEY","6651 EAST CARONDELET DRIVE",TUCSON,AZ,85710,5207318500,090,Pima,Y,"For profit - Limited Liability company",112,98.1,,"Medicare and Medicaid",N,"HAVEN OF SAGUARO VALLEY LLC",1983-02-24,"HAVEN HEALTH",249,20,2.6,1.9,2.3,4.7,N,,N,N,N,Resident,Yes,5,,4,,5,,5,,5,,2,,,,1.41167,1.04512,0.39470,1.43982,2.85148,2.47900,0.28987,0.03769,38.8,,0.0,,0,,1.39677,0.98932,2.29265,0.84949,0.67800,3.82013,3.38661,1.41673,1.04887,0.39611,2.86171,2.48790,2025-05-23,1,0,1,4,0,0,4,2023-04-13,8,5,3,36,1,0,36,12.000,,0,0.00,0,0,"6651 EAST CARONDELET DRIVE,TUCSON,AZ,85710",32.2256,'-110.85,,2026-07-01
035086,"HAVEN OF SIERRA VISTA, LLC","660 SOUTH CORONADO DRIVE","SIERRA VISTA",AZ,85635,5204594900,010,Cochise,Y,"For profit - Limited Liability company",100,89.7,,"Medicare and Medicaid",N,"HAVEN OF SIERRA VISTA LLC",1983-06-22,"HAVEN HEALTH",249,20,2.6,1.9,2.3,4.7,N,,Y,N,N,Resident,Yes,2,,2,,5,,5,,5,,1,,,,1.68672,0.97886,0.42840,1.40726,3.09398,2.84390,0.31679,0.06130,46.6,,46.2,,0,,1.42359,1.00831,2.33667,0.86580,0.69102,3.89349,3.45164,1.66088,0.96387,0.42183,3.04658,2.80033,2025-12-10,3,2,2,28,1,0,28,2023-12-08,10,10,2,48,1,0,48,33.000,,0,0.00,0,0,"660 SOUTH CORONADO DRIVE,SIERRA VISTA,AZ,85635",31.5477,'-110.28,,2026-07-01
035087,"NORTH MOUNTAIN MEDICAL AND REHABILITATION CENTER","9155 NORTH THIRD STREET",PHOENIX,AZ,85020,6029441666,060,Maricopa,Y,"For profit - Corporation",164,156.7,,"Medicare and Medicaid",N,"RADIANT HILLS HEALTH ASSOCIATES LLC",1983-11-02,"THE ENSIGN GROUP",507,346,3.2,2.9,2.7,4.4,N,,N,N,N,Resident,Yes,5,,5,,5,,5,,5,,2,,,,3.14869,1.56857,1.22398,2.79256,5.94125,5.30908,0.92852,0.13012,43.0,,57.7,,0,,2.66478,1.88743,4.37395,1.62067,1.29349,7.28811,6.46103,1.65634,0.82513,0.64386,3.12533,2.79279,2025-11-25,2,2,1,12,1,0,12,2023-09-01,1,0,1,4,0,0,4,10.000,,0,0.00,0,0,"9155 NORTH THIRD STREET,PHOENIX,AZ,85020",33.5694,'-112.07,,2026-07-01
035088,"CAMELBACK POST ACUTE CARE AND REHABILITATION","4635 NORTH 14TH STREET",PHOENIX,AZ,85014,6022649039,060,Maricopa,Y,"For profit - Corporation",107,84.3,,"Medicare and Medicaid",N,"HIGHLAND HEALTHCARE LLC",1984-01-06,"THE ENSIGN GROUP",507,346,3.2,2.9,2.7,4.4,N,,N,Y,N,Resident,Yes,3,,2,,5,,5,,5,,4,,,,1.66302,0.76199,0.82671,1.58870,3.25172,2.73620,0.57301,0.11725,34.4,,20.0,,0,,1.37335,0.97273,2.25421,0.83525,0.66663,3.75609,3.32984,1.69744,0.77777,0.84382,3.31903,2.79284,2024-04-24,9,8,2,44,1,0,44,2022-12-01,4,0,4,40,0,0,40,43.000,,0,0.00,0,0,"4635 NORTH 14TH STREET,PHOENIX,AZ,85014",33.5047,'-112.05,,2026-07-01
035091,"HAVEN OF FLAGSTAFF","800 WEST UNIVERSITY AVENUE",FLAGSTAFF,AZ,86001,9287796931,020,Coconino,Y,"For profit - Corporation",83,77.9,,"Medicare and Medicaid",N,"HAVEN OF FLAGSTAFF LLC",1984-02-08,"HAVEN HEALTH",249,20,2.6,1.9,2.3,4.7,N,,Y,N,N,Resident,Yes,3,,2,,5,,5,,5,,3,,,,1.78862,0.72617,0.83498,1.56115,3.34977,3.08908,0.83571,0.04392,43.8,,40.0,,0,,1.48641,1.05281,2.43978,0.90401,0.72151,4.06530,3.60396,1.68678,0.68482,0.78744,3.15904,2.91320,2025-03-14,7,6,5,28,1,0,28,2023-10-05,12,6,8,68,1,0,68,38.000,,1,13098.00,0,1,"800 WEST UNIVERSITY AVENUE,FLAGSTAFF,AZ,86001",35.1842,'-111.66,,2026-07-01
035092,"Bella Vita Health and Rehabilitation Center","5125 NORTH 58TH AVENUE",GLENDALE,AZ,85301,6239315800,060,Maricopa,Y,"For profit - Corporation",176,159.5,,"Medicare and Medicaid",N,"GLENDALE HEALTHCARE ASSOCIATES LLC",1984-03-27,"THE ENSIGN GROUP",507,346,3.2,2.9,2.7,4.4,N,,Y,N,N,Resident,Yes,3,,2,,5,,5,,5,,3,,,,2.19779,1.37441,0.30512,1.67953,3.87732,3.43559,0.23910,0.06764,44.5,,50.0,,0,,1.25932,0.89196,2.06704,0.76590,0.61128,3.44422,3.05336,2.44641,1.52988,0.33964,4.31593,3.82423,2024-10-31,8,5,5,48,1,0,48,2023-03-10,5,0,5,28,0,0,28,43.000,,1,8278.00,0,1,"5125 NORTH 58TH AVENUE,GLENDALE,AZ,85301",33.5118,'-112.18,,2026-07-01
035093,"HAVEN OF COTTONWOOD","197 SOUTH WILLARD STREET",COTTONWOOD,AZ,86326,9286345548,120,Yavapai,Y,"For profit - Limited Liability company",80,65.6,,"Medicare and Medicaid",N,"HAVEN OF COTTONWOOD LLC",1984-06-22,"HAVEN HEALTH",249,20,2.6,1.9,2.3,4.7,N,,N,N,N,Both,Yes,2,,1,,5,,5,,5,,1,,,,1.53910,0.81145,0.44721,1.25866,2.79776,2.49970,0.30117,0.05754,59.7,,54.5,,0,,1.40599,0.99585,2.30778,0.85510,0.68247,3.84535,3.40897,1.53449,0.80902,0.44587,2.78938,2.49222,2025-05-21,22,20,13,124,1,0,124,2024-04-11,9,3,6,44,1,0,44,104.000,,0,0.00,0,0,"197 SOUTH WILLARD STREET,COTTONWOOD,AZ,86326",34.7371,'-112.03,,2026-07-01
035094,"HAVEN OF SEDONA","505 JACKS CANYON ROAD",SEDONA,AZ,86351,4809354300,020,Coconino,Y,"For profit - Corporation",112,90.2,,"Medicare and Medicaid",N,"HAVEN OF SEDONA LLC",1984-05-30,"HAVEN HEALTH",249,20,2.6,1.9,2.3,4.7,N,"SFF Candidate",Y,N,N,Resident,Yes,2,,1,,5,,5,,5,,2,,,,1.71631,0.75525,0.44282,1.19807,2.91438,2.43024,0.33746,0.02535,50.7,,33.3,,0,,1.42732,1.01095,2.34279,0.86807,0.69283,3.90369,3.46069,1.68560,0.74174,0.43489,2.86223,2.38676,2026-04-22,23,16,9,120,1,0,120,2025-04-09,23,16,13,132,1,0,132,123.000,,0,0.00,0,0,"505 JACKS CANYON ROAD,SEDONA,AZ,86351",34.7793,'-111.75,,2026-07-01
035095,"Desert Cove Nursing Center","1750 WEST FRYE ROAD",CHANDLER,AZ,85224,4808990641,060,Maricopa,Y,"For profit - Partnership",120,68.7,,"Medicare and Medicaid",N,"CHANDLER UNITED MEDICAL INVESTORS LIMITED PARTNERSHIP",1984-12-03,"LIFE CARE CENTERS OF AMERICA",311,194,3.4,2.9,3.3,4.5,N,,Y,N,N,Resident,Yes,2,,1,,5,,5,,5,,3,,,,1.96223,1.15219,0.69463,1.84682,3.80905,3.15697,0.35961,0.07130,50.0,,75.0,,1,,1.30503,0.92434,2.14208,0.79370,0.63347,3.56925,3.16420,2.10769,1.23760,0.74613,4.09142,3.39100,2025-11-19,16,9,8,72,1,0,72,2024-02-09,15,9,6,88,1,0,88,76.000,,0,0.00,0,0,"1750 WEST FRYE ROAD,CHANDLER,AZ,85224",33.2987,'-111.87,,2026-07-01
035096,"HAVEN OF SANDPOINTE, LLC","2222 SOUTH AVENUE A",YUMA,AZ,85364,9287838831,130,Yuma,Y,"For profit - Limited Liability company",143,99.1,,"Medicare and Medicaid",N,"HAVEN OF SANDPOINTE LLC",1985-02-19,"HAVEN HEALTH",249,20,2.6,1.9,2.3,4.7,N,,Y,N,N,Resident,Yes,3,,2,,5,,5,,5,,4,,,,2.30485,0.80751,0.60348,1.41099,3.71584,3.25612,0.54261,0.04763,20.7,,8.3,,0,,1.44574,1.02400,2.37303,0.87927,0.70177,3.95407,3.50535,2.23477,0.78295,0.58513,3.60285,3.15710,2025-08-13,10,9,2,64,1,0,64,2023-09-22,4,2,2,16,1,0,16,52.000,,0,0.00,0,0,"2222 SOUTH AVENUE A,YUMA,AZ,85364",32.6873,'-114.63,,2026-07-01
035097,"The Legacy Rehab & Care Center","2812 SILVER CREEK ROAD","BULLHEAD CITY",AZ,86442,9287631404,070,Mohave,Y,"For profit - Corporation",120,79.0,,"Medicare and Medicaid",N,"SILVER RIDGE MANAGEMENT INC",1985-01-08,,,,,,,,N,,N,N,N,Resident,Yes,5,,5,,3,,3,,3,,3,,,,2.09756,1.03683,0.39982,1.43664,3.53420,3.17889,0.18988,0.05512,41.7,,42.9,,1,,1.30252,0.92256,2.13795,0.79217,0.63225,3.56237,3.15810,2.25740,1.11584,0.43028,3.80352,3.42114,2026-05-15,2,1,1,8,1,0,8,2025-01-17,0,0,0,0,0,0,0,6.000,,0,0.00,0,0,"2812 SILVER CREEK ROAD,BULLHEAD CITY,AZ,86442",35.1098,'-114.55,,2026-07-01
035099,"SANDSTONE OF TUCSON REHAB CENTRE","2900 EAST MILBER STREET",TUCSON,AZ,85714,5202940005,090,Pima,Y,"For profit - Limited Liability company",240,118.1,,"Medicare and Medicaid",N,"SANDSTONE OF TUCSON REHAB CENTRE LLC",1985-02-05,"SANDSTONE HEALTHCARE GROUP",463,3,2.0,1.7,3.3,4.0,N,,Y,N,N,Resident,Yes,2,,1,,5,,5,,4,,4,,,,2.30137,0.92362,0.53416,1.45778,3.75915,3.49814,0.43659,0.03741,46.4,,50.0,,1,,1.11661,0.79088,1.83280,0.67910,0.54201,3.05391,2.70734,2.88911,1.15950,0.67058,4.71919,4.39152,2026-04-03,27,2,26,128,1,0,128,2023-11-03,20,13,7,104,1,0,104,122.000,0,2,55090.00,0,2,"2900 EAST MILBER STREET,TUCSON,AZ,85714",32.1727,'-110.93,,2026-07-01
035100,"Havasu Nursing Center","3576 KEARSAGE DRIVE","LAKE HAVASU CITY",AZ,86406,9284531500,070,Mohave,Y,"For profit - Corporation",118,49.4,,"Medicare and Medicaid",N,"HAVASU NURSING CENTER #2 INC",1985-02-28,"CIRCLE B ENTERPRISES",145,36,2.5,3.1,2.0,1.9,N,,N,N,N,Resident,Yes,3,,3,,3,,4,,3,,2,,,,1.69016,0.66985,0.72857,1.39843,3.08858,2.62157,0.52193,0.09692,58.3,,37.5,,0,,1.35272,0.95812,2.22035,0.82270,0.65662,3.69967,3.27982,1.75145,0.69415,0.75499,3.20059,2.71665,2025-04-10,5,4,1,28,1,0,28,2024-02-01,4,4,4,16,1,0,16,25.000,,0,0.00,0,0,"3576 KEARSAGE DRIVE,LAKE HAVASU CITY,AZ,86406",34.4544,'-114.26,,2026-07-01
035101,"CHANDLER POST ACUTE AND REHABILITATION","2121 WEST ELGIN STREET",CHANDLER,AZ,85224,4808996717,060,Maricopa,Y,"For profit - Corporation",120,105.9,,"Medicare and Medicaid",N,"OCOTILLO HEALTHCARE INC",1985-01-24,"THE ENSIGN GROUP",507,346,3.2,2.9,2.7,4.4,N,,N,Y,N,Resident,Yes,4,,3,,5,,5,,5,,4,,,,1.98808,0.96915,0.79191,1.76106,3.74914,3.11304,0.46394,0.11545,43.7,,47.6,,0,,1.37105,0.97110,2.25044,0.83385,0.66552,3.74981,3.32427,2.03263,0.99087,0.80965,3.83315,3.18280,2023-12-07,7,0,7,32,0,0,32,2022-10-20,10,6,4,40,1,0,40,34.000,,0,0.00,0,0,"2121 WEST ELGIN STREET,CHANDLER,AZ,85224",33.2972,'-111.88,,2026-07-01
035103,"CITADEL POST ACUTE","5121 EAST BROADWAY ROAD",MESA,AZ,85206,4808325555,060,Maricopa,Y,"For profit - Corporation",128,120.4,,"Medicare and Medicaid",N,"HIGLEY HEALTHCARE, INC.",1985-03-01,"THE ENSIGN GROUP",507,346,3.2,2.9,2.7,4.4,Y,,N,N,N,Resident,Yes,5,,4,,5,,5,,5,,3,,,,1.84864,1.26322,0.44078,1.70399,3.55263,2.99597,0.23898,0.15640,43.8,,37.5,,0,,1.33055,0.94242,2.18396,0.80922,0.64585,3.63903,3.22606,1.94760,1.33084,0.46437,3.74282,3.15635,2025-02-21,4,3,1,16,1,0,16,2023-04-14,1,1,0,4,1,0,4,13.000,,0,0.00,0,0,"5121 EAST BROADWAY ROAD,MESA,AZ,85206",33.4084,'-111.72,,2026-07-01
035105,"Shea Post Acute Rehabilitation Center","11150 NORTH 92ND STREET",SCOTTSDALE,AZ,85260,4808601766,060,Maricopa,Y,"For profit - Corporation",120,106.0,,"Medicare and Medicaid",N,"DESERT COVE HEALTHCARE, INC.",1985-04-09,"THE ENSIGN GROUP",507,346,3.2,2.9,2.7,4.4,N,,N,N,N,Resident,Yes,5,,5,,5,,5,,5,,3,,,,1.61849,0.96534,0.71831,1.68365,3.30214,2.73257,0.40101,0.10581,47.5,,46.7,,0,,1.29609,0.91801,2.12740,0.78826,0.62913,3.54478,3.14251,1.75047,1.04406,0.77688,3.57140,2.95539,2024-12-13,1,1,1,4,1,0,4,2023-06-02,6,6,0,28,1,0,28,10.000,,0,0.00,0,0,"11150 NORTH 92ND STREET,SCOTTSDALE,AZ,85260",33.5868,'-111.88,,2026-07-01
035106,"TEMPE POST ACUTE","6100 SOUTH RURAL ROAD",TEMPE,AZ,85283,4808318660,060,Maricopa,Y,"For profit - Corporation",60,70.5,,"Medicare and Medicaid",N,"WESTERN CANAL HEALTHCARE LLC",1985-07-29,"THE ENSIGN GROUP",507,346,3.2,2.9,2.7,4.4,Y,,N,N,N,Resident,Yes,5,,5,,5,,5,,5,,1,25,25,6,,,,,,,,,,26,,26,0,,,,,,,,,,,,,,2026-03-06,3,3,0,12,1,0,12,2024-11-21,1,1,0,8,1,0,8,11.000,,0,0.00,0,0,"6100 SOUTH RURAL ROAD,TEMPE,AZ,85283",33.3674,'-111.93,,2026-07-01
035107,"HAVEN OF PHOENIX","4202 NORTH 20TH AVENUE",PHOENIX,AZ,85015,6022643824,060,Maricopa,Y,"For profit - Corporation",114,106.9,,"Medicare and Medicaid",N,"HAVEN OF PHOENIX LLC",1985-06-24,"HAVEN HEALTH",249,20,2.6,1.9,2.3,4.7,N,,Y,N,N,None,Yes,3,,2,,5,,5,,4,,3,,,,1.92896,0.76512,0.53212,1.29724,3.22619,2.84481,0.33357,0.05046,37.4,,41.7,,0,,1.33680,0.94684,2.19421,0.81302,0.64889,3.65611,3.24120,2.02272,0.80231,0.55798,3.38302,2.98310,2026-05-06,8,6,2,60,1,0,60,2025-01-24,8,4,6,36,1,0,36,54.000,,1,8278.00,0,1,"4202 NORTH 20TH AVENUE,PHOENIX,AZ,85015",33.4966,'-112.1,,2026-07-01
035110,"Sun West Choice Healthcare & Rehab","14002 WEST MEEKER BLVD","SUN CITY WEST",AZ,85375,6235846161,060,Maricopa,Y,"For profit - Corporation",140,134.0,,"Medicare and Medicaid",N,"APACHE TRAIL HEALTHCARE, INC.",1985-07-25,"THE ENSIGN GROUP",507,346,3.2,2.9,2.7,4.4,N,,N,N,N,Resident,Yes,5,,4,,5,,5,,5,,4,,,,2.17514,0.83742,0.59432,1.43174,3.60688,3.16585,0.37344,0.07818,34.4,,41.7,,0,,1.29074,0.91421,2.11861,0.78500,0.62653,3.53014,3.12953,2.36227,0.90947,0.64545,3.91718,3.43821,2024-09-03,3,2,2,16,1,0,16,2023-02-03,4,3,1,32,1,0,32,20.000,,1,4838.00,0,1,"14002 WEST MEEKER BLVD,SUN CITY WEST,AZ,85375",33.6589,'-112.36,,2026-07-01
035111,"Lake Pleasant Post Acute Rehabilitation Center","20625 NORTH LAKE PLEASANT ROAD",PEORIA,AZ,85382,6235660642,060,Maricopa,Y,"For profit - Limited Liability company",128,101.5,,"Medicare and Medicaid",N,"LAKE PLEASANT HEALTHCARE INC.",1985-07-29,"THE ENSIGN GROUP",507,346,3.2,2.9,2.7,4.4,N,,N,N,N,Resident,Yes,4,,3,,5,,5,,5,,2,,,,1.78455,0.94598,0.59208,1.53806,3.32261,2.91525,0.45789,0.07909,50.0,,61.1,,0,,1.37453,0.97356,2.25614,0.83596,0.66720,3.75931,3.33269,1.81993,0.96474,0.60382,3.38848,2.97305,2026-02-26,5,5,1,28,1,0,28,2024-05-10,8,5,3,44,1,0,44,32.000,,0,0.00,0,0,"20625 NORTH LAKE PLEASANT ROAD,PEORIA,AZ,85382",33.671,'-112.28,,2026-07-01
035112,"APACHE JUNCTION HEALTH CENTER","2012 WEST SOUTHERN AVE","APACHE JUNCTION",AZ,85120,4809830700,100,Pinal,Y,"For profit - Corporation",190,177.7,,"Medicare and Medicaid",N,"APACHE JUNCTION COMMUNITY HEALTHCARE LLC",1998-05-13,"PACS GROUP",690,281,2.8,2.5,2.4,4.4,N,,N,N,N,Resident,Yes,4,,3,,5,,5,,5,,2,,,,2.14381,1.22938,0.22802,1.45740,3.60121,3.55978,0.33357,0.06043,42.6,,35.7,,0,,1.58898,1.12546,2.60814,0.96639,0.77130,4.34583,3.85265,1.89124,1.08454,0.20116,3.17694,3.14040,2025-02-21,5,5,5,24,1,0,24,2023-06-16,5,1,4,44,1,0,44,29.000,,0,0.00,0,0,"2012 WEST SOUTHERN AVE,APACHE JUNCTION,AZ,85120",33.3933,'-111.57,,2026-07-01
035114,"Mountain View Manor","1045 SANDRETTO DRIVE",PRESCOTT,AZ,86305,9287784837,120,Yavapai,Y,"For profit - Individual",116,48.4,,"Medicare and Medicaid",N,"SANDRETTO HILLS NURSING CENTER 2",1985-06-10,"CIRCLE B ENTERPRISES",145,36,2.5,3.1,2.0,1.9,N,,Y,N,N,Resident,Yes,1,,1,,2,,2,,1,,3,,,,2.43206,1.60412,0.25867,1.86280,4.29485,3.91527,0.17982,0.09949,51.4,,57.1,,2,,1.20218,0.85149,1.97325,0.73115,0.58354,3.28794,2.91482,2.83585,1.87046,0.30162,5.00793,4.56532,2025-02-28,12,12,0,60,1,0,60,2023-02-22,23,18,5,144,1,0,144,81.000,,0,0.00,0,0,"1045 SANDRETTO DRIVE,PRESCOTT,AZ,86305",34.6028,'-112.46,,2026-07-01
035116,"THE REHABILITATION CENTER AT THE PALAZZO","6250 NORTH 19TH AVENUE",PHOENIX,AZ,85015,6024336300,060,Maricopa,Y,"For profit - Limited Liability company",60,52.9,,"Medicare and Medicaid",N,"APHZ LLC",1985-09-19,"ASPEN SKILLED HEALTHCARE",50,35,3.7,3.1,3.9,4.5,N,,N,N,N,Resident,Yes,4,,3,,5,,5,,5,,4,,,,2.49286,1.25255,0.58145,1.83400,4.32686,3.77396,0.42596,0.13799,51.6,,20.0,,0,,1.48123,1.04914,2.43129,0.90086,0.71900,4.05114,3.59140,2.35915,1.18537,0.55026,4.09477,3.57153,2025-06-27,6,5,1,32,1,0,32,2023-09-08,10,7,5,52,1,0,52,37.000,0,0,0.00,0,0,"6250 NORTH 19TH AVENUE,PHOENIX,AZ,85015",33.5285,'-112.1,,2026-07-01
035117,"PAYSON CARE CENTER","107 EAST LONE PINE DRIVE",PAYSON,AZ,85541,9284746896,030,Gila,N,"For profit - Limited Liability company",163,41.0,,"Medicare and Medicaid",N,"PAYSON UNITED MEDICAL INVESTORS LLC",1985-11-25,"LIFE CARE CENTERS OF AMERICA",311,194,3.4,2.9,3.3,4.5,N,,N,N,N,Resident,Yes,2,,2,,4,,3,,5,,3,,,,2.12768,1.00850,0.82326,1.83176,3.95945,3.55133,0.62910,0.00609,53.5,,50.0,,2,,1.36611,0.96760,2.24233,0.83085,0.66312,3.73630,3.31229,2.18323,1.03483,0.84476,4.06281,3.64404,2025-03-07,7,7,1,40,1,0,40,2023-04-06,14,3,11,64,1,0,64,46.000,,0,0.00,0,0,"107 EAST LONE PINE DRIVE,PAYSON,AZ,85541",34.2312,'-111.32,,2026-07-01
035118,"HAVEN OF CAMP VERDE","86 WEST SALT MINE ROAD","CAMP VERDE",AZ,86322,9285675253,120,Yavapai,Y,"For profit - Limited Liability company",58,48.0,,"Medicare and Medicaid",N,"HAVEN OF CAMP VERDE LLC",1985-11-13,"HAVEN HEALTH",249,20,2.6,1.9,2.3,4.7,N,,Y,N,N,Resident,Yes,3,,2,,5,,5,,4,,3,,,,1.93814,0.48231,0.70833,1.19064,3.12877,2.79592,0.53045,0.04816,51.1,,50.0,,1,,1.29658,0.91835,2.12820,0.78856,0.62936,3.54612,3.14369,2.09539,0.52144,0.76580,3.38263,3.02277,2026-05-28,6,3,4,44,1,0,44,2025-01-30,11,5,6,52,1,0,52,46.000,,1,18252.00,0,1,"86 WEST SALT MINE ROAD,CAMP VERDE,AZ,86322",34.5549,'-111.86,,2026-07-01
035120,"MI CASA NURSING CENTER","330 SOUTH PINNULE CIRCLE",MESA,AZ,85206,4809810687,060,Maricopa,Y,"For profit - Corporation",180,99.4,,"Medicare and Medicaid",N,"MESA UNITED MEDICAL INVESTORS LIMITED PARTNERSHIP",1985-11-27,"LIFE CARE CENTERS OF AMERICA",311,194,3.4,2.9,3.3,4.5,N,,Y,N,N,Resident,Yes,3,,2,,5,,4,,5,,3,,,,2.16665,0.89353,0.78340,1.67693,3.84358,3.44801,0.75352,0.08796,51.3,,33.3,,1,,1.41843,1.00466,2.32820,0.86266,0.68851,3.87937,3.43913,2.14122,0.88304,0.77421,3.79846,3.40754,2025-04-04,10,6,4,52,1,0,52,2023-06-08,8,1,7,40,1,0,40,49.000,,0,0.00,0,0,"330 SOUTH PINNULE CIRCLE,MESA,AZ,85206",33.4108,'-111.7,,2026-07-01
035121,"BOSWELL TRANSITIONAL CARE OF CASCADIA","10601 WEST SANTA FE DRIVE","SUN CITY",AZ,85351,6238327000,060,Maricopa,Y,"For profit - Limited Liability company",115,96.5,,"Medicare and Medicaid",N,"SUN CITY OF CASCADIA LLC",1985-12-16,"CASCADIA HEALTHCARE",118,45,3.1,2.9,2.7,3.9,N,,N,N,N,Resident,Yes,5,,4,,5,,4,,5,,2,,,,2.05813,1.07165,0.62777,1.69941,3.75755,3.17679,0.34498,0.14080,44.0,,42.9,,0,,1.64651,1.16621,2.70257,1.00138,0.79922,4.50318,3.99214,1.75222,0.91236,0.53446,3.19904,2.70461,2025-05-09,2,2,0,12,1,0,12,2023-03-23,2,2,0,8,1,0,8,11.000,,0,0.00,0,0,"10601 WEST SANTA FE DRIVE,SUN CITY,AZ,85351",33.6039,'-112.29,,2026-07-01
035125,"RIDGECREST POST ACUTE","16640 NORTH 38TH STREET",PHOENIX,AZ,85032,6024826671,060,Maricopa,Y,"For profit - Limited Liability company",200,171.2,,"Medicare and Medicaid",N,"RIDGECREST COMMUNITY HEALTHCARE, LLC",1986-02-28,"PACS GROUP",690,281,2.8,2.5,2.4,4.4,N,,N,N,N,Resident,Yes,5,,4,,5,,5,,5,,2,,,,2.74464,1.09110,0.19403,1.28513,4.02976,3.75657,0.16926,0.01907,58.8,,63.2,,0,,1.28938,0.91326,2.11639,0.78418,0.62587,3.52644,3.12625,2.98389,1.18621,0.21094,4.38103,4.08403,2026-02-27,2,2,0,12,1,0,12,2024-12-05,9,4,5,40,1,0,40,19.000,,0,0.00,0,0,"16640 NORTH 38TH STREET,PHOENIX,AZ,85032",33.638,'-112,,2026-07-01
035126,"Life Care Center of North Glendale","13620 NORTH 55TH AVENUE",GLENDALE,AZ,85304,6028438433,060,Maricopa,Y,"For profit - Corporation",223,119.2,,"Medicare and Medicaid",N,"GLENDALE MEDICAL INVESTORS LIMITED PARTNERSHIP",1986-04-10,"LIFE CARE CENTERS OF AMERICA",311,194,3.4,2.9,3.3,4.5,N,,N,Y,N,Resident,Yes,5,,4,,5,,5,,5,,3,,,,1.71545,1.09121,0.58594,1.67715,3.39260,3.02606,0.34656,0.06334,29.6,,20.0,,0,,1.39739,0.98976,2.29367,0.84987,0.67830,3.82184,3.38813,1.72083,1.09464,0.58778,3.40324,3.03556,2023-07-03,1,1,0,8,1,0,8,2022-05-05,13,10,3,72,1,0,72,24.000,,0,0.00,0,0,"13620 NORTH 55TH AVENUE,GLENDALE,AZ,85304",33.6076,'-112.18,,2026-07-01
035127,"Haven Health Prescott, LLC","864 DOUGHERTY STREET",PRESCOTT,AZ,86305,9287789667,120,Yavapai,Y,"For profit - Limited Liability company",58,56.6,,"Medicare and Medicaid",N,"HAVEN HEALTH PRESCOTT LLC",1986-03-19,"HAVEN HEALTH",249,20,2.6,1.9,2.3,4.7,N,,N,N,N,Resident,Yes,4,,4,,3,,4,,1,,3,,,,2.05184,0.64528,1.03627,1.68154,3.73339,3.12818,0.70119,0.04737,47.8,,35.3,,0,,1.62720,1.15253,2.67087,0.98963,0.78985,4.45035,3.94531,1.76760,0.55588,0.89271,3.21620,2.69483,2025-07-25,5,4,1,20,1,0,20,2024-08-01,3,2,2,12,1,0,12,18.000,,0,0.00,0,0,"864 DOUGHERTY STREET,PRESCOTT,AZ,86305",34.5548,'-112.49,,2026-07-01
035130,"ARCHSTONE CARE CENTER","1980 WEST PECOS ROAD",CHANDLER,AZ,85224,4808211268,060,Maricopa,Y,"For profit - Partnership",120,80.3,,"Medicare and Medicaid",N,"PECOS HEALTHCARE LIMITED PTRSHP",1986-08-29,,,,,,,,N,,N,N,N,Resident,Yes,5,,4,,5,,5,,4,,3,,,,2.08502,0.96458,0.47012,1.43470,3.51971,3.09120,0.45253,0.01631,18.4,,0.0,,0,,1.33656,0.94667,2.19382,0.81287,0.64877,3.65547,3.24063,2.18675,1.01165,0.49306,3.69146,3.24204,2026-01-16,4,4,2,16,1,0,16,2023-10-13,2,1,1,8,1,0,8,14.000,,0,0.00,0,0,"1980 WEST PECOS ROAD,CHANDLER,AZ,85224",33.2914,'-111.88,,2026-07-01
035131,"Granite Creek Health & Rehabilitation Center","1045 SCOTT DRIVE",PRESCOTT,AZ,86301,9287789603,120,Yavapai,Y,"For profit - Partnership",128,104.4,,"Medicare and Medicaid",N,"WATSON WOODS HEALTHCARE, INC.",1986-07-31,"THE ENSIGN GROUP",507,346,3.2,2.9,2.7,4.4,N,,N,N,N,Resident,Yes,2,,2,,5,,5,,4,,1,,,,1.70129,1.00862,0.43805,1.44667,3.14796,3.08189,0.35182,0.05423,,27,,27,,27,1.41274,1.00063,2.31886,0.85920,0.68575,3.86381,3.42533,1.68809,1.00079,0.43465,3.12354,3.05799,2026-01-07,4,4,2,24,1,0,24,2024-10-02,19,10,11,116,1,0,116,47.000,,0,0.00,0,0,"1045 SCOTT DRIVE,PRESCOTT,AZ,86301",34.5609,'-112.47,,2026-07-01
035132,"CORONADO HEALTHCARE CENTER","11411 NORTH 19TH AVE",PHOENIX,AZ,85029,6022567500,060,Maricopa,Y,"For profit - Individual",191,174.7,,"Medicare and Medicaid",N,"NORTH MOUNTAIN HEALTHCARE LLC",1986-08-05,"THE ENSIGN GROUP",507,346,3.2,2.9,2.7,4.4,N,,N,N,N,Resident,Yes,5,,4,,5,,5,,5,,3,,,,2.07874,1.08075,0.39048,1.47123,3.54996,3.07256,0.19031,0.06609,43.8,,25.0,,1,,1.29714,0.91875,2.12912,0.78890,0.62964,3.54766,3.14506,2.24642,1.16793,0.42198,3.83633,3.32042,2026-01-30,4,4,1,16,1,0,16,2023-12-21,8,0,8,32,0,0,32,20.000,,0,0.00,0,0,"11411 NORTH 19TH AVE,PHOENIX,AZ,85029",33.5894,'-112.1,,2026-07-01
035133,"Life Care Center Of Yuma","2450 SOUTH 19TH AVENUE",YUMA,AZ,85364,9283440425,130,Yuma,Y,"For profit - Corporation",128,105.3,,"Medicare and Medicaid",N,"LIFE CARE CENTERS OF AMERICA, INC.",1986-08-18,"LIFE CARE CENTERS OF AMERICA",311,194,3.4,2.9,3.3,4.5,N,,N,Y,N,Resident,Yes,2,,2,,4,,4,,3,,2,,,,2.37685,0.95219,0.42807,1.38026,3.75712,3.43318,0.18380,0.04447,42.5,,36.4,,1,,1.49668,1.06008,2.45664,0.91025,0.72649,4.09339,3.62886,2.22614,0.89182,0.40092,3.51888,3.21549,2024-06-27,10,4,6,40,1,0,40,2022-12-22,11,6,5,68,1,0,68,47.000,,0,0.00,0,0,"2450 SOUTH 19TH AVENUE,YUMA,AZ,85364",32.6828,'-114.64,,2026-07-01
035134,"RIM COUNTRY HEALTH & RETIREMENT COMMUNITY","807 WEST LONGHORN ROAD",PAYSON,AZ,85541,9284741120,030,Gila,N,"For profit - Corporation",109,68.1,,"Medicare and Medicaid",N,"RIM COUNTRY REHAB, INC",1986-10-31,,,,,,,,N,,Y,N,N,Resident,Yes,2,,2,,2,,2,,3,,3,,,,2.12636,1.01511,0.66309,1.67820,3.80456,3.48930,0.59825,0.05854,,26,,26,,26,1.11641,0.79074,1.83248,0.67898,0.54191,3.05337,2.70687,2.66987,1.27458,0.83258,4.77703,4.38119,2025-02-28,6,3,3,24,1,0,24,2023-06-09,26,11,15,152,1,0,152,56.000,,1,10358.00,0,1,"807 WEST LONGHORN ROAD,PAYSON,AZ,85541",34.2393,'-111.33,,2026-07-01
035135,"Montecito Post Acute Care and Rehabilitation","51 SOUTH 48TH STREET",MESA,AZ,85206,9494879500,060,Maricopa,Y,"For profit - Corporation",222,201.7,,"Medicare and Medicaid",N,"SUNLAND HEALTH ASSOCIATES, LLC.",1986-09-17,"THE ENSIGN GROUP",507,346,3.2,2.9,2.7,4.4,N,,N,N,N,Resident,Yes,5,,4,,5,,5,,5,,4,,,,2.13089,0.84721,1.23207,2.07928,4.21018,3.48207,0.81670,0.05470,34.2,,17.6,,0,,1.80898,1.28128,2.96925,1.10019,0.87809,4.94753,4.38607,1.65123,0.65651,0.95473,3.26247,2.69825,2025-02-14,3,3,0,16,1,0,16,2023-08-18,5,2,3,40,1,0,40,22.000,,1,8278.00,0,1,"51 SOUTH 48TH STREET,MESA,AZ,85206",33.4144,'-111.73,,2026-07-01
035136,"LIFE CARE CENTER OF SIERRA VISTA","2305 EAST WILCOX DRIVE","SIERRA VISTA",AZ,85635,5204581050,010,Cochise,Y,"For profit - Corporation",152,71.3,,"Medicare and Medicaid",N,"SIERRA VISTA MEDICAL INVESTORS, LP",1986-10-02,"LIFE CARE CENTERS OF AMERICA",311,194,3.4,2.9,3.3,4.5,N,,Y,N,N,Resident,Yes,1,,1,,4,,5,,4,,3,,,,1.81555,1.15624,0.67394,1.83018,3.64573,3.07925,0.35985,0.07207,34.8,,36.4,,2,,1.35540,0.96001,2.22474,0.82433,0.65792,3.70699,3.28630,1.87768,1.19581,0.69700,3.77048,3.18462,2025-09-09,11,9,5,56,1,0,56,2023-12-22,11,1,11,84,1,0,84,63.000,,2,55881.00,0,2,"2305 EAST WILCOX DRIVE,SIERRA VISTA,AZ,85635",31.5521,'-110.27,,2026-07-01
035139,"HAVEN OF SHOW LOW","2401 EAST HUNT STREET","SHOW LOW",AZ,85901,9285375333,080,Navajo,N,"For profit - Limited Liability company",58,53.0,,"Medicare and Medicaid",N,"HAVEN OF SHOW LOW LLC",1987-03-05,"HAVEN HEALTH",249,20,2.6,1.9,2.3,4.7,N,,N,N,N,Resident,Yes,2,,1,,5,,5,,4,,1,,,,1.38858,0.91488,0.50035,1.41523,2.80381,2.49502,0.46834,0.02725,59.0,,55.6,,0,,1.37664,0.97506,2.25961,0.83725,0.66823,3.76509,3.33781,1.41393,0.93159,0.50948,2.85501,2.54058,2024-08-08,11,10,1,52,1,0,52,2023-08-10,18,8,10,120,1,0,120,69.000,,2,46852.00,0,2,"2401 EAST HUNT STREET,SHOW LOW,AZ,85901",34.2037,'-110.02,,2026-07-01
035140,"LIFE CARE CENTER OF TUCSON","6211 NORTH LA CHOLLA BOULEVARD",TUCSON,AZ,85741,5205750900,090,Pima,Y,"For profit - Corporation",162,84.2,,"Medicare and Medicaid",N,"TUCSON MEDICAL INVESTORS LLC",1987-01-07,"LIFE CARE CENTERS OF AMERICA",311,194,3.4,2.9,3.3,4.5,N,,N,N,N,Resident,Yes,1,,1,,4,,5,,3,,4,,,,2.18548,0.95234,0.70926,1.66160,3.84708,3.21753,0.38279,0.05476,42.9,,43.8,,0,,1.36453,0.96648,2.23974,0.82988,0.66235,3.73197,3.30846,2.24513,0.97833,0.72862,3.95209,3.30535,2024-07-17,13,9,4,76,1,0,76,2023-03-14,15,8,7,68,1,0,68,74.000,,0,0.00,0,0,"6211 NORTH LA CHOLLA BOULEVARD,TUCSON,AZ,85741",32.3195,'-111.01,,2026-07-01
035141,"Heritage Health Care Center","1300 SOUTH STREET",GLOBE,AZ,85501,9284253118,030,Gila,N,"For profit - Limited Liability company",96,68.4,,"Medicare and Medicaid",N,"GLOBE MEDICAL INVESTORS LLC",1987-03-31,"LIFE CARE CENTERS OF AMERICA",311,194,3.4,2.9,3.3,4.5,N,,N,N,N,Resident,Yes,4,,4,,4,,4,,4,,4,,,,2.00475,0.55997,0.79032,1.35029,3.35504,2.88339,0.56185,0.08225,25.5,,15.4,,1,,1.34913,0.95558,2.21446,0.82052,0.65487,3.68985,3.27112,2.08297,0.58182,0.82116,3.48596,2.99591,2026-02-27,6,6,1,28,1,0,28,2024-01-04,3,0,3,12,0,0,12,24.000,,0,0.00,0,0,"1300 SOUTH STREET,GLOBE,AZ,85501",33.3939,'-110.77,,2026-07-01
035143,"LIFE CARE CENTER OF SCOTTSDALE","9494 EAST BECKER LANE",SCOTTSDALE,AZ,85260,4808606396,060,Maricopa,Y,"For profit - Limited Liability company",132,63.3,,Medicare,N,"COVE ASSOCIATES LLC",1987-04-30,"LIFE CARE CENTERS OF AMERICA",311,194,3.4,2.9,3.3,4.5,N,,N,N,N,None,Yes,5,,4,,5,,,2,5,,3,,,,2.12666,1.20150,0.64988,1.85138,3.97804,3.43956,0.36159,0.20767,61.3,,83.3,,1,,1.41141,0.99969,2.31668,0.85839,0.68510,3.86017,3.42211,2.11215,1.19330,0.64545,3.95090,3.41610,2025-08-28,1,0,1,4,0,0,4,2024-09-12,7,4,6,48,1,0,48,15.000,,1,6414.00,0,1,"9494 EAST BECKER LANE,SCOTTSDALE,AZ,85260",33.5841,'-111.88,,2026-07-01
035144,"Peoria Post Acute and Rehabilitation","13215 NORTH 94TH DRIVE",PEORIA,AZ,85381,6239337722,060,Maricopa,Y,"For profit - Partnership",179,170.5,,"Medicare and Medicaid",N,"PEORIA HEALTHCARE LLC",1987-06-10,"THE ENSIGN GROUP",507,346,3.2,2.9,2.7,4.4,N,,N,N,N,Resident,Yes,4,,4,,5,,4,,5,,1,,,,2.32807,1.08189,0.71736,1.79924,4.12731,3.70508,0.51322,0.07263,,27,,27,,27,1.83312,1.29838,3.00887,1.11487,0.88980,5.01354,4.44459,1.78027,0.82732,0.54856,3.15614,2.83326,2026-03-20,4,3,1,16,1,0,16,2024-04-05,2,1,1,12,1,0,12,15.000,,0,0.00,0,0,"13215 NORTH 94TH DRIVE,PEORIA,AZ,85381",33.6044,'-112.26,,2026-07-01
035145,"DEVON GABLES REHABILITATION CENTER","6150 EAST GRANT ROAD",TUCSON,AZ,85712,5202966181,090,Pima,Y,"For profit - Limited Liability company",312,183.3,,"Medicare and Medicaid",N,"DEVON GABLES REHABILITATION CENTER LLC",1987-11-08,"ATIED ASSOCIATES",53,12,2.3,2.6,1.8,3.2,N,,Y,Y,N,Resident,Yes,2,,2,,3,,3,,3,,4,,,,2.26169,0.86529,0.51287,1.37816,3.63985,3.34784,0.45303,0.03615,28.2,,30.4,,0,,1.25864,0.89148,2.06592,0.76548,0.61095,3.44235,3.05170,2.51890,0.96370,0.57120,4.05380,3.72858,2023-07-14,2,1,1,12,1,0,12,2022-04-29,12,7,5,80,1,0,80,29.000,,0,0.00,0,0,"6150 EAST GRANT ROAD,TUCSON,AZ,85712",32.2506,'-110.86,,2026-07-01
035146,"Life Care Center of Paradise Valley","4065 EAST BELL ROAD",PHOENIX,AZ,85032,6028670212,060,Maricopa,Y,"For profit - Corporation",210,103.5,,"Medicare and Medicaid",N,"LIFE CARE CENTERS OF AMERICA, INC.",1987-11-02,"LIFE CARE CENTERS OF AMERICA",311,194,3.4,2.9,3.3,4.5,N,,N,N,N,Resident,Yes,3,,2,,5,,5,,5,,4,,,,2.32437,0.81457,0.60692,1.42149,3.74586,3.20574,0.44603,0.03263,25.3,,30.8,,1,,1.40163,0.99276,2.30063,0.85245,0.68036,3.83343,3.39840,2.32461,0.81466,0.60698,3.74626,3.20608,2026-02-20,2,2,0,12,1,0,12,2024-07-18,26,8,21,128,1,0,128,41.000,,0,0.00,0,0,"4065 EAST BELL ROAD,PHOENIX,AZ,85032",33.6407,'-112,,2026-07-01
035147,"VILLA MARIA POST ACUTE AND REHABILITATION","4310 EAST GRANT ROAD",TUCSON,AZ,85712,5203239351,090,Pima,Y,"For profit - Limited Liability company",83,57.0,,"Medicare and Medicaid",N,"MOUNT LEMMON HEALTHCARE LLC",1987-08-17,"THE ENSIGN GROUP",507,346,3.2,2.9,2.7,4.4,N,,N,N,N,Resident,Yes,3,,2,,5,,5,,,2,2,,,,1.98116,1.30369,0.22890,1.53258,3.51374,2.85419,0.17171,0.09694,41.8,,,27,0,,1.30235,0.92244,2.13767,0.79207,0.63217,3.56191,3.15769,2.13240,1.40322,0.24637,3.78199,3.07208,2026-01-23,5,5,0,36,1,0,36,2023-09-15,13,9,4,88,1,0,88,49.000,,1,8018.00,0,1,"4310 EAST GRANT ROAD,TUCSON,AZ,85712",32.2506,'-110.9,,2026-07-01
035151,"Sabino Canyon Rehabilitation & Care Center","5830 EAST PIMA STREET",TUCSON,AZ,85712,5207225515,090,Pima,Y,"For profit - Limited Liability company",112,99.7,,"Medicare and Medicaid",N,"ENSIGN SABINO LLC",1987-10-07,"THE ENSIGN GROUP",507,346,3.2,2.9,2.7,4.4,N,,N,Y,N,Resident,Yes,4,,3,,5,,5,,5,,3,,,,1.83422,0.76223,0.55296,1.31519,3.14940,2.71227,0.27839,0.04657,46.3,,38.9,,0,,1.32844,0.94092,2.18050,0.80794,0.64483,3.63327,3.22095,1.93547,0.80431,0.58348,3.32326,2.86200,2023-08-25,7,3,4,36,1,0,36,2022-07-28,6,6,0,32,1,0,32,35.000,,0,0.00,0,0,"5830 EAST PIMA STREET,TUCSON,AZ,85712",32.2434,'-110.87,,2026-07-01
035152,"Yuma Nursing Center","1850 WEST 25TH STREET",YUMA,AZ,85364,9287266700,130,Yuma,Y,"For profit - Corporation",120,84.6,,"Medicare and Medicaid",N,"YUMA NURSING CENTER 2 INC",1988-02-11,"CIRCLE B ENTERPRISES",145,36,2.5,3.1,2.0,1.9,N,,N,Y,N,Resident,Yes,4,,4,,2,,1,,2,,3,,,,2.52884,0.62763,0.45089,1.07852,3.60736,3.32550,0.19638,0.00533,44.4,,58.3,,0,,1.29011,0.91378,2.11759,0.78463,0.62623,3.52844,3.12802,2.74772,0.68195,0.48991,3.91959,3.61334,2023-06-23,1,1,0,4,1,0,4,2022-05-27,13,8,5,60,1,0,60,18.000,,0,0.00,0,0,"1850 WEST 25TH STREET,YUMA,AZ,85364",32.682,'-114.64,,2026-07-01
035154,"PROVIDENCE PLACE AT GLENCROFT","8641 NORTH 67TH AVE",GLENDALE,AZ,85302,6239399475,060,Maricopa,Y,"Non profit - Corporation",225,107.8,,"Medicare and Medicaid",N,"FRIENDSHIP RETIREMENT CORPORATION",1988-04-05,,,,,,,,Y,,Y,N,N,Resident,Yes,2,,2,,4,,4,,4,,4,,,,2.23012,1.10780,0.54853,1.65633,3.88646,3.59848,0.39580,0.03762,33.9,,50.0,,1,,1.35512,0.95982,2.22428,0.82416,0.65778,3.70622,3.28562,2.30691,1.14595,0.56742,4.02028,3.72239,2025-05-09,6,5,3,28,1,0,28,2023-05-12,11,8,3,48,1,0,48,33.000,,0,0.00,0,0,"8641 NORTH 67TH AVE,GLENDALE,AZ,85302",33.5612,'-112.2,,2026-07-01
035158,"Prescott Village Nursing & Rehabilitation","1030 SCOTT DRIVE",PRESCOTT,AZ,86301,9287782450,120,Yavapai,Y,"For profit - Limited Liability company",58,50.9,,"Medicare and Medicaid",N,"PRESCOTT VILLAGE NURSING & REHABILITATION LLC",1988-05-19,"OPCO SKILLED MANAGEMENT",773,68,2.2,2.2,1.7,4.2,Y,,N,N,N,Resident,Yes,2,,1,,5,,5,,5,,2,,,,1.63863,1.00196,0.63342,1.63539,3.27402,2.88647,0.50713,0.04339,52.2,,61.5,,0,,1.44276,1.02190,2.36815,0.87746,0.70032,3.94593,3.49814,1.59208,0.97350,0.61543,3.18101,2.80447,2026-03-06,13,11,2,72,1,0,72,2024-01-25,11,7,5,88,1,0,88,76.000,,1,8278.00,0,1,"1030 SCOTT DRIVE,PRESCOTT,AZ,86301",34.5608,'-112.47,,2026-07-01
035159,"Horizon Post Acute and Rehabilitation Center","4704 WEST DIANA AVENUE",GLENDALE,AZ,85302,6232473949,060,Maricopa,Y,"For profit - Corporation",196,148.8,,"Medicare and Medicaid",N,"VIEWPOINT HEALTHCARE LLC",1988-04-06,"THE ENSIGN GROUP",507,346,3.2,2.9,2.7,4.4,N,,Y,N,N,Resident,Yes,3,,2,,5,,5,,5,,2,,,,2.05916,1.10962,0.34246,1.45208,3.51124,3.16201,0.20751,0.07409,46.3,,47.6,,0,,1.39993,0.99156,2.29784,0.85141,0.67953,3.82878,3.39428,2.06187,1.11109,0.34291,3.51587,3.16619,2025-05-16,9,5,4,60,1,0,60,2023-06-02,1,0,1,4,0,0,4,46.000,,1,10985.00,0,1,"4704 WEST DIANA AVENUE,GLENDALE,AZ,85302",33.5631,'-112.16,,2026-07-01
035164,"DESERT BLOSSOM HEALTH & REHAB CENTER","60 SOUTH 58TH STREET",MESA,AZ,85206,4808323903,060,Maricopa,Y,"For profit - Corporation",106,95.1,,"Medicare and Medicaid",N,"RED MOUNTAIN HEALTHCARE LLC",1988-08-04,"THE ENSIGN GROUP",507,346,3.2,2.9,2.7,4.4,N,,N,N,N,Resident,Yes,4,,3,,5,,5,,5,,2,,,,1.89352,0.87886,0.67806,1.55692,3.45044,2.97500,0.44361,0.10517,51.6,,43.8,,0,,1.49928,1.06192,2.46091,0.91184,0.72776,4.10050,3.63516,1.77038,0.82171,0.63396,3.22605,2.78153,2025-12-16,5,1,4,20,1,0,20,2024-05-09,5,4,2,36,1,0,36,24.000,,1,8278.00,0,1,"60 SOUTH 58TH STREET,MESA,AZ,85206",33.414,'-111.71,,2026-07-01
035165,"HAVEN OF TUCSON","3705 NORTH SWAN ROAD",TUCSON,AZ,85718,5202997088,090,Pima,Y,"For profit - Limited Liability company",118,101.9,,"Medicare and Medicaid",N,"HAVEN OF TUCSON LLC",1988-05-04,"HAVEN HEALTH",249,20,2.6,1.9,2.3,4.7,N,,N,N,N,Resident,Yes,2,,2,,5,,5,,5,,1,,,,2.11707,1.21861,0.73058,1.94919,4.06625,3.59782,0.47687,0.05512,48.0,,50.0,,0,,2.41025,1.70716,3.95618,1.46587,1.16995,6.59200,5.84392,1.23126,0.70873,0.42490,2.36489,2.09245,2026-04-21,7,4,3,48,1,0,48,2024-12-20,9,7,3,36,1,0,36,45.000,0,0,0.00,0,0,"3705 NORTH SWAN ROAD,TUCSON,AZ,85718",32.2733,'-110.89,,2026-07-01
035166,"Estrella Health And Rehabilitation Center","350 EAST LA CANADA",AVONDALE,AZ,85323,6239322282,060,Maricopa,Y,"For profit - Corporation",161,148.7,,"Medicare and Medicaid",N,"COLDWATER SPRINGS HEALTHCARE, INC.",1988-07-26,"THE ENSIGN GROUP",507,346,3.2,2.9,2.7,4.4,N,,N,N,N,Resident,Yes,4,,3,,5,,5,,5,,3,,,,2.12740,0.98263,0.39469,1.37732,3.50472,3.07234,0.34866,0.10601,36.4,,36.8,,0,,1.29673,0.91846,2.12845,0.78865,0.62944,3.54654,3.14407,2.29974,1.06223,0.42667,3.78863,3.32123,2026-04-10,7,6,1,36,1,0,36,2024-03-29,1,1,0,4,1,0,4,28.000,,0,0.00,0,0,"350 EAST LA CANADA,AVONDALE,AZ,85323",33.4462,'-112.35,,2026-07-01
035169,"Desert Highlands Care Center","1081 KATHLEEN AVE",KINGMAN,AZ,86401,9287535580,070,Mohave,Y,"For profit - Limited Liability company",120,74.5,,"Medicare and Medicaid",N,"KINGMAN NO 1 LLC",1988-05-23,"CIRCLE B ENTERPRISES",145,36,2.5,3.1,2.0,1.9,N,,N,N,N,Resident,Yes,3,,3,,3,,2,,4,,3,,,,2.35614,1.01350,0.45407,1.46757,3.82370,3.33802,0.33751,0.02701,45.0,,46.2,,0,,1.42601,1.01003,2.34065,0.86728,0.69219,3.90012,3.45752,2.31610,0.99627,0.44635,3.75872,3.28129,2025-03-14,8,7,2,32,1,0,32,2023-09-08,11,6,5,64,1,0,64,40.000,,0,0.00,0,0,"1081 KATHLEEN AVE,KINGMAN,AZ,86401",35.2128,'-114.04,,2026-07-01
035171,"ALTA MESA HEALTH AND REHABILITATION","5848 EAST UNIVERSITY DRIVE",MESA,AZ,85205,4809810098,060,Maricopa,Y,"For profit - Corporation",70,67.5,,"Medicare and Medicaid",N,"GOLDFIELD MOUNTAIN HEALTHCARE LLC",1988-08-02,"THE ENSIGN GROUP",507,346,3.2,2.9,2.7,4.4,Y,,N,N,N,Resident,Yes,5,,4,,5,,5,,5,,2,,,,1.66065,1.11608,0.56968,1.68576,3.34641,2.63746,0.27974,0.19891,47.1,,60.0,,0,,1.39902,0.99091,2.29635,0.85086,0.67909,3.82631,3.39208,1.66392,1.11828,0.57080,3.35300,2.64265,2024-11-20,2,2,1,12,1,0,12,2023-09-15,4,4,0,20,1,0,20,14.000,,0,0.00,0,0,"5848 EAST UNIVERSITY DRIVE,MESA,AZ,85205",33.4228,'-111.71,,2026-07-01
035172,"HAVEN OF SAFFORD","1933 PEPPERTREE DRIVE",SAFFORD,AZ,85546,9284284910,040,Graham,N,"For profit - Limited Liability company",106,73.9,,"Medicare and Medicaid",N,"HAVEN OF SAFFORD LLC",1988-04-28,"HAVEN HEALTH",249,20,2.6,1.9,2.3,4.7,N,,Y,N,N,None,Yes,2,,1,,5,,5,,5,,4,,,,1.96688,0.11523,1.24668,1.36191,3.32880,2.91008,0.79137,0.04402,42.5,,33.3,,0,,1.37368,0.97296,2.25475,0.83545,0.66679,3.75698,3.33062,2.00712,0.11759,1.27218,3.39690,2.96961,2024-11-08,15,7,8,84,1,0,84,2023-02-02,3,1,2,12,1,0,12,66.000,,1,15210.00,0,1,"1933 PEPPERTREE DRIVE,SAFFORD,AZ,85546",32.8145,'-109.73,,2026-07-01
035173,"CHRISTIAN CARE NURSING CENTER","11812 NORTH 19TH AVE",PHOENIX,AZ,85029,6024435405,060,Maricopa,Y,"Non profit - Corporation",20,7.7,,"Medicare and Medicaid",N,"CHRISTIAN CARE NURSING CENTER INC.",1988-06-13,,,,,,,,Y,,N,N,N,None,Yes,4,,4,,4,,,2,4,,4,,,,3.77104,2.32736,2.30629,4.63365,8.40470,7.09056,2.00980,0.11820,,26,,26,,26,1.47782,1.04673,2.42569,0.89878,0.71734,4.04181,3.58314,3.57700,2.20761,2.18762,7.97222,6.72570,2025-08-27,3,3,0,24,1,0,24,2024-08-27,4,1,3,24,1,0,24,24.000,,0,0.00,0,0,"11812 NORTH 19TH AVE,PHOENIX,AZ,85029",33.5939,'-112.1,,2026-07-01
035174,"PARK AVENUE HEALTH AND REHABILITATION CENTER","2001 NORTH PARK AVENUE",TUCSON,AZ,85719,5208826151,090,Pima,Y,"For profit - Limited Liability company",200,149.9,,"Medicare and Medicaid",N,"PARK WAVERLY HEALTHCARE LLC",1988-08-03,"THE ENSIGN GROUP",507,346,3.2,2.9,2.7,4.4,N,,N,N,N,Resident,Yes,4,,3,,5,,5,,5,,2,,,,1.76423,1.05662,0.31226,1.36887,3.13310,2.77601,0.19096,0.02854,41.4,,27.3,,0,,1.26644,0.89700,2.07872,0.77022,0.61473,3.46368,3.07061,1.95277,1.16953,0.34563,3.46793,3.07267,2025-08-22,5,2,3,24,1,0,24,2023-05-19,9,6,3,56,1,0,56,32.000,,1,25116.00,0,1,"2001 NORTH PARK AVENUE,TUCSON,AZ,85719",32.2457,'-110.96,,2026-07-01
035175,"DESERT PEAK CARE CENTER","8825 SOUTH 7TH STREET",PHOENIX,AZ,85042,6022436121,060,Maricopa,Y,"For profit - Corporation",194,148.0,,"Medicare and Medicaid",N,"PHOENIX AZ OPCO LLC",1988-11-07,,,,,,,,N,,Y,N,N,Resident,Yes,1,,1,,4,,4,,,2,4,,,,3.10393,1.17432,0.40507,1.57938,4.68331,4.07200,0.32263,0.01345,45.6,,64.7,,0,,1.09388,0.77479,1.79550,0.66528,0.53098,2.99175,2.65224,3.97758,1.50485,0.51908,6.00152,5.21813,2025-01-10,12,4,8,64,1,0,64,2023-10-27,26,12,14,152,1,0,152,86.000,,2,64873.00,1,3,"8825 SOUTH 7TH STREET,PHOENIX,AZ,85042",33.3658,'-112.07,,2026-07-01
035176,"BEATITUDES CAMPUS","1712 WEST GLENDALE AVENUE",PHOENIX,AZ,85021,6023358466,060,Maricopa,Y,"Non profit - Corporation",72,52.7,,"Medicare and Medicaid",N,"THE BEATITUDES CAMPUS",1988-10-28,,,,,,,,Y,,N,N,N,Resident,Yes,3,,2,,5,,5,,,2,3,,,,2.53407,0.54920,0.53629,1.08549,3.61956,3.29790,0.57631,0.00000,46.9,,62.5,,0,,1.26082,0.89303,2.06951,0.76681,0.61201,3.44832,3.05700,2.81738,0.61060,0.59625,4.02422,3.66660,2025-09-05,5,5,0,28,1,0,28,2024-08-30,13,12,1,84,1,0,84,42.000,,0,0.00,0,0,"1712 WEST GLENDALE AVENUE,PHOENIX,AZ,85021",33.5386,'-112.1,,2026-07-01
035180,"HAVEN OF DOUGLAS","1400 NORTH SAN ANTONIO AVENUE",DOUGLAS,AZ,85607,4809354300,010,Cochise,Y,"For profit - Limited Liability company",60,55.7,,"Medicare and Medicaid",N,"HAVEN OF DOUGLAS LLC",1988-11-11,"HAVEN HEALTH",249,20,2.6,1.9,2.3,4.7,N,,N,N,N,Resident,Yes,4,,3,,5,,5,,,2,4,,,,2.13933,0.53778,0.65358,1.19136,3.33069,2.86753,0.30082,0.01038,23.1,,0.0,,0,,1.22900,0.87049,2.01727,0.74745,0.59656,3.36128,2.97983,2.44010,0.61339,0.74546,3.79895,3.27067,2025-08-07,10,8,2,48,1,0,48,2024-07-25,2,2,0,8,1,0,8,38.000,,0,0.00,0,0,"1400 NORTH SAN ANTONIO AVENUE,DOUGLAS,AZ,85607",31.3486,'-109.53,,2026-07-01
035183,"AZ - RIO VISTA POST ACUTE AND REHABILITATION","10323 WEST OLIVE AVENUE",PEORIA,AZ,85345,6238750100,060,Maricopa,Y,"For profit - Corporation",150,139.6,,"Medicare and Medicaid",N,"SUNRISE MOUNTAIN HEALTHCARE LLC",1988-08-05,"THE ENSIGN GROUP",507,346,3.2,2.9,2.7,4.4,N,,N,N,N,Resident,Yes,5,,4,,5,,5,,5,,3,,,,1.82436,1.03450,0.62005,1.65456,3.47891,3.05725,0.39888,0.07443,48.9,,40.0,,0,,1.31149,0.92891,2.15267,0.79762,0.63660,3.58689,3.17984,1.94996,1.10572,0.66274,3.71842,3.26773,2025-04-04,1,1,0,8,1,0,8,2023-05-26,7,3,4,32,1,0,32,14.000,,0,0.00,0,0,"10323 WEST OLIVE AVENUE,PEORIA,AZ,85345",33.5657,'-112.28,,2026-07-01
035189,"LA CANADA CARE CENTER","7970 NORTH LA CANADA DRIVE",TUCSON,AZ,85704,5207971191,090,Pima,Y,"For profit - Limited Liability company",128,97.5,,"Medicare and Medicaid",N,"TORTOLITA HEALTHCARE, INC.",1988-11-19,"THE ENSIGN GROUP",507,346,3.2,2.9,2.7,4.4,N,,N,N,N,Resident,Yes,4,,3,,5,,4,,5,,2,,,,2.03722,0.81487,0.40591,1.22078,3.25800,2.83325,0.27534,0.12511,47.0,,33.3,,0,,1.41828,1.00456,2.32796,0.86258,0.68844,3.87898,3.43878,2.01351,0.80538,0.40119,3.22008,2.80028,2026-04-24,5,3,2,36,1,0,36,2024-02-02,2,2,0,8,1,0,8,29.000,,1,8278.00,0,1,"7970 NORTH LA CANADA DRIVE,TUCSON,AZ,85704",32.3505,'-111,,2026-07-01
035190,"CATALINA POST ACUTE AND REHABILITATION","2611 NORTH WARREN AVENUE",TUCSON,AZ,85719,5207959574,090,Pima,Y,"For profit - Limited Liability company",102,97.3,,"Medicare and Medicaid",N,"PRESIDIO HEALTH ASSOCIATES LLC",1988-10-20,"THE ENSIGN GROUP",507,346,3.2,2.9,2.7,4.4,N,,N,N,N,Resident,Yes,4,,3,,5,,5,,5,,3,,,,2.21232,0.84483,0.91875,1.76358,3.97590,3.55966,0.80809,0.05763,41.7,,31.3,,0,,1.69510,1.20062,2.78232,1.03093,0.82281,4.63606,4.10994,1.82950,0.69864,0.75977,3.28791,2.94370,2025-09-16,4,3,1,20,1,0,20,2023-07-07,11,7,6,56,1,0,56,29.000,,0,0.00,0,0,"2611 NORTH WARREN AVENUE,TUCSON,AZ,85719",32.2543,'-110.95,,2026-07-01
035193,"Citrus Heights Respiratory and Rehabilitation","3130 EAST BROADWAY ROAD",MESA,AZ,85204,4809247777,060,Maricopa,Y,"For profit - Corporation",204,103.9,,"Medicare and Medicaid",N,"SALT CREEK HEALTHCARE LLC",1989-02-15,"THE ENSIGN GROUP",507,346,3.2,2.9,2.7,4.4,N,,N,N,N,Resident,Yes,4,,3,,5,,5,,,2,2,,,,2.29713,1.15993,0.42023,1.58016,3.87728,3.41934,0.19727,0.06817,57.0,,25.0,,0,,1.53388,1.08643,2.51770,0.93288,0.74455,4.19512,3.71904,2.09930,1.06003,0.38404,3.54337,3.12487,2026-03-12,6,5,2,28,1,0,28,2024-06-14,6,1,5,56,1,0,56,35.000,,0,0.00,0,0,"3130 EAST BROADWAY ROAD,MESA,AZ,85204",33.4082,'-111.76,,2026-07-01
035196,"SANDRIDGE POST ACUTE","255 WEST BROWN ROAD",MESA,AZ,85201,4808333988,060,Maricopa,Y,"For profit - Corporation",191,148.6,,"Medicare and Medicaid",N,"MESA ARIZONA SNF HEALTHCARE LLC",1989-10-05,"PACS GROUP",690,281,2.8,2.5,2.4,4.4,N,,N,N,N,Resident,Yes,3,,2,,5,,5,,5,,2,,,,1.73155,1.02599,0.41297,1.43896,3.17051,2.96603,0.21743,0.05941,52.6,,52.6,,0,,1.26362,0.89501,2.07410,0.76851,0.61336,3.45597,3.06378,1.92088,1.13817,0.45812,3.51717,3.29033,2026-05-01,5,1,4,28,1,0,28,2024-03-22,15,3,15,80,1,0,80,41.000,,0,0.00,0,0,"255 WEST BROWN ROAD,MESA,AZ,85201",33.4352,'-111.84,,2026-07-01
035197,"Haven of Yuma","2470 SOUTH ARIZONA AVENUE",YUMA,AZ,85364,9283448541,130,Yuma,Y,"For profit - Limited Liability company",120,102.7,,"Medicare and Medicaid",N,"HAVEN OF YUMA LLC",1989-10-20,"HAVEN HEALTH",249,20,2.6,1.9,2.3,4.7,N,,N,N,N,Resident,Yes,3,,2,,5,,5,,4,,3,,,,2.31524,0.54170,0.61081,1.15251,3.46775,2.95744,0.45958,0.02490,39.6,,37.5,,0,,1.46613,1.03844,2.40649,0.89167,0.71166,4.00983,3.55478,2.21362,0.51793,0.58400,3.31555,2.82764,2025-07-23,3,3,0,12,1,0,12,2023-06-23,4,4,0,141,1,0,141,44.250,,0,0.00,0,0,"2470 SOUTH ARIZONA AVENUE,YUMA,AZ,85364",32.6826,'-114.62,,2026-07-01
035205,"Resolve Harmony Center, LLC","2211 EAST SOUTHERN AVENUE",PHOENIX,AZ,85040,6023057134,060,Maricopa,Y,"For profit - Limited Liability company",115,49.1,,"Medicare and Medicaid",N,"SUNCREST HEALTH CARE INC",1991-04-25,,,,,,,,N,,Y,N,N,Resident,Yes,1,,1,,4,,4,,,2,2,,,,1.76965,1.33225,0.31701,1.64926,3.41890,3.16957,0.30253,0.01786,,26,,26,3,,1.18179,0.83705,1.93979,0.71874,0.57365,3.23218,2.86538,2.09906,1.58024,0.37602,4.05532,3.75958,2026-03-13,16,7,10,84,1,0,84,2024-12-13,18,15,3,92,1,0,92,86.000,,0,0.00,0,0,"2211 EAST SOUTHERN AVENUE,PHOENIX,AZ,85040",33.3931,'-112.03,,2026-07-01
035207,"Springdale Village Post Acute","7255 EAST BROADWAY ROAD",MESA,AZ,85208,4809818844,060,Maricopa,Y,"For profit - Limited Liability company",122,50.8,,"Medicare and Medicaid",N,"ONE HOPE HEALTHCARE LLC",1991-04-24,"THE ENSIGN GROUP",507,346,3.2,2.9,2.7,4.4,Y,,N,Y,N,Resident,Yes,3,,2,,5,,5,,5,,3,,,,1.88246,1.22757,0.66677,1.89434,3.77680,3.21092,0.40288,0.09162,50.0,,37.5,,0,,1.42266,1.00765,2.33514,0.86523,0.69056,3.89094,3.44938,1.85483,1.20956,0.65698,3.72137,3.16380,2024-04-04,7,6,1,40,1,0,40,2022-12-15,19,11,8,100,1,0,100,55.000,,0,0.00,0,0,"7255 EAST BROADWAY ROAD,MESA,AZ,85208",33.4079,'-111.67,,2026-07-01
035214,"QUIBURI MISSION NURSING & REHABILITATION","850 SOUTH HIGHWAY 80",BENSON,AZ,85602,5205862372,010,Cochise,Y,"For profit - Limited Liability company",60,53.3,,"Medicare and Medicaid",N,"QUIBURI MISSION NURSING & REHABILITATION LLC",1992-11-20,"OPCO SKILLED MANAGEMENT",773,68,2.2,2.2,1.7,4.2,N,,Y,N,N,Resident,Yes,3,,2,,5,,5,,5,,4,,,,1.89365,0.85611,0.88073,1.73683,3.63049,3.21764,0.48103,0.10280,29.8,,16.7,,2,,1.36696,0.96820,2.24371,0.83136,0.66353,3.73860,3.31433,1.94189,0.87792,0.90316,3.72297,3.29961,2026-05-01,2,1,1,8,1,0,8,2024-03-08,6,5,2,32,1,0,32,14.000,,0,0.00,0,0,"850 SOUTH HIGHWAY 80,BENSON,AZ,85602",31.9427,'-110.29,,2026-07-01
035216,"CARING HOUSE","510 SOUTH OCOTILLO ROAD",SACATON,AZ,85147,5205627400,100,Pinal,Y,"Government - Federal",100,81.2,,"Medicare and Medicaid",N,"THE CARING HOUSE",1993-06-19,,,,,,,,N,,N,N,N,Resident,Yes,2,,2,,4,,5,,3,,,2,6,6,,,,,,,,,,26,,26,,26,,,,,,,,,,,,,2025-07-25,7,5,2,56,1,0,56,2023-09-15,5,4,1,20,1,0,20,47.000,,2,28695.00,1,3,"510 SOUTH OCOTILLO ROAD,SACATON,AZ,85147",33.0741,'-111.75,,2026-07-01
035217,"REHAB AT SCOTTSDALE VILLAGE SQUARE","2620 NORTH 68TH STREET",SCOTTSDALE,AZ,85257,4809466571,060,Maricopa,Y,"For profit - Limited Liability company",141,108.7,,"Medicare and Medicaid",N,"SCOTTSDALE AZ OPCO LLC",1993-06-02,,,,,,,,N,SFF,Y,N,N,Resident,Yes,,18,,18,,18,,18,,18,,18,,,3.51664,1.02889,0.47220,1.50110,5.01773,4.69329,0.37157,0.02021,38.4,,66.7,,2,,1.06651,0.75540,1.75057,0.64863,0.51769,2.91689,2.58587,4.62212,1.35233,0.62064,6.59509,6.16866,2025-08-07,26,2,24,156,1,0,156,2023-05-18,28,3,25,293,1,0,293,190.250,,11,199344.00,0,11,"2620 NORTH 68TH STREET,SCOTTSDALE,AZ,85257",33.4773,'-111.93,,2026-07-01
035225,"Sun City Post Acute","9940 WEST UNION HILLS DRIVE","SUN CITY",AZ,85373,6239330022,060,Maricopa,Y,"For profit - Limited Liability company",118,110.7,,"Medicare and Medicaid",N,"SUN CITY SNF HEALTHCARE LLC",1994-05-27,"PACS GROUP",690,281,2.8,2.5,2.4,4.4,N,,N,Y,N,Resident,Yes,4,,3,,5,,5,,3,,2,,,,2.08712,0.81594,0.53097,1.34691,3.43403,3.12032,0.38655,0.07502,58.1,,57.1,,1,,1.35713,0.96124,2.22759,0.82538,0.65876,3.71173,3.29051,2.15578,0.84278,0.54844,3.54699,3.22297,2024-03-22,4,3,1,16,1,0,16,2022-12-02,13,11,2,64,1,0,64,28.000,,0,0.00,0,0,"9940 WEST UNION HILLS DRIVE,SUN CITY,AZ,85373",33.6526,'-112.28,,2026-07-01
035232,"MOUNTAIN VIEW CARE CENTER","1313 WEST MAGEE ROAD",TUCSON,AZ,85704,5207972600,090,Pima,Y,"For profit - Limited Liability company",120,105.9,,"Medicare and Medicaid",N,"DA VINCI HEALTHCARE, INC.",1995-05-23,"THE ENSIGN GROUP",507,346,3.2,2.9,2.7,4.4,N,,N,N,N,Resident,Yes,4,,3,,5,,4,,5,,2,,,,1.51947,0.73986,0.37333,1.11319,2.63266,2.27445,0.18502,0.03918,42.3,,30.0,,0,,1.16192,0.82298,1.90717,0.70666,0.56400,3.17784,2.81720,1.83314,0.89259,0.45039,3.17612,2.74396,2025-06-06,7,7,0,36,1,0,36,2023-06-09,8,4,4,44,1,0,44,38.000,,0,0.00,0,0,"1313 WEST MAGEE ROAD,TUCSON,AZ,85704",32.3518,'-110.99,,2026-07-01
035233,"HAVEN OF GLOBE","1100 MONROE STREET",GLOBE,AZ,85501,9284255721,030,Gila,N,"For profit - Limited Liability company",104,77.6,,"Medicare and Medicaid",N,"HAVEN OF GLOBE LLC",1996-02-23,"HAVEN HEALTH",249,20,2.6,1.9,2.3,4.7,N,,N,N,N,Resident,Yes,2,,3,,4,,4,,5,,1,,,,1.76065,0.64578,0.42584,1.07163,2.83227,2.41531,0.40704,0.02347,51.7,,45.5,,,26,1.28813,0.91237,2.11433,0.78342,0.62526,3.52301,3.12320,1.91599,0.70276,0.46341,3.08216,2.62841,2025-02-04,4,4,1,24,1,0,24,2023-05-18,7,1,6,36,1,0,36,27.000,,0,0.00,0,0,"1100 MONROE STREET,GLOBE,AZ,85501",33.3944,'-110.78,,2026-07-01
035234,"Arizona State Veteran Home-Phx","4141 NORTH S HERRERA WAY",PHOENIX,AZ,85012,6022481550,060,Maricopa,Y,"Government - State",200,96.0,,"Medicare and Medicaid",N,"ARIZONA DEPARTMENT OF VETERANS SERVICES",1996-01-08,,,,,,,,N,,Y,N,N,Resident,Yes,2,,1,,5,,5,,,2,5,,,,3.30390,0.93409,1.07926,2.01335,5.31724,4.57718,0.76307,0.04644,29.2,,54.8,,,26,1.14195,0.80883,1.87439,0.69452,0.55431,3.12322,2.76878,4.05562,1.14662,1.32482,6.52707,5.61862,2025-05-30,6,4,2,40,1,0,40,2023-07-21,26,4,23,180,1,0,180,75.000,,3,23296.00,1,4,"4141 NORTH S HERRERA WAY,PHOENIX,AZ,85012",33.5815,'-111.99,,2026-07-01
035240,"HAVEN OF LAKE HAVASU","2781 OSBORNE DRIVE","LAKE HAVASU CITY",AZ,86406,9285055552,070,Mohave,Y,"For profit - Corporation",104,81.3,,"Medicare and Medicaid",N,"HAVEN OF LAKE HAVASU LLC",1997-02-14,"HAVEN HEALTH",249,20,2.6,1.9,2.3,4.7,N,,Y,N,N,Resident,Yes,2,,1,,5,,5,,4,,2,,,,1.80962,0.89877,0.66211,1.56088,3.37050,3.05553,0.39874,0.06776,52.5,,60.0,,0,,1.57558,1.11597,2.58615,0.95824,0.76479,4.30918,3.82016,1.61000,0.79963,0.58907,2.99870,2.71847,2025-02-14,8,7,3,48,1,0,48,2023-07-27,14,9,5,96,1,0,96,60.000,,1,8018.00,0,1,"2781 OSBORNE DRIVE,LAKE HAVASU CITY,AZ,86406",34.4741,'-114.28,22,2026-07-01
035241,"South Mountain Post Acute","8008 S. JESSE OWENS PARKWAY",PHOENIX,AZ,85042,6022432780,060,Maricopa,Y,"For profit - Corporation",124,110.0,,"Medicare and Medicaid",N,"AZTEC HEALTHCARE, INC.",1997-03-25,"THE ENSIGN GROUP",507,346,3.2,2.9,2.7,4.4,N,,N,N,N,Resident,Yes,4,,4,,5,,5,,4,,1,,,,2.16967,1.37294,0.51771,1.89066,4.06033,3.81260,0.55797,0.04821,47.5,,57.1,,0,,1.88487,1.33504,3.09382,1.14635,0.91492,5.15509,4.57007,1.61359,1.02106,0.38502,3.01967,2.83543,2024-08-09,5,3,3,20,1,0,20,2023-01-06,8,5,3,36,1,0,36,24.000,,0,0.00,0,0,"8008 S. JESSE OWENS PARKWAY,PHOENIX,AZ,85042",33.3748,'-112.07,,2026-07-01
035242,"DR GUY GORMAN SR CARE HOME","HIGHWAY 191 & HOSPITAL ROAD",CHINLE,AZ,86503,9286745216,000,Apache,N,"Non profit - Corporation",80,51.1,,"Medicare and Medicaid",N,"Legal Business Name Not Available",1997-07-10,,,,,,,,N,"SFF Candidate",N,N,N,Resident,Yes,1,,1,,4,,4,,,2,3,,,,2.90610,0.73549,0.45265,1.18814,4.09424,3.38350,0.36839,0.00174,,26,,26,,26,1.09319,0.77430,1.79436,0.66486,0.53064,2.98987,2.65057,3.72643,0.94310,0.58043,5.24995,4.33858,2025-07-25,17,17,6,100,2,50,150,2024-09-27,33,26,19,385,1,0,385,208.750,,2,127634.00,2,4,"HIGHWAY 191 & HOSPITAL ROAD,CHINLE,AZ,86503",36.1595,'-109.58,22,2026-07-01
035244,"Prescott Valley Nursing & Rehabilitation","3380 NORTH WINDSONG DRIVE","PRESCOTT VALLEY",AZ,86314,9287750045,120,Yavapai,Y,"Non profit - Corporation",58,74.4,,"Medicare and Medicaid",N,"PRESCOTT VALLEY NURSING & REHABILITATION LLC",1997-10-14,"OPCO SKILLED MANAGEMENT",773,68,2.2,2.2,1.7,4.2,Y,,Y,Y,N,Resident,Yes,2,,2,,5,,5,,4,,1,,,,1.54590,1.06951,0.33230,1.40182,2.94771,2.49192,0.19573,0.01708,59.3,,50.0,,2,,1.48793,1.05389,2.44229,0.90494,0.72225,4.06948,3.60766,1.45638,1.00758,0.31306,2.77703,2.34763,2023-11-10,8,3,5,52,1,0,52,2022-09-09,13,12,1,56,1,0,56,53.000,,1,8278.00,0,1,"3380 NORTH WINDSONG DRIVE,PRESCOTT VALLEY,AZ,86314",34.5922,'-112.33,,2026-07-01
035245,"Sunview Respiratory and Rehabilitation","12207 NORTH 113TH AVENUE",YOUNGTOWN,AZ,85363,6239776532,060,Maricopa,Y,"For profit - Corporation",127,109.6,,"Medicare and Medicaid",N,"YOUNGTOWN HEALTH, INC.",1997-10-29,"THE ENSIGN GROUP",507,346,3.2,2.9,2.7,4.4,N,"SFF Candidate",Y,N,N,Resident,Yes,2,,1,,5,,5,,4,,3,,,,2.27476,1.44072,0.75188,2.19259,4.46736,3.77670,0.50827,0.10329,41.2,,31.3,,1,,1.81453,1.28521,2.97835,1.10356,0.88078,4.96270,4.39951,1.75732,1.11300,0.58085,3.45117,2.91762,2024-09-18,12,6,9,210,1,0,210,2023-08-25,4,1,3,20,1,0,20,162.500,,0,0.00,0,0,"12207 NORTH 113TH AVENUE,YOUNGTOWN,AZ,85363",33.5951,'-112.3,,2026-07-01
035247,"MARYLAND GARDENS POST ACUTE","31 WEST MARYLAND AVENUE",PHOENIX,AZ,85013,6022657484,060,Maricopa,Y,"For profit - Limited Liability company",58,56.6,,"Medicare and Medicaid",N,"MARYLAND GARDENS SNF LLC",1998-07-20,"PACS GROUP",690,281,2.8,2.5,2.4,4.4,N,,Y,N,N,Resident,Yes,3,,2,,5,,5,,,2,3,,,,2.06695,1.18025,0.32820,1.50846,3.57541,3.25980,0.18032,0.01804,70.2,,42.9,,0,,1.10006,0.77916,1.80563,0.66903,0.53397,3.00863,2.66720,2.63387,1.50397,0.41822,4.55606,4.15390,2024-07-12,7,7,5,28,1,0,28,2023-03-10,14,3,11,76,1,0,76,40.000,,0,0.00,0,0,"31 WEST MARYLAND AVENUE,PHOENIX,AZ,85013",33.531,'-112.07,,2026-07-01
035249,"THE GARDENS REHAB & CARE CENTER","3131 WESTERN AVENUE",KINGMAN,AZ,86401,9287180718,070,Mohave,Y,"For profit - Corporation",58,46.0,,"Medicare and Medicaid",N,"HEALTHCARE MANAGEMENT PROFESSIONAL, INC.",1998-11-12,,,,,,,,N,,N,N,N,Resident,Yes,3,,3,,2,,1,,3,,3,,,,2.27719,0.76503,0.63119,1.39622,3.67341,3.16048,0.38812,0.02472,57.1,,62.5,,1,,1.34325,0.95141,2.20481,0.81694,0.65202,3.67377,3.25686,2.37640,0.79836,0.65869,3.83346,3.29818,2026-01-08,4,4,0,36,1,0,36,2024-04-18,4,0,4,16,0,0,16,31.000,,0,0.00,0,0,"3131 WESTERN AVENUE,KINGMAN,AZ,86401",35.2143,'-114.04,,2026-07-01
035250,"Immanuel Campus Of Care","11301 NORTH 99TH AVENUE",PEORIA,AZ,85345,6239778373,060,Maricopa,Y,"For profit - Corporation",228,172.4,,"Medicare and Medicaid",N,"IMMANUEL CARING MINISTRIES, INC.",1998-11-18,,,,,,,,Y,,Y,N,N,Resident,Yes,2,,1,,,20,,20,,2,5,,,,3.06030,1.20754,0.48687,1.69441,4.75471,4.33525,0.48191,0.02041,23.1,,30.4,,0,,1.15133,0.81548,1.88980,0.70022,0.55886,3.14888,2.79154,3.72598,1.47021,0.59277,5.78897,5.27827,2025-01-31,10,3,8,44,1,0,44,2023-11-03,21,5,16,132,1,0,132,66.000,,2,18529.00,0,2,"11301 NORTH 99TH AVENUE,PEORIA,AZ,85345",33.5727,'-112.27,,2026-07-01
035251,"RIVER PARK POST ACUTE","2555 NORTH PRICE ROAD",CHANDLER,AZ,85224,4803458500,060,Maricopa,Y,"For profit - Limited Liability company",66,63.3,,"Medicare and Medicaid",N,"MURIEL HEALTHCARE LLC",1998-11-06,"THE ENSIGN GROUP",507,346,3.2,2.9,2.7,4.4,Y,,N,N,N,Resident,Yes,5,,4,,5,,5,,5,,3,,,,2.16333,0.87702,0.60688,1.48391,3.64724,3.22009,0.49165,0.15361,53.1,,58.3,,0,,1.41568,1.00271,2.32369,0.86099,0.68718,3.87186,3.43247,2.14208,0.86841,0.60092,3.61142,3.18846,2025-04-11,5,5,1,20,1,0,20,2024-06-26,0,0,0,0,0,0,0,15.000,,0,0.00,0,0,"2555 NORTH PRICE ROAD,CHANDLER,AZ,85224",33.344,'-111.89,,2026-07-01
035253,"BROOKDALE SANTA CATALINA","7500 NORTH CALLE SIN ENVIDIA",TUCSON,AZ,85718,5207426242,090,Pima,Y,"For profit - Corporation",42,28.8,,Medicare,N,"ARC SANTA CATALINA INC",1999-03-11,"BROOKDALE SENIOR LIVING",93,14,3.4,2.9,3.9,4.1,Y,,N,N,N,Resident,Yes,4,,3,,3,,3,,3,,5,,,,2.05212,1.39422,1.00780,2.40202,4.45414,4.11203,0.56316,0.16495,37.8,,37.5,,0,,1.41282,1.00069,2.31900,0.85925,0.68579,3.86404,3.42554,2.03608,1.38332,0.99993,4.41932,4.07989,2025-06-27,5,4,2,28,1,0,28,2024-05-01,9,5,4,48,1,0,48,33.000,,0,0.00,0,0,"7500 NORTH CALLE SIN ENVIDIA,TUCSON,AZ,85718",32.3462,'-110.93,,2026-07-01
035254,"WINSLOW CAMPUS OF CARE","826 WEST DESMOND STREET",WINSLOW,AZ,86047,9282894678,080,Navajo,N,"For profit - Corporation",119,99.4,,"Medicare and Medicaid",N,"WINSLOW CONVALESCENT CENTER INC",1999-06-09,,,,,,,,N,,Y,N,N,Both,Yes,1,,1,,4,,3,,4,,1,24,,,0.14791,0.27991,0.01830,0.29820,0.44611,0.46798,0.01610,0.00000,72.5,,66.7,,1,,1.24136,0.87924,2.03756,0.75497,0.60256,3.39509,3.00981,0.16702,0.31608,0.02066,0.50376,0.52845,2025-01-31,12,8,6,56,1,0,56,2023-03-16,22,1,21,312,1,0,312,120.000,,5,117139.00,0,5,"826 WEST DESMOND STREET,WINSLOW,AZ,86047",35.0374,'-110.7,,2026-07-01
035255,"Palm Valley Post Acute","13575 WEST MCDOWELL ROAD",GOODYEAR,AZ,85395,6235369911,060,Maricopa,Y,"For profit - Corporation",180,166.8,,"Medicare and Medicaid",N,"PALM VALLEY HEALTHCARE, LLC",1999-09-28,"PACS GROUP",690,281,2.8,2.5,2.4,4.4,N,"SFF Candidate",N,N,N,Resident,Yes,2,,1,,5,,5,,5,,2,,,,2.37658,1.27615,0.28930,1.56545,3.94203,3.70439,0.22713,0.05992,41.1,,50.0,,3,,1.47530,1.04494,2.42155,0.89725,0.71612,4.03491,3.57702,2.25815,1.21256,0.27488,3.74558,3.51979,2026-01-29,4,4,0,16,1,0,16,2025-08-01,27,3,24,461,1,0,461,127.250,,1,82607.00,0,1,"13575 WEST MCDOWELL ROAD,GOODYEAR,AZ,85395",33.4644,'-112.35,,2026-07-01
035256,"Freedom Plaza Care Center","13714 NORTH PLAZA DEL RIO BLVD",PEORIA,AZ,85381,6238156100,060,Maricopa,Y,"For profit - Limited Liability company",111,60.6,,Medicare,N,"FREEDOM PLAZA OPERATING COMPANY LLC",1999-12-15,,,,,,,,Y,,N,Y,N,Resident,Yes,5,,5,,4,,3,,4,,5,,,,2.56535,1.51141,0.79807,2.30947,4.87483,4.30703,0.76903,0.09764,32.1,,42.9,,0,,1.36578,0.96737,2.24178,0.83064,0.66295,3.73538,3.31147,2.63297,1.55124,0.81911,5.00332,4.42056,2024-04-25,0,0,0,0,0,0,0,2023-01-11,0,0,0,0,0,0,0,0.000,,0,0.00,0,0,"13714 NORTH PLAZA DEL RIO BLVD,PEORIA,AZ,85381",33.6081,'-112.26,,2026-07-01
035257,"THE PEAKS HEALTH & REHABILITATION","3150 NORTH WINDING BROOK ROAD",FLAGSTAFF,AZ,86001,9287747106,020,Coconino,Y,"Non profit - Other",58,41.5,,"Medicare and Medicaid",N,"NORTHERN ARIZONA SENIOR LIVING COMMUNITY, LLC",2000-05-03,"THE GOODMAN GROUP",508,10,3.1,2.6,3.8,4.0,Y,,N,N,N,Resident,Yes,2,,2,,4,,2,,5,,4,,,,2.87867,0.59000,1.05574,1.64574,4.52442,4.01131,0.55754,0.14148,58.6,,50.0,,0,,1.43146,1.01389,2.34960,0.87059,0.69484,3.91503,3.47074,2.81898,0.57777,1.03385,4.43059,3.92812,2024-11-07,12,11,4,60,1,0,60,2023-09-22,2,1,2,16,1,0,16,49.000,,0,0.00,0,0,"3150 NORTH WINDING BROOK ROAD,FLAGSTAFF,AZ,86001",35.2342,'-111.66,,2026-07-01
035260,"Fountain Hills Post Acute","16300 EAST KEITH MCMAHAN DRIVE","FOUNTAIN HILLS",AZ,85268,4808364800,060,Maricopa,Y,"For profit - Limited Liability company",64,58.3,,Medicare,N,"THOMPSON PEAK HEALTHCARE LLC",2001-11-26,"THE ENSIGN GROUP",507,346,3.2,2.9,2.7,4.4,N,,N,N,N,Resident,Yes,3,,3,,4,,4,,4,,3,,,,1.52210,0.75015,0.88413,1.63427,3.15637,2.80931,0.27582,0.20974,35.4,,20.0,,0,,1.47780,1.04671,2.42565,0.89877,0.71733,4.04176,3.58309,1.44380,0.71156,0.83864,2.99400,2.66479,2025-05-30,5,1,4,36,1,0,36,2024-01-25,3,2,1,12,1,0,12,30.000,,0,0.00,0,0,"16300 EAST KEITH MCMAHAN DRIVE,FOUNTAIN HILLS,AZ,85268",33.609,'-111.73,22,2026-07-01
035262,"THE LINGENFELTER CENTER","1099 SUNRISE AVENUE",KINGMAN,AZ,86401,9287184852,070,Mohave,Y,"For profit - Corporation",88,73.0,,"Medicare and Medicaid",N,"THE LINGENFELTER CENTER, LTD",2003-07-10,,,,,,,,N,,Y,Y,N,Resident,Yes,2,,2,,2,,2,,,2,4,,,,2.47354,0.66117,0.58475,1.24591,3.71945,3.40478,0.34117,0.00245,46.4,,30.8,,0,,1.18128,0.83669,1.93894,0.71843,0.57340,3.23077,2.86413,2.93526,0.78458,0.69390,4.41374,4.04033,2024-06-06,13,12,2,56,1,0,56,2023-02-23,6,1,5,24,1,0,24,48.000,,0,0.00,0,0,"1099 SUNRISE AVENUE,KINGMAN,AZ,86401",35.2149,'-114.04,,2026-07-01
035263,"ARCHIE HENDRICKS SENIOR SKILLED NURSING FACILITY","FEDERAL ROUTE 15 MILE POST 9",SELLS,AZ,85634,5205855500,090,Pima,Y,"Non profit - Corporation",60,50.7,,"Medicare and Medicaid",N,"ARCHIE HENDRICKS SR SKILLED NURSING FACILITY",2004-09-15,,,,,,,,N,,N,N,N,Both,Yes,3,,3,,4,,3,,5,,4,,,,4.41285,0.79226,0.87491,1.66717,6.08003,5.47885,0.71357,0.10817,61.3,,68.8,,0,,1.29424,0.91669,2.12435,0.78713,0.62823,3.53971,3.13801,4.77953,0.85809,0.94761,6.58524,5.93411,2025-07-25,3,3,0,16,1,0,16,2024-09-27,11,9,2,68,1,0,68,29.000,,0,0.00,0,0,"FEDERAL ROUTE 15 MILE POST 9,SELLS,AZ,85634",31.91,'-111.88,22,2026-07-01
035264,"Sun Health La Loma Care Center","14260 SOUTH DENNY BOULEVARD","LITCHFIELD PARK",AZ,85340,6235377400,060,Maricopa,Y,"Non profit - Corporation",43,38.5,,Medicare,N,"LA LOMA SENIOR LIVING SERVICES, INC.",2006-02-13,,,,,,,,Y,,N,N,N,None,Yes,3,,2,,5,,5,,5,,4,,,,2.75290,1.49522,0.95019,2.44540,5.19830,4.66145,0.60303,0.15081,20.8,,100.0,,,26,1.49015,1.05546,2.44592,0.90628,0.72332,4.07553,3.61303,2.58964,1.40654,0.89384,4.89002,4.38502,2025-03-28,9,8,1,72,1,0,72,2024-02-23,2,1,1,8,1,0,8,56.000,,1,8278.00,0,1,"14260 SOUTH DENNY BOULEVARD,LITCHFIELD PARK,AZ,85340",33.5109,'-112.36,,2026-07-01
035265,"SUN HEALTH GRANDVIEW CARE CENTER","14505 WEST GRANITE VALLEY DRIVE","SUN CITY WEST",AZ,85375,6239758100,060,Maricopa,Y,"Non profit - Corporation",72,60.8,,Medicare,N,"SUN HEALTH GRANDVIEW TERRACE",2006-02-22,,,,,,,,Y,,N,N,N,Resident,Yes,5,,4,,5,,5,,5,,4,,,,2.82062,1.50897,0.93756,2.44654,5.26715,4.61667,0.60851,0.18950,35.6,,56.3,,,26,1.48122,1.04913,2.43126,0.90085,0.71899,4.05110,3.59137,2.66934,1.42805,0.88728,4.98467,4.36908,2025-08-01,3,3,0,16,1,0,16,2024-08-01,7,3,4,32,1,0,32,20.000,,0,0.00,0,0,"14505 WEST GRANITE VALLEY DRIVE,SUN CITY WEST,AZ,85375",33.6631,'-112.38,,2026-07-01
035266,"ADVANCED HEALTHCARE OF MESA","5755 EAST MAIN STREET",MESA,AZ,85205,4802142400,060,Maricopa,Y,"For profit - Limited Liability company",38,36.5,,Medicare,N,"AHC OF MESA LLC",2006-04-26,"ADVANCED HEALTH CARE",11,26,4.8,4.3,4.1,4.8,N,,N,N,N,None,Yes,5,,5,,5,,,2,5,,4,,,,2.90421,0.80859,1.53991,2.34850,5.25271,4.58562,1.14134,0.41457,36.5,,38.5,,0,,1.91679,1.35764,3.14621,1.16576,0.93042,5.24238,4.64746,2.12390,0.59134,1.12616,3.84139,3.35354,2025-09-05,3,3,0,12,1,0,12,2024-10-18,2,1,1,8,1,0,8,11.000,,0,0.00,0,0,"5755 EAST MAIN STREET,MESA,AZ,85205",33.4156,'-111.71,,2026-07-01
035268,"ADVANCE HEALTH CARE OF SCOTTSDALE","9846 NORTH 95TH STREET",SCOTTSDALE,AZ,85258,4802144200,060,Maricopa,Y,"For profit - Corporation",38,37.6,,Medicare,N,"AHC OF SCOTTSDALE, LLC",2007-05-07,"ADVANCED HEALTH CARE",11,26,4.8,4.3,4.1,4.8,N,,N,N,N,None,Yes,5,,4,,5,,,2,5,,4,,,,3.10891,0.61427,1.25272,1.86700,4.97591,4.13979,0.85766,0.47503,45.3,,46.2,,0,,1.74639,1.23695,2.86652,1.06212,0.84771,4.77635,4.23431,2.49543,0.49306,1.00552,3.99402,3.32289,2025-03-27,4,1,3,20,1,0,20,2023-12-15,3,3,0,20,1,0,20,20.000,,0,0.00,0,0,"9846 NORTH 95TH STREET,SCOTTSDALE,AZ,85258",33.5759,'-111.88,,2026-07-01
035270,"Ahwatukee Post Acute","15810 SOUTH 42ND STREET",PHOENIX,AZ,85048,4807590358,060,Maricopa,Y,"For profit - Corporation",192,133.4,,"Medicare and Medicaid",N,"LA ESTANCIA SNF HEALTHCARE LLC",2008-05-29,"PACS GROUP",690,281,2.8,2.5,2.4,4.4,N,,N,N,N,Resident,Yes,2,,2,,5,,5,,5,,1,,,,1.65894,1.04071,0.21567,1.25638,2.91531,2.86690,0.30458,0.04311,63.1,,71.4,,0,,1.27907,0.90595,2.09946,0.77791,0.62087,3.49824,3.10125,1.81808,1.14055,0.23636,3.19499,3.14193,2025-08-08,2,2,1,16,1,0,16,2023-08-03,23,13,11,108,1,0,108,39.000,,0,0.00,0,0,"15810 SOUTH 42ND STREET,PHOENIX,AZ,85048",33.3036,'-111.99,,2026-07-01
035272,"Vi at Grayhawk, a Vi and Plaza Companies Community","7501 EAST THOMPSON PEAK PARKWAY",SCOTTSDALE,AZ,85255,4803613200,060,Maricopa,Y,"For profit - Partnership",36,34.1,,Medicare,N,"CC/PDR-SCOTTSDALE, L.L.C.",2008-09-19,"VI LIVING",548,10,4.8,4.3,5.0,4.6,Y,,N,N,N,Resident,Yes,5,,5,,5,,5,,5,,5,,,,2.93647,0.92487,1.42462,2.34948,5.28595,4.57379,0.87321,0.19423,28.0,,9.1,,0,,1.42793,1.01139,2.34379,0.86844,0.69312,3.90535,3.46216,2.88270,0.90793,1.39853,5.18916,4.49004,2025-09-12,0,0,0,0,0,0,0,2024-02-27,2,1,1,8,1,0,8,2.000,,0,0.00,0,0,"7501 EAST THOMPSON PEAK PARKWAY,SCOTTSDALE,AZ,85255",33.6691,'-111.92,,2026-07-01
035273,"SPLENDIDO AT RANCHO VISTOSO","13500 NORTH RANCHO VISTOSO BLVD",TUCSON,AZ,85755,5208782600,090,Pima,Y,"For profit - Limited Liability company",42,35.4,,Medicare,N,"TUCSON MATHER PLAZA LLC",2008-09-12,"MATHER SENIOR LIVING COMMUNITIES",877,2,4.5,4.5,3.0,4.5,Y,,N,N,N,Resident,Yes,4,,4,,5,,4,,5,,1,24,,,3.04948,1.36582,0.55467,1.92048,4.96997,4.34047,0.17064,0.03024,18.2,,37.5,,0,,1.17509,0.83231,1.92879,0.71467,0.57039,3.21385,2.84914,3.63776,1.62930,0.66167,5.92872,5.17778,2025-03-28,3,3,0,20,1,0,20,2023-10-06,3,2,1,28,1,0,28,22.000,,1,8018.00,0,1,"13500 NORTH RANCHO VISTOSO BLVD,TUCSON,AZ,85755",32.4448,'-110.97,,2026-07-01
035275,"ADVANCED HEALTH CARE OF GLENDALE","16825 NORTH 63RD AVENUE",GLENDALE,AZ,85306,6027323400,060,Maricopa,Y,"For profit - Corporation",54,50.5,,Medicare,N,"AHC OF GLENDALE LLC",2010-02-04,"ADVANCED HEALTH CARE",11,26,4.8,4.3,4.1,4.8,N,,N,N,N,None,Yes,5,,4,,5,,,2,5,,4,,,,3.07505,0.75499,1.34867,2.10366,5.17871,4.49498,0.71580,0.25008,59.8,,52.9,,0,,1.79992,1.27486,2.95438,1.09468,0.87369,4.92275,4.36410,2.39485,0.58798,1.05035,4.03318,3.50069,2026-02-05,4,4,0,16,1,0,16,2024-09-27,4,3,1,20,1,0,20,17.000,0,0,0.00,0,0,"16825 NORTH 63RD AVENUE,GLENDALE,AZ,85306",33.6377,'-112.2,,2026-07-01
035276,"OASIS PAVILION NURSING & REHABILITATION CENTER","161 WEST RODEO ROAD SUITE 1","CASA GRANDE",AZ,85122,5208361772,100,Pinal,Y,"For profit - Limited Liability company",134,106.7,,"Medicare and Medicaid",N,"OASIS PAVILION NURSING AND REHABILITATION CENTER, LLC",2010-10-04,,,,,,,,N,,N,N,N,Resident,Yes,4,,4,,4,,5,,3,,3,,,,1.96075,0.83062,0.50705,1.33767,3.29842,2.97491,0.41818,0.11633,41.6,,11.1,,0,,1.26565,0.89645,2.07743,0.76975,0.61435,3.46153,3.06871,2.17163,0.91995,0.56159,3.65318,3.29487,2025-12-10,3,0,3,12,0,0,12,2024-03-07,13,7,7,52,1,0,52,22.000,,3,13761.00,0,3,"161 WEST RODEO ROAD SUITE 1,CASA GRANDE,AZ,85122",32.8939,'-111.75,22,2026-07-01
035277,"HAVEN OF LAKESIDE","3401 NORTH LOCKWOOD DRIVE",LAKESIDE,AZ,85929,9283682060,080,Navajo,N,"For profit - Limited Liability company",112,96.7,,"Medicare and Medicaid",N,"HAVEN OF LAKESIDE LLC",2010-11-02,"HAVEN HEALTH",249,20,2.6,1.9,2.3,4.7,N,,Y,N,N,Resident,Yes,1,,1,,1,20,1,20,,20,3,,,,2.34333,0.50185,0.57554,1.07738,3.42071,3.14739,0.29331,0.01340,51.2,,46.2,,0,,1.33917,0.94852,2.19811,0.81446,0.65004,3.66261,3.24697,2.45288,0.52531,0.60244,3.58063,3.29453,2025-11-19,22,14,8,116,1,0,116,2024-06-06,12,5,8,72,1,0,72,105.000,,1,8278.00,0,1,"3401 NORTH LOCKWOOD DRIVE,LAKESIDE,AZ,85929",34.2019,'-110.02,,2026-07-01
035279,"Acacia Health Center","4555 EAST MAYO BLVD",PHOENIX,AZ,85050,4803845600,060,Maricopa,Y,"For profit - Corporation",78,70.3,,Medicare,N,"LCS-WESTMINSTER PARTNERSHIP IV LLP",2011-03-03,"LIFE CARE SERVICES",312,44,4.0,3.6,4.4,4.0,Y,,N,N,N,Resident,Yes,5,,5,,5,,5,,5,,5,,,,3.07560,1.03043,1.54721,2.57764,5.65324,5.07394,1.35850,0.09951,16.7,,18.5,,0,,1.39909,0.99096,2.29646,0.85090,0.67912,3.82649,3.39224,3.08151,1.03241,1.55018,5.66410,5.08369,2025-12-24,3,2,1,12,1,0,12,2024-12-06,0,0,0,0,0,0,0,9.000,,0,0.00,0,0,"4555 EAST MAYO BLVD,PHOENIX,AZ,85050",33.6836,'-112.01,,2026-07-01
035280,"SANTE OF MESA","5358 EAST BASELINE ROAD",MESA,AZ,85206,4806999624,060,Maricopa,Y,"For profit - Limited Liability company",70,66.8,,Medicare,N,"ASANTE OF MESA LLC",2011-06-14,SANTE,466,5,4.4,3.8,4.2,4.4,N,,N,N,N,None,Yes,5,,5,,4,,,2,4,,5,,,,2.40000,1.49090,1.13638,2.62729,5.02729,4.23036,0.97737,0.29873,36.0,,40.0,,0,,1.54480,1.09416,2.53562,0.93952,0.74985,4.22499,3.74552,2.17781,1.35288,1.03118,4.56186,3.83871,2025-09-04,2,1,1,8,1,0,8,2024-09-06,5,3,2,20,1,0,20,11.000,,1,3146.00,0,1,"5358 EAST BASELINE ROAD,MESA,AZ,85206",33.3793,'-111.72,,2026-07-01
035281,"VI AT SILVERSTONE, A VI AND PLAZA COMPANIES COMMUN","22605 NORTH 74TH STREET",SCOTTSDALE,AZ,85255,4804786200,060,Maricopa,Y,"For profit - Corporation",24,19.9,,Medicare,N,"CC PDR SILVERSTONE L L C",2011-06-09,"VI LIVING",548,10,4.8,4.3,5.0,4.6,Y,,N,N,N,None,Yes,5,,4,,5,,5,,4,,5,,,,3.31781,0.61463,2.01916,2.63379,5.95160,5.04353,1.74341,0.20742,25.0,,9.1,,0,,1.31455,0.93108,2.15769,0.79948,0.63809,3.59526,3.18726,3.53798,0.65541,2.15315,6.34654,5.37821,2025-03-13,3,3,0,16,1,0,16,2023-11-29,2,0,1,12,0,0,12,15.000,1,0,0.00,0,0,"22605 NORTH 74TH STREET,SCOTTSDALE,AZ,85255",33.7023,'-111.92,,2026-07-01
035282,"Sante Of Surprise","14775 WEST YORKSHIRE DRIVE",SURPRISE,AZ,85374,6235945050,060,Maricopa,Y,"Non profit - Corporation",70,67.7,,Medicare,N,"ASANTE TRC OF SURPRISE LLC",2011-10-24,SANTE,466,5,4.4,3.8,4.2,4.4,N,,N,N,N,None,Yes,4,,4,,4,,,2,4,,4,,,,2.21280,1.22727,1.11724,2.34451,4.55732,3.80379,0.72570,0.30432,41.8,,45.0,,0,,1.53777,1.08919,2.52409,0.93525,0.74644,4.20578,3.72850,2.01711,1.11873,1.01844,4.15428,3.46740,2026-05-28,2,2,1,12,1,0,12,2024-07-03,7,7,1,28,1,0,28,16.000,,0,0.00,0,0,"14775 WEST YORKSHIRE DRIVE,SURPRISE,AZ,85374",33.6603,'-112.38,,2026-07-01
035283,"SANTE OF CHANDLER","825 SOUTH 94TH STREET",CHANDLER,AZ,85224,4803616636,060,Maricopa,Y,"For profit - Corporation",70,67.2,,Medicare,N,"SANTE CHANDLER LLC",2011-10-24,SANTE,466,5,4.4,3.8,4.2,4.4,N,,N,N,N,None,Yes,5,,4,,5,,,2,5,,3,,,,2.26975,1.97260,0.60257,2.57517,4.84492,4.17103,0.35944,0.27882,,26,,26,,26,1.39033,0.98476,2.28208,0.84557,0.67487,3.80253,3.37100,2.28844,1.98884,0.60753,4.88481,4.20538,2026-02-19,2,2,0,20,1,0,20,2024-05-31,5,5,0,20,1,0,20,20.000,,0,0.00,0,0,"825 SOUTH 94TH STREET,CHANDLER,AZ,85224",33.2919,'-111.88,,2026-07-01
035284,"ARIZONA STATE VETERAN HOME-TUCSON","555 EAST AJO WAY",TUCSON,AZ,85713,5206382150,090,Pima,Y,"Government - State",120,116.9,,"Medicare and Medicaid",N,"ARIZONA DEPARTMENT OF VETERANS SERVICES",2012-02-23,,,,,,,,N,,N,Y,N,Resident,Yes,3,,3,,4,,4,,,2,3,,,,3.09463,1.25122,0.70227,1.95350,5.04813,4.63164,0.53701,0.03750,,26,,26,,26,1.09861,0.77813,1.80325,0.66815,0.53327,3.00467,2.66369,3.94863,1.59651,0.89607,6.44122,5.90980,2024-01-05,6,3,3,36,1,0,36,2022-09-30,6,6,0,36,1,0,36,36.000,,0,0.00,0,0,"555 EAST AJO WAY,TUCSON,AZ,85713",32.1779,'-110.96,,2026-07-01
035285,"Wellsprings of Gilbert","3319 SOUTH MERCY ROAD",GILBERT,AZ,85297,4807296500,060,Maricopa,Y,"For profit - Corporation",32,30.3,,Medicare,N,"HARBOR MESA HEALTHCARE LLC",2012-03-08,"THE ENSIGN GROUP",507,346,3.2,2.9,2.7,4.4,N,,N,N,N,None,Yes,5,,5,,5,,,2,5,,4,,,,2.15683,0.86080,1.05309,1.91388,4.07072,3.52391,0.40332,0.18795,48.6,,28.6,,0,,1.58250,1.12087,2.59751,0.96245,0.76815,4.32811,3.83694,1.91052,0.76249,0.93283,3.60584,3.12148,2024-10-02,0,0,0,0,0,0,0,2023-08-11,4,4,0,28,1,0,28,7.000,,0,0.00,0,0,"3319 SOUTH MERCY ROAD,GILBERT,AZ,85297",33.2917,'-111.75,,2026-07-01
035286,"SANTE OF NORTH SCOTTSDALE","17490 NORTH 93RD STREET",SCOTTSDALE,AZ,85255,4805885386,060,Maricopa,Y,"For profit - Limited Liability company",72,67.6,,Medicare,N,"SCOTTSDALE OP CO LLC",2012-03-20,SANTE,466,5,4.4,3.8,4.2,4.4,N,,N,N,N,None,Yes,3,,2,,5,,,2,5,,4,,,,2.47976,1.49711,1.21767,2.71478,5.19454,4.51562,0.93458,0.27661,58.4,,80.0,,1,,1.48886,1.05454,2.44381,0.90550,0.72270,4.07200,3.60990,2.33472,1.40955,1.14645,4.89072,4.25151,2024-09-13,8,8,1,48,1,0,48,2023-08-24,5,1,4,20,1,0,20,41.000,,0,0.00,0,0,"17490 NORTH 93RD STREET,SCOTTSDALE,AZ,85255",33.6445,'-111.88,,2026-07-01
035289,"CENTER AT ARROWHEAD, LLC","7201 W CAMINO SAN XAVIER AVE",GLENDALE,AZ,85308,6237736100,060,Maricopa,Y,"For profit - Corporation",96,63.1,,Medicare,N,"CENTER AT ARROWHEAD LLC",2015-10-14,"VERITAS MANAGEMENT GROUP",545,15,4.1,3.7,3.2,4.8,N,,N,N,N,None,Yes,5,,4,,5,,,2,5,,2,,,,2.12377,1.73751,0.48892,2.22643,4.35020,4.01377,0.42759,0.12451,72.0,,54.5,,0,,1.68903,1.19633,2.77237,1.02724,0.81986,4.61948,4.09524,1.76258,1.44201,0.40577,3.61036,3.33114,2025-05-02,5,5,0,28,1,0,28,2024-02-15,3,2,1,12,1,0,12,24.000,,0,0.00,0,0,"7201 W CAMINO SAN XAVIER AVE,GLENDALE,AZ,85308",33.6405,'-112.22,,2026-07-01
035290,"HAVEN HEALTH SKY HARBOR, LLC","1880 EAST VAN BUREN STREET",PHOENIX,AZ,85006,6022534570,060,Maricopa,Y,"For profit - Limited Liability company",120,114.3,,"Medicare and Medicaid",N,"HAVEN HEALTH SKY HARBOR LLC",2016-02-03,"HAVEN HEALTH",249,20,2.6,1.9,2.3,4.7,N,,N,N,N,Resident,Yes,2,,1,,5,,5,,5,,1,,,,2.34739,1.51765,0.44492,1.96258,4.30996,3.98962,0.32440,0.06243,41.1,,45.0,,0,,2.23076,1.58003,3.66156,1.35671,1.08282,6.10109,5.40872,1.47506,0.95367,0.27958,2.70832,2.50702,2025-11-13,8,3,6,52,1,0,52,2024-05-06,18,13,5,96,1,0,96,63.000,,0,0.00,0,0,"1880 EAST VAN BUREN STREET,PHOENIX,AZ,85006",33.4514,'-112.04,,2026-07-01
035291,"The Center At Val Vista, Llc","3744 SOUTH ROME STREET",GILBERT,AZ,85297,4802249500,060,Maricopa,Y,"For profit - Individual",96,70.7,,Medicare,N,"CENTER AT VAL VISTA LLC",2016-11-29,"VERITAS MANAGEMENT GROUP",545,15,4.1,3.7,3.2,4.8,N,,N,Y,N,Resident,Yes,5,,5,,5,,,2,5,,3,,,,2.16795,1.84219,0.62933,2.47151,4.63946,4.11306,0.52074,0.09514,41.3,,11.1,,0,,1.92015,1.36002,3.15172,1.16780,0.93205,5.25157,4.65560,1.58268,1.34486,0.45943,3.38697,3.00268,2023-12-29,2,2,0,8,1,0,8,2022-10-06,1,0,1,4,0,0,4,7.000,,0,0.00,0,0,"3744 SOUTH ROME STREET,GILBERT,AZ,85297",33.2814,'-111.75,,2026-07-01
035292,"SANDSTONE ESTATES REHAB CENTRE","2040 NORTH WILMOT ROAD",TUCSON,AZ,85712,5203006115,090,Pima,Y,"For profit - Corporation",103,61.2,,Medicare,N,"SANDSTONE ESTATES REHAB CENTRE LLC",2017-02-21,"SANDSTONE HEALTHCARE GROUP",463,3,2.0,1.7,3.3,4.0,N,,N,N,N,Resident,Yes,2,,2,,4,,4,,5,,4,,,,2.53922,1.35374,0.36714,1.72089,4.26010,3.83032,0.35469,0.08516,48.6,,42.9,,0,,1.27292,0.90160,2.08937,0.77417,0.61788,3.48142,3.08634,2.79625,1.49078,0.40431,4.69134,4.21805,2026-03-20,5,5,0,44,1,0,44,2024-10-25,13,12,2,72,1,0,72,51.000,,0,0.00,0,0,"2040 NORTH WILMOT ROAD,TUCSON,AZ,85712",32.2481,'-110.86,,2026-07-01
035295,"THE CENTER AT TUCSON","5020 EAST GLENN STREET",TUCSON,AZ,85712,5203475555,090,Pima,Y,"For profit - Limited Liability company",96,89.5,,Medicare,N,"CENTER AT TUCSON LLC",2018-07-06,"VERITAS MANAGEMENT GROUP",545,15,4.1,3.7,3.2,4.8,N,,N,N,N,None,Yes,5,,5,,5,,,2,5,,3,,,,2.16618,1.29415,0.75869,2.05283,4.21902,3.41997,0.47956,0.18900,34.0,,26.7,,0,,1.71717,1.21626,2.81856,1.04435,0.83352,4.69643,4.16347,1.76832,1.05645,0.61934,3.44411,2.79182,2024-08-16,3,3,0,8,1,0,8,2023-02-09,2,2,0,8,1,0,8,8.000,,0,0.00,0,0,"5020 EAST GLENN STREET,TUCSON,AZ,85712",32.2579,'-110.89,,2026-07-01
035296,"ASPIRE TRANSITIONAL CARE","1521 NORTH PINE CLIFF DRIVE",FLAGSTAFF,AZ,86001,9284402350,020,Coconino,Y,"Non profit - Corporation",50,42.4,,Medicare,N,"FLAGSTAFF TRANSITIONAL CARE, LLC",2018-10-11,"THE GOODMAN GROUP",508,10,3.1,2.6,3.8,4.0,N,,N,N,N,None,Yes,4,,3,,5,,,2,5,,4,,,,2.07443,0.42780,1.66062,2.08842,4.16285,3.73935,1.20279,0.15591,47.8,,40.0,,0,,1.49925,1.06190,2.46086,0.91182,0.72774,4.10042,3.63509,1.93956,0.39998,1.55266,3.89221,3.49625,2025-08-21,3,1,2,20,1,0,20,2024-08-22,10,10,0,64,1,0,64,31.000,,0,0.00,0,0,"1521 NORTH PINE CLIFF DRIVE,FLAGSTAFF,AZ,86001",35.208,'-111.64,,2026-07-01
035297,"SURPRISE HEALTH AND REHABILITATION CENTER","14660 WEST PARKWOOD DRIVE",SURPRISE,AZ,85374,6235465030,060,Maricopa,Y,"For profit - Corporation",100,100.6,,Medicare,N,"LUDDEN HEALTHCARE LLC",2019-10-04,"THE ENSIGN GROUP",507,346,3.2,2.9,2.7,4.4,N,,N,N,N,Resident,Yes,5,,4,,5,,5,,5,,2,,,,2.70011,1.45644,0.88855,2.34498,5.04509,4.26121,0.65184,0.15504,40.9,,40.0,,0,,2.29503,1.62555,3.76706,1.39580,1.11402,6.27687,5.56455,1.64919,0.88957,0.54271,3.08148,2.60270,2026-03-27,3,3,0,12,1,0,12,2024-04-12,3,0,3,12,0,0,12,12.000,,0,0.00,0,0,"14660 WEST PARKWOOD DRIVE,SURPRISE,AZ,85374",33.6488,'-112.38,,2026-07-01
035298,"WELBROOK YUMA OPCO LLC","2271 SOUTH RIDGEVIEW DRIVE",YUMA,AZ,85364,9282564066,130,Yuma,Y,"For profit - Limited Liability company",41,37.1,,Medicare,N,"WELBROOK YUMA OPCO LLC",2020-11-11,,,,,,,,N,,N,N,N,None,Yes,5,,4,,3,,,2,3,,5,,,,2.59922,0.80209,1.36807,2.17016,4.76938,4.18441,0.84203,0.23115,50.8,,40.0,,0,,1.45601,1.03128,2.38989,0.88552,0.70675,3.98216,3.53026,2.50241,0.77221,1.31711,4.59173,4.02855,2026-04-16,5,2,3,20,1,0,20,2025-01-08,1,0,1,4,0,0,4,16.000,,0,0.00,0,0,"2271 SOUTH RIDGEVIEW DRIVE,YUMA,AZ,85364",32.6873,'-114.64,,2026-07-01
035299,"NORTHPARK HEALTH AND REHABILITATION OF CASCADIA","2020 NORTH 95TH AVENUE",PHOENIX,AZ,85037,2084019600,060,Maricopa,Y,"For profit - Limited Liability company",54,63.7,,Medicare,N,"ESTRELLA OF CASCADIA, LLC",2021-03-24,"CASCADIA HEALTHCARE",118,45,3.1,2.9,2.7,3.9,N,,N,N,N,None,Yes,5,,5,,5,,,2,5,,1,,,,1.75933,1.20268,0.60365,1.80632,3.56566,3.28677,0.39136,0.08920,63.1,,68.4,,0,,1.90548,1.34963,3.12764,1.15888,0.92493,5.21144,4.62003,1.29427,0.88476,0.44408,2.62310,2.41794,2026-01-23,2,1,1,8,1,0,8,2024-10-17,4,1,3,16,1,0,16,10.000,,1,12735.00,0,1,"2020 NORTH 95TH AVENUE,PHOENIX,AZ,85037",33.4687,'-112.26,,2026-07-01
035300,"MIRABELLA AT ASU","65 EAST UNIVERSITY AVENUE",TEMPE,AZ,85281,6027777701,060,Maricopa,Y,"Non profit - Corporation",21,16.7,,"Medicare and Medicaid",N,"MIRABELLA AT ASU, INC",2021-09-09,"PACIFIC RETIREMENT SERVICES",391,10,4.6,4.3,4.7,4.1,Y,,N,N,N,None,Yes,3,,3,,4,,,2,4,,4,,,,3.84155,1.11166,2.06841,3.18007,7.02162,5.99700,1.22710,0.48480,61.5,,58.3,,0,,1.20236,0.85162,1.97355,0.73125,0.58363,3.28843,2.91525,4.47869,1.29604,2.41147,8.18620,6.99165,2025-08-08,7,6,1,44,1,0,44,2023-11-29,1,1,1,8,1,0,8,35.000,,0,0.00,0,0,"65 EAST UNIVERSITY AVENUE,TEMPE,AZ,85281",33.422,'-111.94,,2026-07-01
035301,"SKILLED NURSING UNIT AT ORO VALLEY HOSPITAL","1551 E TANGERINE RD","ORO VALLEY",AZ,85755,5209016164,090,Pima,Y,"For profit - Corporation",33,29.1,,"Medicare and Medicaid",Y,"ORO VALLEY HOSPITAL LLC",2022-03-29,,,,,,,,N,,N,N,N,None,Yes,5,,5,,4,,,2,4,,5,,,,2.11913,2.38421,1.07102,3.45523,5.57436,5.15320,0.68591,0.61943,40.8,,50.0,,0,,1.27460,0.90279,2.09213,0.77519,0.61870,3.48602,3.09041,2.33057,2.62210,1.17788,6.13055,5.66737,2026-05-14,2,2,0,8,1,0,8,2024-07-03,1,1,0,4,1,0,4,7.000,,0,0.00,0,0,"1551 E TANGERINE RD,ORO VALLEY,AZ,85755",32.4251,'-110.96,,2026-07-01
035302,"Diamondback Healthcare Center","3000 N 91ST AVENUE",PHOENIX,AZ,85037,6233032882,060,Maricopa,Y,"For profit - Individual",94,91.3,,"Medicare and Medicaid",N,"91ST AVENUE OPERATIONS LLC",2022-07-21,,,,,,,,N,,N,N,N,Resident,Yes,3,,4,,4,,3,,5,,1,,,,2.51476,1.81396,0.58086,2.39482,4.90958,4.15279,0.33342,0.12488,72.1,,84.2,,0,,1.99462,1.41277,3.27396,1.21309,0.96820,5.45525,4.83617,1.76732,1.27481,0.40822,3.45035,2.91850,2026-02-06,5,2,3,24,1,0,24,2024-10-31,4,1,3,20,1,0,20,23.000,,2,5073.00,0,2,"3000 N 91ST AVENUE,PHOENIX,AZ,85037",33.481,'-112.26,,2026-07-01
035303,"Arizona State Veteran Home - Yuma","6051 EAST 34TH STREET",YUMA,AZ,85365,9282478303,130,Yuma,Y,"Government - State",80,73.0,,"Medicare and Medicaid",N,"ARIZONA DEPARTMENT OF VETERANS SERVICES",2023-06-22,,,,,,,,N,,Y,N,N,Resident,Yes,2,,2,,3,,3,,,2,4,,,,3.06562,1.41171,1.10220,2.51391,5.57952,4.99270,0.97750,0.07632,,26,,26,2,,1.00675,0.71307,1.65248,0.61229,0.48868,2.75344,2.44097,4.26850,1.96563,1.53468,7.76881,6.95173,2024-09-20,6,6,2,52,1,0,52,2023-06-22,2,0,2,8,0,0,8,41.000,,0,0.00,0,0,"6051 EAST 34TH STREET,YUMA,AZ,85365",32.6665,'-114.52,,2026-07-01
045070,"ROGERS HEALTH AND REHABILITATION CENTER","1149 W NEW HOPE RD",ROGERS,AR,72758,4796366290,030,Benton,Y,"For profit - Limited Liability company",118,60.5,,"Medicare and Medicaid",N,"ROGERS SNF OPERATIONS, LLC",1982-06-01,"SOUTHERN ADMINISTRATIVE SERVICES",480,35,3.9,3.3,3.9,4.7,N,,N,N,N,Resident,Yes,3,,2,,5,,5,,,2,4,,,,2.58980,1.21646,0.32232,1.53878,4.12858,3.53564,0.19780,0.04521,48.6,,16.7,,0,,1.17146,0.82974,1.92284,0.71246,0.56863,3.20394,2.84034,3.09896,1.45562,0.38569,4.94027,4.23076,2025-01-24,2,2,0,16,1,0,16,2023-12-01,17,14,7,120,1,0,120,42.000,,0,0.00,0,0,"1149 W NEW HOPE RD,ROGERS,AR,72758",36.3119,'-94.133,,2026-07-01
045098,"THE BLOSSOMS AT HOT SPRINGS REHAB AND NURSING CENT","552 GOLF LINKS ROAD","HOT SPRINGS",AR,71901,5016247149,250,Garland,Y,"For profit - Corporation",152,76.6,,"Medicare and Medicaid",N,"GOLF LINKS ROAD OPERATING LLC",1984-11-01,"THE BLOSSOMS REHAB & NURSING CENTER",505,24,2.5,2.6,2.3,3.0,N,,N,N,N,Resident,Yes,4,,4,,3,,4,,2,,3,,,,2.34136,0.78828,0.32380,1.11208,3.45345,3.02529,0.15010,0.00272,47.1,,62.5,,0,,1.14816,0.81323,1.88458,0.69829,0.55732,3.14019,2.78383,2.85856,0.96241,0.39533,4.21629,3.69356,2024-12-12,1,1,0,8,1,0,8,2024-01-26,7,7,0,60,1,0,60,21.000,,0,0.00,0,0,"552 GOLF LINKS ROAD,HOT SPRINGS,AR,71901",34.472,'-93.045,,2026-07-01
045125,"BUTTERFIELD TRAIL VILLAGE","1923 EAST JOYCE BLVD",FAYETTEVILLE,AR,72703,4796958065,710,Washington,Y,"Non profit - Corporation",87,40.8,,Medicare,N,"BUTTERFIELD TRAIL VILLAGE INC",1986-06-16,,,,,,,,Y,,N,N,N,Resident,Yes,3,,3,,3,,3,,4,,4,,,,3.96004,1.17376,0.84657,2.02033,5.98038,5.08236,0.57698,0.02854,67.8,,54.5,,2,,1.01580,0.71948,1.66732,0.61779,0.49307,2.77818,2.46291,5.46478,1.61977,1.16825,8.25280,7.01356,2025-12-05,0,0,0,0,0,0,0,2024-07-11,8,4,4,87,1,0,87,21.750,,1,58006.00,1,2,"1923 EAST JOYCE BLVD,FAYETTEVILLE,AR,72703",36.1201,'-94.134,,2026-07-01
045134,"THE SPRINGS JONESBORO","1705 LATOURETTE DRIVE",JONESBORO,AR,72404,8709357550,150,Craighead,Y,"For profit - Limited Liability company",136,119.7,,"Medicare and Medicaid",N,"JONESBORO WELLNESS LLC",1989-03-01,"THE SPRINGS ARKANSAS",516,26,3.5,3.3,3.0,3.8,N,,N,N,N,Resident,Yes,4,,4,,4,,5,,3,,4,,,,2.73402,0.80919,0.43195,1.24113,3.97515,3.20890,0.37155,0.04755,43.5,,30.8,,0,,1.27536,0.90333,2.09337,0.77565,0.61907,3.48809,3.09225,3.00502,0.88940,0.47476,4.36918,3.52698,2025-06-13,4,2,2,24,1,0,24,2024-07-25,4,1,3,28,1,0,28,25.000,,0,0.00,0,0,"1705 LATOURETTE DRIVE,JONESBORO,AR,72404",35.8011,'-90.686,,2026-07-01
045135,"THE SPRINGS MAGNOLIA","2642 NORTH DUDNEY ROAD",MAGNOLIA,AR,71753,8702347000,130,Columbia,N,"For profit - Limited Liability company",140,77.2,,"Medicare and Medicaid",N,"MAGNOLIA HEALTHCARE LLC",1989-03-01,"THE SPRINGS ARKANSAS",516,26,3.5,3.3,3.0,3.8,N,,N,N,N,Resident,Yes,4,,4,,4,,5,,4,,3,,,,2.18760,0.90999,0.39733,1.30732,3.49492,3.00128,0.32302,0.00435,35.0,,80.0,,0,,1.16943,0.82829,1.91949,0.71123,0.56764,3.19836,2.83540,2.62225,1.09079,0.47628,4.18932,3.59759,2025-08-28,1,1,0,4,1,0,4,2024-06-20,10,5,5,56,1,0,56,17.000,,0,0.00,0,0,"2642 NORTH DUDNEY ROAD,MAGNOLIA,AR,71753",33.3466,'-93.198,,2026-07-01
045138,"VALLEY SPRINGS REHABILITATION AND HEALTH CENTER","228 POINTER TRAIL WEST","VAN BUREN",AR,72956,4794745276,160,Crawford,Y,"For profit - Limited Liability company",105,81.8,,"Medicare and Medicaid",N,"VAN BUREN SNF OPERATIONS LLC",1989-03-01,"SOUTHERN ADMINISTRATIVE SERVICES",480,35,3.9,3.3,3.9,4.7,N,,N,N,N,Both,Yes,4,,3,,5,,5,,,2,4,,,,2.49096,0.82621,0.39306,1.21927,3.71023,3.25044,0.15485,0.01092,30.8,,33.3,,0,,1.19465,0.84616,1.96089,0.72657,0.57989,3.26735,2.89656,2.92284,0.96946,0.46121,4.35350,3.81400,2025-01-24,8,8,1,48,1,0,48,2023-12-21,7,7,1,64,1,0,64,52.000,,0,0.00,0,0,"228 POINTER TRAIL WEST,VAN BUREN,AR,72956",35.4592,'-94.364,,2026-07-01
045140,"The Springs Searcy","1205 Skyline Drive",Searcy,AR,72143,5012686188,720,White,N,"For profit - Corporation",245,130.7,,"Medicare and Medicaid",N,"SEARCY HEALTHCARE LLC",1989-03-01,"THE SPRINGS ARKANSAS",516,26,3.5,3.3,3.0,3.8,N,,N,N,N,Resident,Yes,2,,2,,4,,5,,4,,3,,,,2.59388,0.86394,0.29634,1.16028,3.75417,3.24324,0.26709,0.01101,46.4,,40.0,,1,,1.22553,0.86803,2.01159,0.74535,0.59488,3.35181,2.97144,2.96691,0.98818,0.33896,4.29405,3.70965,2026-03-26,4,4,1,36,1,0,36,2024-10-03,6,4,2,48,1,0,48,39.000,,1,12735.00,0,1,"1205 Skyline Drive,Searcy,AR,72143",35.245,'-91.758,,2026-07-01
045142,"THE SPRINGS OF PARK AVE","1401 PARK AVENUE","HOT SPRINGS",AR,71901,5016233781,250,Garland,Y,"For profit - Limited Liability company",95,73.2,,"Medicare and Medicaid",N,"CANYON SPRINGS HEALTHCARE LLC",1989-04-10,"THE SPRINGS ARKANSAS",516,26,3.5,3.3,3.0,3.8,N,,N,N,N,Resident,Yes,3,,3,,4,,4,,4,,3,,,,2.38082,1.04189,0.40725,1.44914,3.82996,3.50099,0.46135,0.08434,47.0,,55.6,,0,,1.23594,0.87541,2.02867,0.75168,0.59993,3.38029,2.99668,2.70026,1.18169,0.46190,4.34385,3.97074,2025-08-06,3,3,0,24,1,0,24,2024-05-08,10,8,2,64,1,0,64,34.000,,0,0.00,0,0,"1401 PARK AVENUE,HOT SPRINGS,AR,71901",34.533,'-93.038,,2026-07-01
045143,"Concordia Nursing & Rehab, LLC","7 Professional Drive","Bella Vista",AR,72714,4798553735,030,Benton,Y,"For profit - Limited Liability company",102,27.2,,"Medicare and Medicaid",N,"CONCORDIA NURSING & REHAB LLC",1989-06-01,"BRADFORD MONTGOMERY",87,11,2.3,2.5,2.4,2.9,N,"SFF Candidate",N,N,N,Resident,Yes,1,,1,,3,,3,,,2,3,,,,2.01745,1.04163,0.46500,1.50663,3.52408,3.32295,0.43449,0.00000,,26,,27,2,,1.16267,0.82351,1.90841,0.70712,0.56437,3.17989,2.81903,2.43234,1.25585,0.56063,4.24881,4.00631,2025-05-06,22,22,1,905,2,453,1358,2024-02-01,11,10,1,96,1,0,96,1042.50,,2,123918.00,1,3,"7 Professional Drive,Bella Vista,AR,72714",36.4748,'-94.254,,2026-07-01
045146,"THE BLOSSOMS AT MOUNTAIN VIEW REHAB & NURSING CEN","706 OAK GROVE ST","MOUNTAIN VIEW",AR,72560,8702695835,680,Stone,N,"For profit - Limited Liability company",97,70.0,,"Medicare and Medicaid",N,"OAK GROVE STREET OPERATING LLC",1989-08-23,"THE BLOSSOMS REHAB & NURSING CENTER",505,24,2.5,2.6,2.3,3.0,N,,N,N,N,Resident,Yes,4,,4,,4,,5,,3,,3,,,,1.96269,0.81969,0.42007,1.23976,3.20245,2.80288,0.35673,0.02683,38.7,,57.1,,0,,1.18019,0.83592,1.93715,0.71777,0.57287,3.22779,2.86149,2.33120,0.97360,0.49894,3.80374,3.32915,2026-03-26,1,1,0,16,1,0,16,2024-09-12,2,2,0,12,1,0,12,15.000,,0,0.00,0,0,"706 OAK GROVE ST,MOUNTAIN VIEW,AR,72560",35.8692,'-92.107,,2026-07-01
045147,"BROOKRIDGE COVE REHABILITATION AND CARE  CENTER","1000 BROOKRIDGE LANE",MORRILTON,AR,72110,5013544585,140,Conway,N,"For profit - Individual",134,102.2,,"Medicare and Medicaid",N,"MORRILTON SNF OPERATIONS, LLC",1989-08-23,"SOUTHERN ADMINISTRATIVE SERVICES",480,35,3.9,3.3,3.9,4.7,N,,N,N,N,Resident,Yes,4,,3,,5,,5,,5,,4,,,,3.02832,0.88262,0.40871,1.29133,4.31965,3.84165,0.20924,0.04367,36.7,,20.0,,0,,1.26062,0.89288,2.06917,0.76669,0.61191,3.44777,3.05650,3.36742,0.98145,0.45447,4.80335,4.27182,2025-08-01,4,4,0,32,1,0,32,2024-04-25,4,3,1,40,1,0,40,34.000,,0,0.00,0,0,"1000 BROOKRIDGE LANE,MORRILTON,AR,72110",35.168,'-92.733,,2026-07-01
045148,"CAVE CITY NURSING HOME INC","442 TAYLOR CIRCLE","CAVE CITY",AR,72521,8702835313,670,Sharp,N,"Non profit - Corporation",90,69.7,,"Medicare and Medicaid",N,"CAVE CITY NURSING HOME, INC",1989-11-01,,,,,,,,N,,N,N,N,Resident,Yes,5,,5,,4,,4,,4,,3,,,,3.52101,1.04500,0.42399,1.46899,4.99001,3.87490,0.22791,0.01086,,26,,26,,26,1.24476,0.88165,2.04314,0.75704,0.60421,3.40440,3.01805,3.96517,1.17682,0.47747,5.61946,4.36370,2025-07-02,2,2,0,8,1,0,8,2024-04-04,5,5,2,36,1,0,36,15.000,,0,0.00,0,0,"442 TAYLOR CIRCLE,CAVE CITY,AR,72521",35.948,'-91.551,,2026-07-01
045151,"THE GREEN HOUSE COTTAGES OF WALNUT RIDGE","1500 WEST MAIN STREET","WALNUT RIDGE",AR,72476,8708869022,370,Lawrence,N,"For profit - Limited Liability company",119,95.5,,"Medicare and Medicaid",N,"WALNUT RIDGE SNF OPERATIONS LLC",1990-04-15,"SOUTHERN ADMINISTRATIVE SERVICES",480,35,3.9,3.3,3.9,4.7,N,,N,N,N,Resident,Yes,5,,5,,3,,5,,2,,4,,,,3.13027,0.86060,0.35109,1.21169,4.34196,3.99741,0.24315,0.01324,47.1,,50.0,,1,,1.20044,0.85026,1.97039,0.73008,0.58270,3.28317,2.91058,3.65529,1.00494,0.40998,5.07021,4.66787,2026-05-14,2,2,0,8,1,0,8,2024-12-20,2,2,0,8,1,0,8,8.000,,1,8193.00,0,1,"1500 WEST MAIN STREET,WALNUT RIDGE,AR,72476",36.0749,'-90.972,,2026-07-01
045153,"THE SPRINGS OF FAIRFIELD BAY","265 DAVE CREEK PARKWAY","FAIRFIELD BAY",AR,72088,5018843210,700,"Van Buren",N,"For profit - Limited Liability company",55,33.5,,"Medicare and Medicaid",N,"INDIAN ROCK HEALTHCARE LLC",1990-03-27,"THE SPRINGS ARKANSAS",516,26,3.5,3.3,3.0,3.8,N,,N,N,N,Resident,Yes,5,,4,,5,,5,,5,,3,,,,2.54668,0.79722,0.51220,1.30941,3.85609,3.26244,0.34467,0.02450,63.6,,58.3,,1,,1.15501,0.81808,1.89582,0.70245,0.56064,3.15892,2.80043,3.09079,0.96755,0.62163,4.67997,3.95948,2026-02-26,2,2,0,8,1,0,8,2024-09-06,6,6,0,52,1,0,52,19.000,,0,0.00,0,0,"265 DAVE CREEK PARKWAY,FAIRFIELD BAY,AR,72088",35.6169,'-92.263,,2026-07-01
045155,"ASH FLAT HEALTHCARE AND REHABILITATION CENTER","66 OZBIRN LANE","ASH FLAT",AR,72513,8709942341,670,Sharp,N,"For profit - Limited Liability company",105,57.9,,"Medicare and Medicaid",N,"SHARP SNF OPERATIONS LLC",1990-09-17,"SOUTHERN ADMINISTRATIVE SERVICES",480,35,3.9,3.3,3.9,4.7,N,,N,N,N,Resident,Yes,3,,3,,4,,5,,3,,4,,,,2.49597,0.86698,0.51727,1.38425,3.88022,3.50104,0.33338,0.01048,29.3,,16.7,,0,,1.22372,0.86675,2.00860,0.74424,0.59400,3.34685,2.96704,2.85915,0.99313,0.59254,4.44482,4.01047,2025-06-12,0,0,0,0,0,0,0,2024-03-21,11,11,0,92,1,0,92,23.000,,0,0.00,0,0,"66 OZBIRN LANE,ASH FLAT,AR,72513",36.2298,'-91.609,,2026-07-01
045157,"RIVER RIDGE REHABILITATION AND CARE CENTER","1100 EAST MARTIN DRIVE",WYNNE,AR,72396,8702384400,180,Cross,N,"For profit - Limited Liability company",100,69.1,,"Medicare and Medicaid",N,"CROSS SNF OPERATIONS LLC",1990-08-07,"SOUTHERN ADMINISTRATIVE SERVICES",480,35,3.9,3.3,3.9,4.7,N,,N,N,N,None,Yes,3,,2,,5,,5,,5,,3,,,,2.38549,0.66920,0.43953,1.10873,3.49423,3.00675,0.42742,0.01880,46.2,,55.6,,1,,1.21623,0.86145,1.99632,0.73969,0.59037,3.32638,2.94889,2.74942,0.77129,0.50659,4.02729,3.46545,2025-06-06,7,7,3,48,1,0,48,2024-05-31,12,9,4,72,1,0,72,54.000,,0,0.00,0,0,"1100 EAST MARTIN DRIVE,WYNNE,AR,72396",35.216,'-90.783,,2026-07-01
045158,"THE SPRINGS OF GREERS FERRY","1040 WEDDING FORD ROAD","HEBER SPRINGS",AR,72543,5013628137,110,Cleburne,N,"For profit - Corporation",140,83.9,,"Medicare and Medicaid",N,"SEVEN SPRINGS HEALTHCARE LLC",1990-08-01,"THE SPRINGS ARKANSAS",516,26,3.5,3.3,3.0,3.8,N,,N,N,N,None,Yes,4,,4,,3,,4,,2,,3,,,,2.80786,0.86966,0.32862,1.19828,4.00615,3.65110,0.32786,0.01610,44.3,,53.8,,0,,1.24042,0.87858,2.03602,0.75440,0.60211,3.39253,3.00754,3.17311,0.98279,0.37137,4.52727,4.12603,2026-01-08,0,0,0,0,0,0,0,2024-08-15,8,6,2,68,1,0,68,17.000,,0,0.00,0,0,"1040 WEDDING FORD ROAD,HEBER SPRINGS,AR,72543",35.5017,'-92.034,,2026-07-01
045166,"CRESTPARK WYNNE, LLC","400 ARKANSAS STREET",WYNNE,AR,72396,8702387941,180,Cross,N,"For profit - Limited Liability company",100,41.0,,"Medicare and Medicaid",N,"CRESTPARK WYNNE, LLC",1991-09-01,CRESTPARK,722,6,3.3,3.2,4.0,3.2,N,,N,N,N,None,Yes,3,,3,,3,,3,,,2,3,,,,2.51219,1.19832,0.55182,1.75014,4.26233,3.72172,0.33412,0.00190,,26,,26,,26,1.17292,0.83077,1.92522,0.71335,0.56934,3.20791,2.84387,3.00237,1.43214,0.65949,5.09399,4.44791,2025-07-24,3,3,1,32,1,0,32,2024-04-12,9,9,0,72,1,0,72,42.000,,0,0.00,0,0,"400 ARKANSAS STREET,WYNNE,AR,72396",35.2194,'-90.79,,2026-07-01
045167,"SPRINGDALE HEALTH AND REHABILITATION CENTER","102 NORTH GUTENSOHN",SPRINGDALE,AR,72762,4797560330,710,Washington,Y,"For profit - Limited Liability company",140,112.7,,"Medicare and Medicaid",N,"NORTHPORT HEALTH SERVICES OF ARKANSAS, LLC",1991-07-17,"NHS MANAGEMENT",372,43,2.9,2.7,3.7,3.5,N,,N,N,N,Resident,Yes,3,,3,,4,,3,,4,,2,,,,2.69719,0.69321,0.27315,0.96636,3.66355,3.21346,0.18294,0.04617,52.5,,85.7,,2,,1.07906,0.76428,1.77116,0.65626,0.52378,2.95120,2.61629,3.50386,0.90054,0.35484,4.75923,4.17453,2026-02-13,4,4,0,24,1,0,24,2024-08-01,8,4,5,72,1,0,72,36.000,,0,0.00,0,0,"102 NORTH GUTENSOHN,SPRINGDALE,AR,72762",36.1856,'-94.161,,2026-07-01
045168,"JOHNSON COUNTY HEALTH AND REHAB, LLC","1451 EAST POPLAR STREET",CLARKSVILLE,AR,72830,4797542052,350,Johnson,N,"For profit - Limited Liability company",140,114.9,,"Medicare and Medicaid",N,"JOHNSON COUNTY HEALTH AND REHAB, LLC",1991-08-01,"CENTRAL ARKANSAS NURSING CENTERS",129,39,3.7,3.3,3.3,4.2,N,,N,N,N,Resident,Yes,4,,4,,3,,4,,2,,3,,,,3.68902,1.04066,0.23088,1.27154,4.96055,4.54207,0.28309,0.01675,44.6,,54.5,,0,,1.25922,0.89189,2.06688,0.76583,0.61123,3.44394,3.05311,4.10666,1.15847,0.25702,5.52215,5.05629,2025-08-07,1,1,0,4,1,0,4,2024-04-12,4,3,1,44,1,0,44,14.000,,1,8281.00,0,1,"1451 EAST POPLAR STREET,CLARKSVILLE,AR,72830",35.4643,'-93.441,,2026-07-01
045170,"THE GREEN HOUSE COTTAGES OF BELLE MEADE","2200 CHATEAU BOULEVARD",PARAGOULD,AR,72450,8702367104,270,Greene,N,"For profit - Partnership",167,127.4,,"Medicare and Medicaid",N,"PARAGOULD GH OPERATIONS LLC",1991-09-09,"SOUTHERN ADMINISTRATIVE SERVICES",480,35,3.9,3.3,3.9,4.7,N,,N,N,N,Resident,Yes,3,,2,,5,,5,,5,,4,,,,3.59785,1.09059,0.39164,1.48222,5.08007,4.48533,0.17223,0.03015,45.2,,33.3,,0,,1.28264,0.90848,2.10532,0.78008,0.62260,3.50801,3.10991,3.93203,1.19188,0.42801,5.55192,4.90194,2025-08-01,3,3,0,24,1,0,24,2024-04-25,5,4,1,99,1,0,99,42.750,,1,13870.00,0,1,"2200 CHATEAU BOULEVARD,PARAGOULD,AR,72450",36.0421,'-90.522,,2026-07-01
045172,"Dermott City Nursing Home","702 West Gaines St",Dermott,AR,71638,8705383241,080,Chicot,N,"Government - City",70,50.3,,"Medicare and Medicaid",N,"DERMOTT CITY NURSING HOME",1991-10-01,,,,,,,,N,,N,N,N,Both,Yes,1,,1,,1,,1,,,2,1,23,23,23,,,,,,,,,,26,,26,,26,,,,,,,,,,,,,2025-02-27,7,4,3,131,1,0,131,2024-01-05,15,13,2,116,1,0,116,127.250,,2,31889.00,0,2,"702 West Gaines St,Dermott,AR,71638",33.5192,'-91.447,,2026-07-01
045173,"SILVER OAKS HEALTH AND REHABILITATION","1875 OLD WIRE ROAD",CAMDEN,AR,71701,8708366831,510,Ouachita,N,"For profit - Corporation",104,83.7,,"Medicare and Medicaid",N,"OCNC, INC.",1991-11-01,"ANTHONY & BRYAN ADAMS",36,38,3.9,3.6,3.0,4.3,N,,N,N,N,Resident,Yes,4,,3,,5,,5,,5,,3,,,,2.60814,1.00150,0.23148,1.23298,3.84112,3.46060,0.22357,0.00668,48.9,,75.0,,0,,1.15698,0.81948,1.89906,0.70366,0.56160,3.16432,2.80523,3.15998,1.21339,0.28046,4.65384,4.19280,2025-06-05,3,3,1,20,1,0,20,2024-04-18,9,8,1,72,1,0,72,33.000,,0,0.00,0,0,"1875 OLD WIRE ROAD,CAMDEN,AR,71701",33.5514,'-92.862,,2026-07-01
045176,"THE WOODS, A NIGHTINGALE COMMUNITY","1194 N CHESTER ST",MONTICELLO,AR,71655,8703676852,210,Drew,N,"For profit - Limited Liability company",122,75.8,,"Medicare and Medicaid",N,"THE WOODS HEALTHCARE LLC",1991-11-01,NIGHTINGALE,815,5,3.8,4.0,4.0,2.4,N,,N,N,N,Resident,Yes,1,,1,,2,,2,,3,,4,,,,2.63150,0.91612,0.37023,1.28635,3.91785,3.53165,0.23392,0.01037,51.2,,16.7,,0,,1.26611,0.89677,2.07819,0.77003,0.61457,3.46279,3.06982,2.91347,1.01429,0.40990,4.33766,3.91008,2025-07-03,8,6,2,119,1,0,119,2024-04-04,13,6,9,68,1,0,68,106.250,,1,15940.00,0,1,"1194 N CHESTER ST,MONTICELLO,AR,71655",33.633,'-91.792,,2026-07-01
045177,"CRESTPARK DEWITT, LLC","1325 LIBERTY DRIVE","DE WITT",AR,72042,8709463569,000,Arkansas,N,"For profit - Limited Liability company",70,41.1,,"Medicare and Medicaid",N,"CRESTPARK DEWITT, LLC",1991-12-01,CRESTPARK,722,6,3.3,3.2,4.0,3.2,N,,N,N,N,Resident,Yes,2,,2,,2,,2,,,2,3,,,,2.72835,0.69032,0.48329,1.17361,3.90196,3.53866,0.22587,0.00241,,26,,26,,26,1.14817,0.81324,1.88460,0.69830,0.55733,3.14023,2.78386,3.33098,0.84280,0.59004,4.76382,4.32027,2026-03-26,2,2,0,32,1,0,32,2024-10-03,14,14,0,116,1,0,116,53.000,,2,9438.00,0,2,"1325 LIBERTY DRIVE,DE WITT,AR,72042",34.2748,'-91.349,,2026-07-01
045178,"PIGGOTT HEALTHCARE & SENIOR LIVING, LLC","450 S 9TH AVE",PIGGOTT,AR,72454,8705982291,100,Clay,N,"For profit - Limited Liability company",105,32.0,,"Medicare and Medicaid",N,"PIGGOTT HEALTHCARE & SENIOR LIVING, LLC",1991-12-01,"POINTE MANAGEMENT",776,12,1.3,2.3,1.2,1.2,N,,N,N,N,Resident,Yes,1,,1,,1,,1,,2,,1,,,,1.69305,0.97471,0.42997,1.40468,3.09773,2.74451,0.46168,0.01682,63.3,,,27,,26,1.34565,0.95311,2.20875,0.81840,0.65318,3.68033,3.26268,1.76367,1.01537,0.44790,3.22694,2.85899,2025-09-09,6,6,0,44,1,0,44,2024-06-26,17,10,7,199,1,0,199,82.750,,1,12649.00,0,1,"450 S 9TH AVE,PIGGOTT,AR,72454",36.3812,'-90.199,,2026-07-01
045180,"THE SPRINGS OF MINE CREEK","1407 NORTH MAIN STREET",NASHVILLE,AR,71852,8708452021,300,Howard,N,"For profit - Limited Liability company",78,68.7,,"Medicare and Medicaid",N,"NASHVILLE WELLNESS LLC",1991-12-01,"THE SPRINGS ARKANSAS",516,26,3.5,3.3,3.0,3.8,N,,N,N,N,Resident,Yes,5,,5,,5,,5,,3,,3,,,,2.53569,0.95062,0.29996,1.25058,3.78626,3.12208,0.24045,0.00404,52.1,,50.0,,1,,1.23169,0.87239,2.02169,0.74909,0.59787,3.36865,2.98637,2.88585,1.08189,0.34138,4.30912,3.55322,2026-02-20,1,1,0,8,1,0,8,2024-08-08,3,3,0,28,1,0,28,13.000,,0,0.00,0,0,"1407 NORTH MAIN STREET,NASHVILLE,AR,71852",33.959,'-93.846,,2026-07-01
045182,"COURTYARD REHABILITATION AND HEALTH CENTER, LLC","2415 W HILLSBORO","EL DORADO",AR,71730,8708635034,690,Union,N,"For profit - Corporation",76,72.2,,"Medicare and Medicaid",N,"COURTYARD REHABILITATION AND HEALTH",1991-12-12,"SOUTHERN ADMINISTRATIVE SERVICES",480,35,3.9,3.3,3.9,4.7,N,,N,N,N,Resident,Yes,5,,5,,5,,5,,5,,4,,,,2.31366,0.84669,0.64499,1.49168,3.80534,3.10983,0.31790,0.06302,40.3,,20.0,,0,,1.28374,0.90926,2.10713,0.78075,0.62314,3.51102,3.11258,2.52638,0.92454,0.70430,4.15522,3.39577,2026-02-27,0,0,0,0,0,0,0,2024-08-29,8,8,0,52,1,0,52,13.000,,0,0.00,0,0,"2415 W HILLSBORO,EL DORADO,AR,71730",33.2078,'-92.697,,2026-07-01
045183,"SALEM PLACE NURSING AND REHABILITATION CENTER, INC","2401 CHRISTINA LANE",CONWAY,AR,72034,5013274421,220,Faulkner,Y,"For profit - Corporation",103,82.5,,"Medicare and Medicaid",N,"SALEM PLACE NURSING AND REHABILITATION CENTER INC",1991-12-01,"CENTRAL ARKANSAS NURSING CENTERS",129,39,3.7,3.3,3.3,4.2,N,,N,N,N,Resident,Yes,5,,4,,5,,5,,3,,4,,,,3.36330,0.92877,0.32709,1.25586,4.61916,4.19356,0.28918,0.00720,35.6,,25.0,,0,,1.18465,0.83907,1.94447,0.72048,0.57503,3.23999,2.87230,3.97975,1.09900,0.38704,5.46579,4.96219,2026-01-15,0,0,0,0,0,0,0,2024-08-15,10,9,1,76,1,0,76,19.000,,0,0.00,0,0,"2401 CHRISTINA LANE,CONWAY,AR,72034",35.0684,'-92.463,,2026-07-01
045184,"Lake Village Rehabilitation and Care Center","903 Borgognoni Drive","Lake Village",AR,71653,8702655337,080,Chicot,N,"For profit - Limited Liability company",82,56.9,,"Medicare and Medicaid",N,"LAKE VILLAGE OPERATIONS LLC",1992-01-01,"SOUTHERN ADMINISTRATIVE SERVICES",480,35,3.9,3.3,3.9,4.7,N,,N,N,N,None,Yes,3,,2,,5,,5,,5,,4,,,,2.42599,0.68482,0.59883,1.28365,3.70964,3.40836,0.48559,0.00864,31.7,,28.6,,0,,1.21370,0.85965,1.99216,0.73815,0.58913,3.31944,2.94274,2.80194,0.79094,0.69163,4.28451,3.93653,2026-03-06,4,4,1,36,1,0,36,2024-09-06,7,7,0,44,1,0,44,38.000,,0,0.00,0,0,"903 Borgognoni Drive,Lake Village,AR,71653",33.3153,'-91.29,,2026-07-01
045187,"THE GREEN HOUSE COTTAGES OF WENTWORTH PLACE","26 WARNOCK SPRINGS ROAD",MAGNOLIA,AR,71753,8702341361,130,Columbia,N,"For profit - Limited Liability company",126,104.9,,"Medicare and Medicaid",N,"WENTWORTH, LLC",1992-01-01,"SOUTHERN ADMINISTRATIVE SERVICES",480,35,3.9,3.3,3.9,4.7,N,,N,N,N,Both,Yes,5,,5,,5,,5,,5,,5,,,,3.62807,0.85473,0.54214,1.39687,5.02494,4.21903,0.26223,0.00892,29.9,,15.4,,0,,1.16332,0.82397,1.90947,0.70751,0.56468,3.18166,2.82059,4.37175,1.02993,0.65327,6.05496,5.08385,2026-03-12,1,1,0,0,0,0,0,2024-09-19,8,8,0,52,1,0,52,13.000,,0,0.00,0,0,"26 WARNOCK SPRINGS ROAD,MAGNOLIA,AR,71753",33.2804,'-93.211,,2026-07-01
045189,"THE SPRINGS OF CAMDEN","900 MAGNOLIA ROAD",CAMDEN,AR,71701,8708366833,510,Ouachita,N,"For profit - Limited Liability company",106,68.9,,"Medicare and Medicaid",N,"PINE HILLS HEALTHCARE LLC",1992-01-15,"THE SPRINGS ARKANSAS",516,26,3.5,3.3,3.0,3.8,N,,N,N,N,Resident,Yes,4,,4,,3,,5,,1,,4,,,,2.46810,0.89144,0.60020,1.49164,3.95974,3.40716,0.42750,0.15570,48.8,,57.1,,1,,1.16864,0.82773,1.91819,0.71074,0.56726,3.19620,2.83348,2.96048,1.06928,0.71995,4.74970,4.08688,2025-05-08,4,4,1,16,1,0,16,2024-03-15,9,9,1,64,1,0,64,28.000,,0,0.00,0,0,"900 MAGNOLIA ROAD,CAMDEN,AR,71701",33.5725,'-92.843,,2026-07-01
045190,"NIGHTINGALE AT CROSSETT","1101 WATERWELL ROAD",CROSSETT,AR,71635,8703645721,010,Ashley,N,"For profit - Limited Liability company",83,56.4,,"Medicare and Medicaid",N,"CROSSETT HEALTHCARE LLC",1992-02-01,NIGHTINGALE,815,5,3.8,4.0,4.0,2.4,N,,N,N,N,Resident,Yes,3,,4,,1,,3,,1,,3,,,,2.17633,1.02404,0.38535,1.40940,3.58573,2.93955,0.19661,0.01004,44.6,,0.0,,1,,1.21120,0.85788,1.98805,0.73663,0.58792,3.31260,2.93668,2.51878,1.18517,0.44599,4.14994,3.40209,2026-04-22,0,0,0,0,0,0,0,2024-09-19,11,11,0,84,1,0,84,21.000,,1,12353.00,0,1,"1101 WATERWELL ROAD,CROSSETT,AR,71635",33.1117,'-91.948,,2026-07-01
045191,"LAKE FOREST SENIOR LIVING AT HOT SPRINGS VILLAGE","121 CORTEZ RD","HOT SPRINGS VILLAGE",AR,71909,5019151708,250,Garland,Y,"For profit - Corporation",50,40.6,,"Medicare and Medicaid",N,"HOT SPRINGS SNF OPCO LLC",1992-03-01,"CONTINUUM HEALTHCARE",161,13,2.5,2.5,2.8,3.4,Y,,N,N,N,Resident,Yes,3,,3,,2,,2,,2,,2,,,,2.09131,1.14016,0.45648,1.59664,3.68795,3.71994,0.51683,0.13165,60.4,,66.7,,0,,1.44452,1.02314,2.37102,0.87853,0.70117,3.95073,3.50239,2.02943,1.10643,0.44297,3.57884,3.60988,2025-09-05,2,2,0,8,1,0,8,2024-06-12,7,5,2,123,1,0,123,36.750,,1,13627.00,0,1,"121 CORTEZ RD,HOT SPRINGS VILLAGE,AR,71909",34.689,'-92.997,,2026-07-01
045192,"The Springs of Mt Vista","202 Tims Avenue",HARRISON,AR,72601,8707417667,040,Boone,N,"For profit - Corporation",154,87.9,,"Medicare and Medicaid",N,"MOUNT VISTA HEALTHCARE LLC",1992-02-01,"THE SPRINGS ARKANSAS",516,26,3.5,3.3,3.0,3.8,N,,N,N,N,Resident,Yes,5,,4,,5,,5,,5,,4,,,,2.29104,0.88370,0.44346,1.32716,3.61820,3.12253,0.24974,0.11240,42.7,,14.3,,0,,1.25217,0.88690,2.05531,0.76155,0.60781,3.42467,3.03602,2.56477,0.98928,0.49644,4.05049,3.49560,2026-04-30,0,0,0,0,0,0,0,2024-09-27,9,8,1,72,1,0,72,18.000,,1,32965.00,0,1,"202 Tims Avenue,HARRISON,AR,72601",36.2479,'-93.122,,2026-07-01
045194,"THE COTTAGES AT TEXARKANA","4701 JEFFERSON AVENUE",TEXARKANA,AR,71854,8707737515,450,Miller,Y,"For profit - Limited Liability company",140,114.8,,"Medicare and Medicaid",N,"TEXARKANA SNF OPERATIONS, LLC",1992-05-15,"SOUTHERN ADMINISTRATIVE SERVICES",480,35,3.9,3.3,3.9,4.7,N,,N,N,N,Resident,Yes,3,,2,,4,,5,,4,,5,,,,3.42543,1.08639,0.60817,1.69456,5.11999,4.52542,0.32957,0.11086,46.8,,31.3,,0,,1.10711,0.78415,1.81720,0.67332,0.53740,3.02793,2.68431,4.33714,1.37554,0.77005,6.48272,5.72990,2025-03-28,5,5,1,44,1,0,44,2024-03-28,8,5,3,48,1,0,48,45.000,,1,28022.00,0,1,"4701 JEFFERSON AVENUE,TEXARKANA,AR,71854",33.4678,'-94.029,,2026-07-01
045195,"THE SPRINGS BROADWAY","800 WEST BROADWAY","WEST MEMPHIS",AR,72301,8707355174,170,Crittenden,Y,"For profit - Limited Liability company",119,79.9,,"Medicare and Medicaid",N,"WEST MEMPHIS WELLNESS LLC",1992-04-01,"THE SPRINGS ARKANSAS",516,26,3.5,3.3,3.0,3.8,N,,N,N,N,Resident,Yes,3,,3,,3,,5,,1,,3,,,,2.26681,1.19014,0.43666,1.62680,3.89361,3.56050,0.41597,0.12779,37.5,,72.7,,0,,1.28754,0.91195,2.11336,0.78306,0.62498,3.52140,3.12178,2.46794,1.29574,0.47540,4.23907,3.87640,2025-03-27,4,4,4,32,1,0,32,2024-02-02,10,9,3,60,1,0,60,39.000,,0,0.00,0,0,"800 WEST BROADWAY,WEST MEMPHIS,AR,72301",35.1465,'-90.191,,2026-07-01
045196,"SOUTHRIDGE VILLAGE NURSING AND REHAB","400 SOUTHRIDGE PARKWAY","HEBER SPRINGS",AR,72543,5013623185,110,Cleburne,N,"For profit - Corporation",122,92.0,,"Medicare and Medicaid",N,"HBNC, INC.",1992-04-01,"ANTHONY & BRYAN ADAMS",36,38,3.9,3.6,3.0,4.3,N,,N,N,N,Resident,Yes,4,,4,,4,,5,,3,,3,,,,2.35150,0.74858,0.46261,1.21119,3.56270,2.81901,0.23286,0.01216,48.0,,60.0,,0,,1.20063,0.85039,1.97070,0.73020,0.58279,3.28369,2.91105,2.74547,0.87400,0.54012,4.15958,3.29130,2026-02-20,3,3,0,20,1,0,20,2024-07-25,2,2,0,8,1,0,8,17.000,,0,0.00,0,0,"400 SOUTHRIDGE PARKWAY,HEBER SPRINGS,AR,72543",35.4925,'-92,,2026-07-01
045197,"THE SPRINGS OF HARRISON","115 ORENDORFF AVENUE",HARRISON,AR,72601,8707413438,040,Boone,N,"For profit - Limited Liability company",90,61.4,,"Medicare and Medicaid",N,"HARRISON HEALTHCARE LLC",1992-03-01,"THE SPRINGS ARKANSAS",516,26,3.5,3.3,3.0,3.8,N,,N,N,N,Resident,Yes,5,,5,,4,,5,,2,,3,,,,2.35269,0.99494,0.23866,1.23360,3.58629,3.25591,0.19766,0.08014,41.4,,50.0,,0,,1.24369,0.88089,2.04138,0.75639,0.60369,3.40147,3.01546,2.65175,1.12141,0.26900,4.04216,3.66978,2025-07-02,0,0,0,0,0,0,0,2024-04-04,6,5,1,52,1,0,52,13.000,,0,0.00,0,0,"115 ORENDORFF AVENUE,HARRISON,AR,72601",36.2484,'-93.121,,2026-07-01
045199,"HEARTLAND REHABILITATION AND CARE CENTER","19701 INTERSTATE 30",BENTON,AR,72015,5017788200,620,Saline,Y,"For profit - Limited Liability company",140,90.3,,"Medicare and Medicaid",N,"SALINE SNF OPERATIONS, LLC",1992-08-06,"SOUTHERN ADMINISTRATIVE SERVICES",480,35,3.9,3.3,3.9,4.7,N,,N,N,N,Resident,Yes,5,,4,,5,,5,,5,,3,,,,2.48704,0.88614,0.33724,1.22338,3.71042,3.30580,0.39806,0.05548,51.2,,28.6,,0,,1.21086,0.85764,1.98749,0.73642,0.58775,3.31167,2.93585,2.87918,1.02586,0.39041,4.29546,3.82704,2025-07-31,1,1,0,8,1,0,8,2024-04-25,6,6,0,44,1,0,44,17.000,,0,0.00,0,0,"19701 INTERSTATE 30,BENTON,AR,72015",34.5708,'-92.594,,2026-07-01
045201,"CHAPEL WOODS HEALTH AND REHABILITATION","1440 EAST CHURCH",WARREN,AR,71671,8702266766,050,Bradley,N,"For profit - Limited Liability company",140,70.6,,"Medicare and Medicaid",N,"WRNC INC",1992-09-01,"ANTHONY & BRYAN ADAMS",36,38,3.9,3.6,3.0,4.3,N,,N,N,N,Resident,Yes,4,,4,,4,,5,,3,,3,,,,2.41406,1.22398,0.23468,1.45865,3.87271,3.11668,0.14435,0.00409,59.8,,33.3,,1,,1.18559,0.83974,1.94601,0.72105,0.57549,3.24256,2.87458,2.85426,1.44717,0.27747,4.57890,3.68500,2026-04-30,0,0,0,0,0,0,0,2024-10-25,9,7,3,60,1,0,60,15.000,,1,8281.00,0,1,"1440 EAST CHURCH,WARREN,AR,71671",33.6095,'-92.043,,2026-07-01
045202,"LAKEWOOD HEALTH AND REHAB, LLC","2323 MCCAIN BOULEVARD","NORTH LITTLE ROCK",AR,72116,5017912323,590,Pulaski,Y,"For profit - Limited Liability company",85,70.0,,"Medicare and Medicaid",N,"LAKEWOOD HEALTH AND REHAB LLC",1992-09-09,"CENTRAL ARKANSAS NURSING CENTERS",129,39,3.7,3.3,3.3,4.2,N,,N,N,N,Resident,Yes,4,,4,,4,,5,,3,,2,,,,3.14632,0.95490,0.18340,1.13831,4.28463,3.60504,0.12459,0.00000,69.8,,83.3,,0,,1.28238,0.90830,2.10490,0.77992,0.62247,3.50730,3.10928,3.43925,1.04381,0.20048,4.68354,3.94068,2025-09-25,1,1,0,8,1,0,8,2024-07-11,9,7,2,60,1,0,60,21.000,,0,0.00,0,0,"2323 MCCAIN BOULEVARD,NORTH LITTLE ROCK,AR,72116",34.798,'-92.241,,2026-07-01
045203,"THE SPRINGS BATESVILLE","1975 WHITE DRIVE",BATESVILLE,AR,72501,8706981853,310,Independence,N,"For profit - Corporation",150,88.2,,"Medicare and Medicaid",N,"BATESVILLE HEALTHCARE LLC",1992-07-01,"THE SPRINGS ARKANSAS",516,26,3.5,3.3,3.0,3.8,N,,N,N,N,Resident,Yes,3,,3,,4,,5,,3,,3,,,,2.81837,1.04981,0.29492,1.34473,4.16310,3.60880,0.20030,0.01314,57.3,,55.6,,0,,1.10068,0.77960,1.80665,0.66942,0.53428,3.01035,2.66872,3.58934,1.33699,0.37560,5.30193,4.59600,2025-08-28,2,2,0,16,1,0,16,2024-05-23,12,10,2,92,1,0,92,35.000,,0,0.00,0,0,"1975 WHITE DRIVE,BATESVILLE,AR,72501",35.7915,'-91.62,,2026-07-01
045207,"OUACHITA NURSING AND REHABILITATION CENTER","1411 COUNTRY CLUB ROAD",CAMDEN,AR,71701,8708364111,510,Ouachita,N,"For profit - Limited Liability company",115,79.2,,"Medicare and Medicaid",N,"CAMDEN SNF OPERATIONS, LLC",1993-03-01,"SOUTHERN ADMINISTRATIVE SERVICES",480,35,3.9,3.3,3.9,4.7,N,,Y,N,N,Both,Yes,3,,2,,5,,5,,3,,4,,,,2.36943,0.81768,0.57707,1.39474,3.76417,3.38910,0.36841,0.00881,49.4,,16.7,,0,,1.20900,0.85632,1.98444,0.73529,0.58685,3.30658,2.93134,2.74725,0.94806,0.66908,4.36439,3.92952,2025-08-21,3,1,2,16,1,0,16,2024-05-16,14,13,1,84,1,0,84,33.000,,0,0.00,0,0,"1411 COUNTRY CLUB ROAD,CAMDEN,AR,71701",33.5755,'-92.856,,2026-07-01
045208,"CABOT HEALTH AND REHAB, LLC","200 NORTHPORT DRIVE",CABOT,AR,72023,5018436181,420,Lonoke,Y,"For profit - Individual",89,73.5,,"Medicare and Medicaid",N,"CABOT HEALTH AND REHAB LLC",1993-03-01,"CENTRAL ARKANSAS NURSING CENTERS",129,39,3.7,3.3,3.3,4.2,N,,N,N,N,Resident,Yes,4,,3,,5,,5,,5,,3,,,,2.80540,1.05888,0.33530,1.39418,4.19958,3.49294,0.46339,0.00618,48.9,,37.5,,0,,1.34789,0.95470,2.21242,0.81976,0.65427,3.68646,3.26811,2.91756,1.10121,0.34870,4.36748,3.63258,2026-05-21,1,1,0,8,1,0,8,2024-12-12,11,11,0,72,1,0,72,24.000,,0,0.00,0,0,"200 NORTHPORT DRIVE,CABOT,AR,72023",34.9818,'-92.044,,2026-07-01
045209,"THE CROSSING AT RIVERSIDE HEALTH AND REHABILITATIO","2500 EAST MOORE AVENUE",SEARCY,AR,72143,5012682324,720,White,N,"For profit - Corporation",138,119.8,,"Medicare and Medicaid",N,"SRCNC, INC",1993-06-01,"ANTHONY & BRYAN ADAMS",36,38,3.9,3.6,3.0,4.3,N,,N,N,N,Resident,Yes,5,,5,,4,,5,,2,,4,,,,3.04650,0.75365,0.51209,1.26575,4.31225,3.64125,0.34805,0.01105,50.7,,50.0,,0,,1.23664,0.87590,2.02982,0.75210,0.60027,3.38219,2.99837,3.45332,0.85430,0.58047,4.88809,4.12749,2025-11-14,0,0,0,0,0,0,0,2024-06-12,4,4,0,32,1,0,32,8.000,,0,0.00,0,0,"2500 EAST MOORE AVENUE,SEARCY,AR,72143",35.2536,'-91.709,,2026-07-01
045211,"THE SPRINGS OF TEXARKANA","2107 DUDLEY STREET",TEXARKANA,AR,71854,8707724427,450,Miller,Y,"For profit - Individual",173,91.4,,"Medicare and Medicaid",N,"TEXARKANA AR OPCO LLC",1993-05-17,"THE SPRINGS ARKANSAS",516,26,3.5,3.3,3.0,3.8,N,,N,N,N,Resident,Yes,4,,3,,5,,5,,5,,2,,,,2.46849,1.03930,0.21026,1.24956,3.71806,3.38115,0.10293,0.00893,52.6,,66.7,,2,,1.22459,0.86736,2.01004,0.74477,0.59442,3.34923,2.96915,2.82566,1.18968,0.24069,4.25603,3.87037,2026-04-02,2,2,0,12,1,0,12,2024-10-10,6,4,2,52,1,0,52,22.000,,1,14665.00,0,1,"2107 DUDLEY STREET,TEXARKANA,AR,71854",33.4199,'-94.021,,2026-07-01
045212,"THE BLOSSOMS AT ROGERS REHAB & NURSING CENTER","1513 SOUTH DIXIELAND RD",ROGERS,AR,72758,4796365841,030,Benton,Y,"For profit - Limited Liability company",110,80.7,,"Medicare and Medicaid",N,"SOUTH DIXIELAND ROAD OPERATING LLC",1993-06-02,"THE BLOSSOMS REHAB & NURSING CENTER",505,24,2.5,2.6,2.3,3.0,N,,N,N,N,Resident,Yes,5,,4,,5,,5,,,2,2,,,,2.14458,0.43891,0.39493,0.83384,2.97842,2.59516,0.49833,0.01107,,27,,27,,27,1.11742,0.79146,1.83413,0.67960,0.54240,3.05613,2.70931,2.69033,0.55060,0.49543,3.73636,3.25556,2026-01-08,1,1,0,8,1,0,8,2023-12-22,5,5,0,40,1,0,40,16.000,,0,0.00,0,0,"1513 SOUTH DIXIELAND RD,ROGERS,AR,72758",36.3206,'-94.144,,2026-07-01
045214,"Hudson Memorial Nursing Home","700 N. COLLEGE AVENUE","EL DORADO",AR,71730,8708638131,690,Union,N,"Government - County",108,60.4,,"Medicare and Medicaid",N,"HUDSON MEMORIAL NURSING HOME",1993-09-01,,,,,,,,N,,N,N,N,Resident,Yes,2,,2,,3,,4,,2,,3,,,,2.23658,1.46972,0.42443,1.89415,4.13073,3.32473,0.28713,0.09515,59.7,,66.7,,0,,1.24794,0.88390,2.04836,0.75897,0.60575,3.41309,3.02576,2.51230,1.65090,0.47676,4.63995,3.73459,2024-12-19,9,8,1,60,1,0,60,2023-10-20,4,4,0,20,1,0,20,50.000,,0,0.00,0,0,"700 N. COLLEGE AVENUE,EL DORADO,AR,71730",33.2185,'-92.674,,2026-07-01
045216,"TWIN RIVERS REHABILITATION AND HEALTHCARE CENTER","3021 TWIN RIVERS DRIVE",ARKADELPHIA,AR,71923,8702466337,090,Clark,N,"For profit - Limited Liability company",112,71.0,,"Medicare and Medicaid",N,"3P PARTNERS, LLC",1993-09-01,"SOUTHERN ADMINISTRATIVE SERVICES",480,35,3.9,3.3,3.9,4.7,N,,N,N,N,Both,Yes,4,,3,,5,,5,,3,,3,,,,2.42430,0.82068,0.49680,1.31748,3.74178,3.15814,0.34398,0.03688,47.1,,25.0,,1,,1.30050,0.92113,2.13463,0.79094,0.63127,3.55684,3.15320,2.61310,0.88460,0.53548,4.03318,3.40409,2026-02-12,3,2,1,24,1,0,24,2024-08-29,3,2,1,16,1,0,16,22.000,,1,12335.00,0,1,"3021 TWIN RIVERS DRIVE,ARKADELPHIA,AR,71923",34.125,'-93.086,,2026-07-01
045217,"THE SPRINGS OF AVALON","610 SOUTH AVALON ST","WEST MEMPHIS",AR,72301,8707354543,170,Crittenden,Y,"For profit - Limited Liability company",85,81.5,,"Medicare and Medicaid",N,"WEST MEMPHIS OPERATORS, LLC",1993-11-01,"THE SPRINGS ARKANSAS",516,26,3.5,3.3,3.0,3.8,N,,N,N,N,Resident,Yes,2,,2,,4,,5,,1,,3,,,,2.05802,0.86153,0.30835,1.16987,3.22790,2.86306,0.23366,0.07490,56.3,,85.7,,0,,1.07559,0.76183,1.76547,0.65415,0.52210,2.94172,2.60788,2.68215,1.12280,0.40186,4.20681,3.73133,2025-02-27,6,6,1,44,1,0,44,2024-02-02,11,8,3,88,1,0,88,55.000,,1,8416.00,0,1,"610 SOUTH AVALON ST,WEST MEMPHIS,AR,72301",35.1379,'-90.194,,2026-07-01
045218,"GASSVILLE THERAPY AND LIVING","203 COTTER ROAD",GASSVILLE,AR,72635,8704352588,020,Baxter,N,"For profit - Corporation",105,45.4,,"Medicare and Medicaid",N,"GVNC, INC.",1993-11-01,"ANTHONY & BRYAN ADAMS",36,38,3.9,3.6,3.0,4.3,N,,N,N,N,Resident,Yes,4,,3,,5,,5,,,2,4,,,,2.36166,0.52620,0.78550,1.31169,3.67336,3.27433,0.46247,0.00578,39.6,,25.0,,3,,1.20296,0.85204,1.97453,0.73162,0.58392,3.29007,2.91671,2.75199,0.61317,0.91532,4.28047,3.81549,2025-12-18,0,0,0,0,0,0,0,2024-07-11,12,7,7,88,1,0,88,22.000,,0,0.00,0,0,"203 COTTER ROAD,GASSVILLE,AR,72635",36.2808,'-92.499,,2026-07-01
045219,"CRESTPARK FORREST CITY, LLC","500 KITTLE RD","FORREST CITY",AR,72335,8706334260,610,"St. Francis",N,"For profit - Limited Liability company",100,40.4,,"Medicare and Medicaid",N,"CRESTPARK FORREST CITY, LLC",1993-11-01,CRESTPARK,722,6,3.3,3.2,4.0,3.2,N,,N,N,N,Resident,Yes,3,,3,,3,,3,,,2,4,,,,3.00322,0.65124,0.37486,1.02610,4.02932,3.35433,0.29064,0.00110,41.5,,,27,1,,1.18261,0.83763,1.94114,0.71924,0.57405,3.23443,2.86737,3.55978,0.77193,0.44433,4.77604,3.97596,2025-12-23,4,4,0,16,1,0,16,2024-08-08,12,7,5,92,1,0,92,35.000,,0,0.00,0,0,"500 KITTLE RD,FORREST CITY,AR,72335",35.0217,'-90.772,,2026-07-01
045220,"FAYETTEVILLE HEALTH AND REHABILITATION CENTER","3100 OLD MISSOURI RD",FAYETTEVILLE,AR,72703,4795214353,710,Washington,Y,"For profit - Limited Liability company",140,120.0,,"Medicare and Medicaid",N,"NORTHPORT HEALTH SERVICES OF ARKANSAS, LLC",1993-12-01,"NHS MANAGEMENT",372,43,2.9,2.7,3.7,3.5,N,,N,N,N,Resident,Yes,3,,3,,4,,4,,5,,3,,,,2.78939,0.63047,0.12741,0.75789,3.54728,3.07039,0.09327,0.05601,40.0,,83.3,,0,,1.07310,0.76007,1.76138,0.65264,0.52089,2.93491,2.60185,3.64375,0.82358,0.16644,4.63376,4.01081,2025-11-21,4,3,1,16,1,0,16,2024-06-27,15,15,1,112,1,0,112,40.000,,0,0.00,0,0,"3100 OLD MISSOURI RD,FAYETTEVILLE,AR,72703",36.1088,'-94.133,,2026-07-01
045221,"Crestpark Helena, LLC","116 NOVEMBER DRIVE",HELENA,AR,72342,8703389886,530,Phillips,N,"For profit - Limited Liability company",100,31.1,,"Medicare and Medicaid",N,"CRESTPARK HELENA, LLC",1994-01-01,CRESTPARK,722,6,3.3,3.2,4.0,3.2,N,,N,N,N,Resident,Yes,5,,4,,4,,4,,,2,5,,,,3.29445,0.77517,0.83417,1.60934,4.90378,4.37515,0.89188,0.00000,20.9,,40.0,,0,,1.18634,0.84027,1.94726,0.72151,0.57586,3.24463,2.87641,3.89271,0.91594,0.98565,5.79429,5.16967,2025-09-05,5,5,0,16,1,0,16,2024-06-06,7,7,0,56,1,0,56,26.000,,0,0.00,0,0,"116 NOVEMBER DRIVE,HELENA,AR,72342",34.5419,'-90.622,,2026-07-01
045222,"WOODRUFF COUNTY HEALTH CENTER","139 WEST HIGHWAY 64",MCCRORY,AR,72101,8707312543,730,Woodruff,N,"Government - County",120,84.2,,"Medicare and Medicaid",N,"WOODRUFF COUNTY HEALTH CENTER",1993-11-19,,,,,,,,N,,N,N,N,Resident,Yes,3,,3,,3,,1,,4,,4,,,,3.17567,0.94424,0.45472,1.39897,4.57463,4.30616,0.43422,0.00000,47.5,,38.5,,0,,1.22105,0.86486,2.00423,0.74262,0.59270,3.33956,2.96057,3.64569,1.08400,0.52202,5.25171,4.94351,2025-09-18,2,1,2,28,1,0,28,2024-05-31,9,9,0,56,1,0,56,35.000,,1,8278.00,0,1,"139 WEST HIGHWAY 64,MCCRORY,AR,72101",35.2691,'-91.196,,2026-07-01
045227,"PLEASANT MANOR NURSING & REHAB","950 HOMESTEAD",ASHDOWN,AR,71822,8708985001,400,"Little River",Y,"For profit - Limited Liability company",88,70.2,,"Medicare and Medicaid",N,"PLEASANT MANOR NURSING & REHAB",1993-12-01,,,,,,,,N,,N,N,N,Resident,Yes,5,,5,,3,,5,,2,,4,,,,2.60614,1.31126,0.67528,1.98654,4.59268,3.12298,0.29859,0.00645,51.8,,46.2,,1,,1.12476,0.79665,1.84617,0.68406,0.54596,3.07619,2.72710,3.24802,1.63422,0.84159,5.72383,3.89215,2025-11-25,0,0,0,0,0,0,0,2024-07-18,6,6,0,48,1,0,48,12.000,,0,0.00,0,0,"950 HOMESTEAD,ASHDOWN,AR,71822",33.6653,'-94.117,,2026-07-01
045228,"MAPLE HEALTHCARE","200 S MAPLE STREET",HAZEN,AR,72064,8702554323,580,Prairie,N,"For profit - Limited Liability company",70,35.6,,"Medicare and Medicaid",N,"HAZEN SNF OPERATOR LLC",1994-01-01,"MARSH POINTE MANAGEMENT",337,6,2.5,2.2,3.8,3.0,N,,Y,N,N,Resident,Yes,2,,2,,2,,2,,,2,3,,,,2.43998,0.74060,0.37479,1.11539,3.55537,3.00640,0.36136,0.01753,46.7,,,27,0,,1.15741,0.81978,1.89977,0.70392,0.56181,3.16550,2.80627,2.95513,0.89697,0.45392,4.30602,3.64114,2025-06-05,2,2,0,44,1,0,44,2024-03-07,5,5,0,40,1,0,40,43.000,,1,33800.00,1,2,"200 S MAPLE STREET,HAZEN,AR,72064",34.7977,'-91.57,22,2026-07-01
045232,"THE BLOSSOMS AT STAMPS REHAB & NURSING CENTER","826 NORTH STREET",STAMPS,AR,71860,8705334444,360,Lafayette,N,"For profit - Limited Liability company",94,60.0,,"Medicare and Medicaid",N,"NORTH STREET OPERATING LLC",1994-03-01,"THE BLOSSOMS REHAB & NURSING CENTER",505,24,2.5,2.6,2.3,3.0,N,,N,N,N,Resident,Yes,5,,5,,3,,3,,2,,4,,,,2.01237,0.87370,0.29105,1.16475,3.17712,2.75593,0.24086,0.00097,34.0,,40.0,,0,,1.07076,0.75841,1.75754,0.65122,0.51975,2.92851,2.59617,2.63448,1.14380,0.38102,4.15931,3.60791,2026-04-16,1,1,0,4,1,0,4,2024-10-17,2,2,0,12,1,0,12,6.000,,0,0.00,0,0,"826 NORTH STREET,STAMPS,AR,71860",33.3691,'-93.49,,2026-07-01
045236,"DES ARC NURSING AND REHABILITATION CENTER","2216 WEST MAIN STREET","DES ARC",AR,72040,8702564194,580,Prairie,N,"For profit - Limited Liability company",98,57.1,,"Medicare and Medicaid",N,"PRAIRIE SNF OPERATIONS LLC",1994-06-01,"SOUTHERN ADMINISTRATIVE SERVICES",480,35,3.9,3.3,3.9,4.7,N,,N,N,N,Resident,Yes,2,,1,,5,,5,,,2,4,,,,2.62129,0.71902,0.49027,1.20929,3.83059,3.34051,0.22920,0.03902,47.1,,33.3,,2,,1.16832,0.82751,1.91767,0.71055,0.56711,3.19533,2.83272,3.14509,0.86270,0.58824,4.59603,4.00803,2025-01-16,8,8,3,64,1,0,64,2024-01-12,17,17,0,379,1,0,379,142.750,,1,8021.00,0,1,"2216 WEST MAIN STREET,DES ARC,AR,72040",34.9773,'-91.52,,2026-07-01
045239,"BELLE VIEW ESTATES REHABILITATION AND CARE CENTER","1052 OLD WARREN ROAD",MONTICELLO,AR,71655,8703670044,210,Drew,N,"For profit - Limited Liability company",80,71.0,,"Medicare and Medicaid",N,"DREW SNF OPERATIONS, LLC",1994-07-15,"SOUTHERN ADMINISTRATIVE SERVICES",480,35,3.9,3.3,3.9,4.7,N,,N,N,N,Resident,Yes,5,,5,,5,,5,,5,,3,,,,2.01857,1.30417,0.24804,1.55221,3.57079,3.10370,0.13130,0.07003,29.4,,20.0,,0,,1.34145,0.95014,2.20185,0.81585,0.65115,3.66884,3.25249,2.10935,1.36282,0.25920,3.73137,3.24328,2025-06-05,0,0,0,0,0,0,0,2024-03-14,8,7,1,76,1,0,76,19.000,,1,7443.00,0,1,"1052 OLD WARREN ROAD,MONTICELLO,AR,71655",33.6135,'-91.813,,2026-07-01
045241,"BAILEY CREEK HEALTH AND REHAB","1621 EAST 42ND ST",TEXARKANA,AR,71854,8707743581,450,Miller,Y,"For profit - Corporation",74,87.0,,"Medicare and Medicaid",N,"TXKNC, INC.",1994-09-01,"ANTHONY & BRYAN ADAMS",36,38,3.9,3.6,3.0,4.3,N,,N,N,N,Resident,Yes,2,,2,,4,,5,,3,,3,,,,2.34257,0.84845,0.33416,1.18261,3.52517,2.83387,0.19797,0.00834,50.0,,50.0,,0,,1.07258,0.75970,1.76054,0.65233,0.52064,2.93350,2.60060,3.06154,1.10885,0.43672,4.60710,3.70363,2026-04-09,4,2,2,24,1,0,24,2024-09-06,11,9,2,76,1,0,76,37.000,,0,0.00,0,0,"1621 EAST 42ND ST,TEXARKANA,AR,71854",33.4637,'-94.026,,2026-07-01
045242,"THE BLOSSOMS AT EUREKA SPRINGS REHAB & NURSING CEN","235 HUNTSVILLE ROAD","EUREKA SPRINGS",AR,72632,4792537038,070,Carroll,N,"For profit - Limited Liability company",100,56.2,,"Medicare and Medicaid",N,"HUNTSVILLE ROAD OPERATING LLC",1994-08-01,"THE BLOSSOMS REHAB & NURSING CENTER",505,24,2.5,2.6,2.3,3.0,N,,N,N,N,Resident,Yes,1,,1,,4,,5,,3,,2,,,,2.11445,1.11505,0.25370,1.36875,3.48320,3.20014,0.17341,0.00259,83.3,,,27,1,,1.13415,0.80331,1.86159,0.68977,0.55052,3.10189,2.74987,2.61340,1.37816,0.31357,4.30514,3.95527,2025-05-30,3,2,2,24,1,0,24,2024-03-01,20,14,8,156,1,0,156,57.000,,0,0.00,0,0,"235 HUNTSVILLE ROAD,EUREKA SPRINGS,AR,72632",36.3823,'-93.741,,2026-07-01
045243,"THE PINES NURSING AND REHABILITATION CENTER","524 CARPENTER DAM ROAD","HOT SPRINGS",AR,71901,5012624124,250,Garland,Y,"For profit - Limited Liability company",125,73.1,,"Medicare and Medicaid",N,"PINES SNF OPERATIONS, LLC",1994-09-01,"SOUTHERN ADMINISTRATIVE SERVICES",480,35,3.9,3.3,3.9,4.7,N,,N,N,N,Resident,Yes,4,,3,,5,,5,,5,,4,,,,2.63798,0.91629,0.48488,1.40117,4.03915,3.61633,0.14602,0.05925,48.4,,45.5,,0,,1.30387,0.92352,2.14016,0.79299,0.63290,3.56606,3.16137,2.83607,0.98510,0.52129,4.34246,3.88788,2025-04-02,4,4,0,36,1,0,36,2024-02-23,7,4,3,72,1,0,72,45.000,,1,13863.00,0,1,"524 CARPENTER DAM ROAD,HOT SPRINGS,AR,71901",34.4643,'-93.021,,2026-07-01
045244,"LITTLE RIVER NURSING & REHAB","162 HWY 32-2A",ASHDOWN,AR,71822,8708985101,400,"Little River",Y,"Government - City/county",85,76.7,,"Medicare and Medicaid",N,"LITTLE RIVER NURSING HOME",1994-09-01,,,,,,,,N,,N,N,N,Resident,Yes,5,,5,,2,,2,,2,,3,,,,2.34834,1.05883,0.37352,1.43236,3.78069,3.08217,0.26651,0.04116,40.2,,45.5,,0,,1.18095,0.83645,1.93840,0.71823,0.57324,3.22987,2.86333,2.78746,1.25683,0.44337,4.48766,3.65852,2026-06-17,0,0,0,0,0,0,0,2025-01-24,3,2,1,16,1,0,16,4.000,,0,0.00,0,0,"162 HWY 32-2A,ASHDOWN,AR,71822",33.6741,'-94.126,22,2026-07-01
045245,"CONWAY HEALTHCARE AND REHABILITATION CENTER","2603 DAVE WARD DRIVE",CONWAY,AR,72034,5013292149,220,Faulkner,Y,"For profit - Limited Liability company",105,69.7,,"Medicare and Medicaid",N,"FAULKNER SNF OPERATIONS LLC",1994-08-15,"SOUTHERN ADMINISTRATIVE SERVICES",480,35,3.9,3.3,3.9,4.7,Y,,N,N,N,None,Yes,3,,2,,5,,5,,,2,3,,,,2.77741,0.78594,0.34803,1.13397,3.91137,3.39485,0.23423,0.04558,60.7,,76.9,,0,,1.24235,0.87994,2.03919,0.75558,0.60304,3.39780,3.01221,3.13382,0.88679,0.39269,4.41331,3.83051,2025-08-21,6,6,1,32,1,0,32,2024-05-06,10,8,4,135,1,0,135,57.750,,1,25483.00,0,1,"2603 DAVE WARD DRIVE,CONWAY,AR,72034",35.0704,'-92.465,,2026-07-01
045246,"PERRY COUNTY NURSING AND REHABILITATION CENTER","1321 SCENIC DRIVE",PERRYVILLE,AR,72126,5018892400,520,Perry,Y,"For profit - Individual",95,68.6,,"Medicare and Medicaid",N,"PERRY COUNTY CARE CENTER INC",1994-09-15,"CENTRAL ARKANSAS NURSING CENTERS",129,39,3.7,3.3,3.3,4.2,N,,N,N,N,Resident,Yes,5,,5,,4,,5,,2,,3,,,,3.30185,1.06779,0.21770,1.28549,4.58734,3.64125,0.15968,0.00452,46.3,,,27,0,,1.21190,0.85837,1.98920,0.73705,0.58826,3.31452,2.93837,3.81918,1.23509,0.25181,5.30609,4.21176,2026-03-19,1,1,0,4,1,0,4,2024-09-05,4,4,0,36,1,0,36,12.000,,0,0.00,0,0,"1321 SCENIC DRIVE,PERRYVILLE,AR,72126",35.0081,'-92.812,,2026-07-01
045247,"STELLA MANOR NURSING AND REHABILITATION CENTER","400 NORTH VANCOUVER AVENUE",RUSSELLVILLE,AR,72801,4799684141,570,Pope,N,"For profit - Corporation",124,66.8,,"Medicare and Medicaid",N,"STELLA MANOR CARE CENTER INC",1994-09-01,"CENTRAL ARKANSAS NURSING CENTERS",129,39,3.7,3.3,3.3,4.2,N,,N,N,N,None,Yes,5,,5,,5,,5,,,2,4,,,,3.79414,0.98336,0.41667,1.40002,5.19417,4.45211,0.20949,0.00434,46.7,,16.7,,0,,1.25085,0.88596,2.05314,0.76074,0.60717,3.42105,3.03281,4.25195,1.10201,0.46694,5.82091,4.98932,2024-11-07,1,1,0,4,1,0,4,2023-10-12,6,6,0,60,1,0,60,18.000,,0,0.00,0,0,"400 NORTH VANCOUVER AVENUE,RUSSELLVILLE,AR,72801",35.2862,'-93.153,,2026-07-01
045248,"SOUTHFORK RIVER THERAPY AND LIVING","624 HWY 62/412 WEST",SALEM,AR,72576,8708953817,240,Fulton,N,"For profit - Limited Liability company",84,62.5,,"Medicare and Medicaid",N,"SLNC, INC.",1994-09-01,"ANTHONY & BRYAN ADAMS",36,38,3.9,3.6,3.0,4.3,N,,N,N,N,Resident,Yes,5,,5,,4,,5,,1,,4,,,,2.37254,0.91009,0.51781,1.42790,3.80044,3.32572,0.39787,0.00314,41.9,,55.6,,0,,1.10735,0.78432,1.81760,0.67347,0.53751,3.02858,2.68489,3.00337,1.15208,0.65548,4.81093,4.20998,2026-03-12,1,1,0,0,0,0,0,2024-08-15,0,0,0,0,0,0,0,0.000,,0,0.00,0,0,"624 HWY 62/412 WEST,SALEM,AR,72576",36.3675,'-91.826,22,2026-07-01
045250,"LAKE FOREST SENIOR LIVING AT MOUNTAIN HOME","300 GOOD SAMARITAN DRIVE","MOUNTAIN HOME",AR,72653,8707066525,020,Baxter,N,"For profit - Limited Liability company",70,49.6,,"Medicare and Medicaid",N,"MOUNTAIN HOME SNF OPCO LLC",1994-12-01,"CONTINUUM HEALTHCARE",161,13,2.5,2.5,2.8,3.4,Y,,N,N,N,Resident,Yes,3,,3,,3,,3,,2,,2,,,,2.49311,0.99938,0.41918,1.41856,3.91167,3.51216,0.21644,0.04255,,26,,26,0,,1.28344,0.90905,2.10664,0.78057,0.62299,3.51019,3.11185,2.72298,1.09153,0.45783,4.27233,3.83598,2025-08-20,0,0,0,0,0,0,0,2024-05-08,11,8,3,84,1,0,84,21.000,,0,0.00,0,0,"300 GOOD SAMARITAN DRIVE,MOUNTAIN HOME,AR,72653",36.3158,'-92.353,,2026-07-01
045254,"The Blossoms at the Village Rehab & Nursing Center","1208 NORTH HIGHWAY 7","HOT SPRINGS",AR,71909,5016245238,250,Garland,Y,"For profit - Corporation",120,96.6,,"Medicare and Medicaid",N,"NORTH HIGHWAY 7 OPERATING LLC",1994-11-01,"THE BLOSSOMS REHAB & NURSING CENTER",505,24,2.5,2.6,2.3,3.0,N,,N,N,N,Resident,Yes,3,,4,,1,,2,,1,,2,,,,2.13559,0.67175,0.39368,1.06543,3.20102,2.89437,0.39217,0.00330,71.2,,71.4,,1,,1.19035,0.84311,1.95383,0.72395,0.57780,3.25559,2.88613,2.51491,0.79106,0.46361,3.76958,3.40846,2025-12-19,2,2,0,8,1,0,8,2024-08-15,5,4,1,40,1,0,40,16.000,,0,0.00,0,0,"1208 NORTH HIGHWAY 7,HOT SPRINGS,AR,71909",34.5944,'-93.007,,2026-07-01
045256,"SHERIDAN HEALTHCARE AND REHABILITATION CENTER","113 SOUTH BRIARWOOD DRIVE",SHERIDAN,AR,72150,8709422183,260,Grant,Y,"For profit - Limited Liability company",121,59.1,,"Medicare and Medicaid",N,"GRANT SNF OPERATIONS, LLC",1994-12-01,"SOUTHERN ADMINISTRATIVE SERVICES",480,35,3.9,3.3,3.9,4.7,N,,N,N,N,Resident,Yes,3,,2,,5,,5,,4,,4,,,,2.79917,0.94738,0.49789,1.44527,4.24444,3.67988,0.14505,0.06856,31.0,,14.3,,0,,1.34099,0.94981,2.20110,0.81557,0.65092,3.66759,3.25138,2.92605,0.99032,0.52046,4.43683,3.84668,2025-04-04,3,3,0,32,1,0,32,2024-01-26,15,14,1,104,1,0,104,50.000,,0,0.00,0,0,"113 SOUTH BRIARWOOD DRIVE,SHERIDAN,AR,72150",34.31,'-92.415,,2026-07-01
045259,"The Blossoms at Woodland Hills Rehab & Nursing Cen","8701 Riley Drive","Little Rock",AR,72205,5012242700,590,Pulaski,Y,"For profit - Limited Liability company",140,95.2,,"Medicare and Medicaid",N,"RILEY DRIVE OPERATING LLC",1994-11-10,"THE BLOSSOMS REHAB & NURSING CENTER",505,24,2.5,2.6,2.3,3.0,N,,Y,N,N,Resident,Yes,1,,1,,2,,3,,1,,2,,,,2.09480,0.70779,0.45922,1.16702,3.26181,2.63371,0.18132,0.00228,79.8,,78.3,,0,,1.13455,0.80359,1.86224,0.69001,0.55071,3.10297,2.75083,2.58820,0.87451,0.56739,4.03010,3.25405,2025-04-03,8,6,2,177,1,0,177,2024-02-16,21,14,7,136,1,0,136,166.750,,1,136696.00,0,1,"8701 Riley Drive,Little Rock,AR,72205",34.7433,'-92.365,,2026-07-01
045266,"MONTGOMERY COUNTY NURSING HOME","741 SOUTH DRIVE","MOUNT IDA",AR,71957,8708672156,480,Montgomery,N,"Government - County",112,69.4,,"Medicare and Medicaid",N,"MONTGOMERY COUNTY NURSING HOME",1995-02-01,,,,,,,,N,,N,N,N,Resident,Yes,5,,5,,4,,3,,4,,5,,,,3.79070,0.84777,0.49941,1.34718,5.13788,4.50577,0.45256,0.01385,15.4,,0.0,,0,,1.15629,0.81899,1.89793,0.70323,0.56127,3.16243,2.80354,4.59550,1.02776,0.60544,6.22869,5.46239,2025-05-30,1,1,0,4,1,0,4,2024-03-21,4,4,0,28,1,0,28,10.000,,0,0.00,0,0,"741 SOUTH DRIVE,MOUNT IDA,AR,71957",34.546,'-93.631,,2026-07-01
045267,"LEGACY HEALTH AND REHABILITATION CENTER","3310 NORTH 50TH STREET","FORT SMITH",AR,72904,4797833101,650,Sebastian,Y,"For profit - Limited Liability company",115,103.7,,"Medicare and Medicaid",N,"NORTHPORT HEALTH SERVICES OF ARKANSAS, LLC",1995-01-01,"NHS MANAGEMENT",372,43,2.9,2.7,3.7,3.5,N,,N,N,N,Resident,Yes,2,,2,,2,,3,,1,,3,,,,2.52175,0.82663,0.24900,1.07564,3.59739,3.22772,0.15249,0.02190,43.0,,55.6,,0,,1.09683,0.77688,1.80034,0.66707,0.53241,2.99982,2.65939,3.22285,1.05646,0.31823,4.59754,4.12509,2025-01-31,5,5,0,32,1,0,32,2024-03-21,15,11,9,104,1,0,104,50.000,,0,0.00,0,0,"3310 NORTH 50TH STREET,FORT SMITH,AR,72904",35.411,'-94.376,,2026-07-01
045268,"VAN BUREN HEALTHCARE AND REHABILITATION CENTER","1404 NORTH 28TH STREET","VAN BUREN",AR,72956,4794748021,160,Crawford,Y,"For profit - Limited Liability company",140,122.3,,"Medicare and Medicaid",N,"WONDER BOYS PROPERTIES OF ARKANSAS, LLC",1995-02-01,"STEIN LTC",490,4,4.3,4.0,3.3,3.8,N,,N,N,N,Both,Yes,5,,5,,3,,4,,3,,3,,,,2.78164,1.12516,0.18365,1.30881,4.09044,3.40199,0.07188,0.06624,47.9,,0.0,,0,,1.23800,0.87687,2.03205,0.75293,0.60093,3.38592,3.00167,3.14962,1.27400,0.20794,4.63156,3.85204,2026-05-21,1,1,0,4,0,0,4,2024-09-19,4,2,2,20,1,0,20,8.000,,0,0.00,0,0,"1404 NORTH 28TH STREET,VAN BUREN,AR,72956",35.4542,'-94.326,,2026-07-01
045269,"THE BLOSSOMS AT STAR CITY REHAB & NURSING CENTER","702 N DREW ST","STAR CITY",AR,71667,8706284144,390,Lincoln,N,"For profit - Limited Liability company",95,79.5,,"Medicare and Medicaid",N,"N DREW STREET OPERATING LLC",1995-04-01,"THE BLOSSOMS REHAB & NURSING CENTER",505,24,2.5,2.6,2.3,3.0,N,,N,N,N,Resident,Yes,3,,3,,2,,4,,1,,2,,,,2.10145,0.96340,0.20148,1.16487,3.26633,3.05859,0.16369,0.00564,41.5,,50.0,,1,,1.24364,0.88086,2.04130,0.75636,0.60367,3.40133,3.01533,2.36867,1.08590,0.22709,3.68167,3.44752,2025-01-30,4,4,0,32,1,0,32,2024-01-05,15,11,4,100,1,0,100,49.000,,0,0.00,0,0,"702 N DREW ST,STAR CITY,AR,71667",33.9496,'-91.845,,2026-07-01
045270,"ARBOR OAKS HEALTHCARE AND REHABILITATION CENTER","955 DIVISION",MALVERN,AR,72104,5013325251,290,"Hot Spring",N,"For profit - Limited Liability company",94,65.3,,"Medicare and Medicaid",N,"MALVERN SNF OPERATIONS LLC",1995-02-01,"SOUTHERN ADMINISTRATIVE SERVICES",480,35,3.9,3.3,3.9,4.7,N,,N,N,N,Resident,Yes,3,,3,,4,,4,,3,,4,,,,2.18030,1.18823,0.35403,1.54226,3.72256,3.12678,0.20231,0.01334,47.6,,0.0,,0,,1.22605,0.86840,2.01243,0.74566,0.59513,3.35322,2.97269,2.49280,1.35854,0.40477,4.25611,3.57494,2025-07-02,3,3,0,12,1,0,12,2024-06-27,7,6,2,68,1,0,68,26.000,,1,8018.00,1,2,"955 DIVISION,MALVERN,AR,72104",34.3773,'-92.815,,2026-07-01
045271,"OAK RIDGE HEALTH AND REHABILITATION","501 HUDSON ST","EL DORADO",AR,71730,8708625511,690,Union,N,"For profit - Limited Liability company",180,76.1,,"Medicare and Medicaid",N,"OR OPS INC",1995-02-01,"ANTHONY & BRYAN ADAMS",36,38,3.9,3.6,3.0,4.3,N,,N,N,N,Resident,Yes,4,,4,,3,,4,,2,,4,,,,2.51001,1.11797,0.28346,1.40143,3.91144,3.52365,0.24672,0.00227,29.8,,0.0,,0,,1.08624,0.76937,1.78295,0.66063,0.52727,2.97085,2.63371,3.23913,1.44272,0.36580,5.04765,4.54721,2026-03-19,1,1,0,4,1,0,4,2024-09-26,5,3,2,48,1,0,48,15.000,,2,74825.00,0,2,"501 HUDSON ST,EL DORADO,AR,71730",33.2087,'-92.641,,2026-07-01
045275,"THE SPRINGS OF EL DORADO","1700 EAST SHORT HILLSBORO","EL DORADO",AR,71730,8708625124,690,Union,N,"For profit - Limited Liability company",122,74.5,,"Medicare and Medicaid",N,"ADVANCED NURSING AND REHAB OF EL DORADO LLC",1995-04-01,"THE SPRINGS ARKANSAS",516,26,3.5,3.3,3.0,3.8,N,,N,N,N,Resident,Yes,3,,3,,4,,5,,2,,4,,,,2.47181,0.84890,0.45706,1.30596,3.77777,3.20565,0.34644,0.08342,54.5,,25.0,,1,,1.09673,0.77680,1.80017,0.66701,0.53236,2.99953,2.65914,3.15933,1.08502,0.58418,4.82853,4.09728,2025-05-01,4,2,4,24,1,0,24,2024-03-01,7,6,1,64,1,0,64,34.000,,0,0.00,0,0,"1700 EAST SHORT HILLSBORO,EL DORADO,AR,71730",33.207,'-92.643,,2026-07-01
045277,"THE SPRINGS OF PINE BLUFF","6301 SOUTH  HAZEL STREET","PINE BLUFF",AR,71603,8705348153,340,Jefferson,N,"For profit - Limited Liability company",103,87.6,,"Medicare and Medicaid",N,"PINE BLUFF AR OPCO LLC",1995-05-01,"THE SPRINGS ARKANSAS",516,26,3.5,3.3,3.0,3.8,N,,N,N,N,Resident,Yes,2,,2,,3,,4,,2,,2,,,,2.58071,0.66701,0.44140,1.10842,3.68913,3.10629,0.27684,0.06396,,26,,26,2,,1.22450,0.86730,2.00989,0.74472,0.59438,3.34899,2.96894,2.95433,0.76358,0.50531,4.22321,3.55600,2025-06-20,6,6,1,36,1,0,36,2024-03-28,9,8,1,68,1,0,68,44.000,,0,0.00,0,0,"6301 SOUTH  HAZEL STREET,PINE BLUFF,AR,71603",34.1631,'-92.024,,2026-07-01
045280,"TWIN LAKES THERAPY AND LIVING","6152 HIGHWAY 202 EAST",FLIPPIN,AR,72634,8704534603,440,Marion,N,"For profit - Corporation",80,43.3,,"Medicare and Medicaid",N,"FPNC, INC.",1995-05-22,"ANTHONY & BRYAN ADAMS",36,38,3.9,3.6,3.0,4.3,N,,N,N,N,Resident,Yes,2,,1,,5,,5,,,2,4,,,,2.45521,1.22030,0.55803,1.77833,4.23354,3.38557,0.26706,0.00694,57.6,,66.7,,0,,1.19240,0.84457,1.95721,0.72520,0.57880,3.26120,2.89111,2.88632,1.43458,0.65601,4.97691,3.98004,2025-06-12,2,2,0,20,1,0,20,2024-03-15,21,17,13,219,1,0,219,69.750,,2,25678.00,1,3,"6152 HIGHWAY 202 EAST,FLIPPIN,AR,72634",36.2832,'-92.612,,2026-07-01
045284,"POCAHONTAS HEALTHCARE AND REHABILITATION CENTER","105 COUNTRY CLUB ROAD",POCAHONTAS,AR,72455,8708922523,600,Randolph,N,"For profit - Limited Liability company",97,48.1,,"Medicare and Medicaid",N,"RANDOLPH SNF OPERATIONS LLC",1995-07-01,"SOUTHERN ADMINISTRATIVE SERVICES",480,35,3.9,3.3,3.9,4.7,N,,N,N,N,Both,Yes,3,,3,,3,,4,,2,,3,,,,2.15782,1.05121,0.51425,1.56546,3.72328,2.99426,0.24300,0.02015,43.1,,42.9,,0,,1.26034,0.89269,2.06872,0.76652,0.61177,3.44701,3.05583,2.39997,1.16918,0.57196,4.14111,3.33028,2026-02-12,0,0,0,0,0,0,0,2024-08-22,13,9,4,108,1,0,108,27.000,,1,9307.00,0,1,"105 COUNTRY CLUB ROAD,POCAHONTAS,AR,72455",36.288,'-90.996,,2026-07-01
045287,"BEAR CREEK HEALTHCARE LLC","322 WEST COLLIN RAYE DRIVE","DE QUEEN",AR,71832,8706423562,660,Sevier,N,"For profit - Limited Liability company",131,49.2,,"Medicare and Medicaid",N,"BEAR CREEK HEALTHCARE, LLC",1995-06-01,,,,,,,,N,,N,N,N,Resident,Yes,5,,5,,3,,4,,2,,4,,,,2.42629,1.06976,0.40294,1.47269,3.89898,3.21819,0.29833,0.00742,45.9,,40.0,,2,,1.09546,0.77590,1.79808,0.66624,0.53174,2.99605,2.65605,3.10475,1.36889,0.51561,4.98925,4.11809,2026-03-06,1,1,0,4,1,0,4,2024-10-17,3,3,0,20,1,0,20,8.000,,0,0.00,0,0,"322 WEST COLLIN RAYE DRIVE,DE QUEEN,AR,71832",34.0456,'-94.341,,2026-07-01
045288,"THE SPRINGS OF CHENAL","3115 S BOWMAN ROAD","LITTLE ROCK",AR,72211,5012284848,590,Pulaski,Y,"For profit - Limited Liability company",70,48.5,,"Medicare and Medicaid",N,"ALLAY HEALTHCARE LLC",1995-06-30,"THE SPRINGS ARKANSAS",516,26,3.5,3.3,3.0,3.8,N,,N,N,N,Resident,Yes,5,,5,,4,,5,,3,,2,,,,2.71303,1.18716,0.44880,1.63596,4.34899,3.49532,0.36415,0.12221,80.8,,83.3,,0,,1.36441,0.96640,2.23954,0.82981,0.66229,3.73164,3.30816,2.78733,1.21968,0.46109,4.46810,3.59104,2025-12-16,1,1,0,4,1,0,4,2024-07-25,6,4,2,40,1,0,40,13.000,,0,0.00,0,0,"3115 S BOWMAN ROAD,LITTLE ROCK,AR,72211",34.7275,'-92.409,,2026-07-01
045289,"LONOKE HEALTH AND REHAB CENTER, LLC","1501 LINCOLN STREET",LONOKE,AR,72086,5016762600,420,Lonoke,Y,"For profit - Limited Liability company",80,65.5,,"Medicare and Medicaid",N,"LONOKE HEALTH AND REHAB CENTER LLC",1995-07-28,"CENTRAL ARKANSAS NURSING CENTERS",129,39,3.7,3.3,3.3,4.2,N,,N,N,N,Resident,Yes,5,,4,,5,,5,,4,,3,,,,2.86891,0.99020,0.31145,1.30165,4.17057,3.49514,0.21380,0.00279,60.2,,42.9,,0,,1.21472,0.86037,1.99383,0.73877,0.58963,3.32223,2.94522,3.31071,1.14269,0.35941,4.81281,4.03338,2026-01-08,0,0,0,0,0,0,0,2024-07-25,15,15,0,104,1,0,104,26.000,,0,0.00,0,0,"1501 LINCOLN STREET,LONOKE,AR,72086",34.7712,'-91.909,,2026-07-01
045290,"DARDANELLE NURSING AND REHABILITATION CENTER,INC","2199 STATE HWY 7 NORTH",DARDANELLE,AR,72834,4792294884,740,Yell,N,"For profit - Individual",110,83.6,,"Medicare and Medicaid",N,"DARDANELLE NURSING AND REHABILITATION CENTER INC",1995-08-01,"CENTRAL ARKANSAS NURSING CENTERS",129,39,3.7,3.3,3.3,4.2,N,,N,N,N,Resident,Yes,4,,4,,4,,5,,3,,4,,,,2.72292,1.05267,0.37478,1.42746,4.15037,3.79050,0.20939,0.00690,47.1,,16.7,,0,,1.24408,0.88117,2.04203,0.75663,0.60388,3.40255,3.01642,3.06806,1.18610,0.42229,4.67645,4.27096,2026-04-02,2,2,0,12,1,0,12,2024-08-29,2,1,1,28,1,0,28,16.000,,1,9113.00,0,1,"2199 STATE HWY 7 NORTH,DARDANELLE,AR,72834",35.204,'-93.155,,2026-07-01
045295,"The Blossoms at Berryville Rehab & Nursing Center","500 Hammons Avenue",Berryville,AR,72616,8704236966,070,Carroll,N,"For profit - Limited Liability company",114,66.9,,"Medicare and Medicaid",N,"HAMMONS AVENUE OPERATING LLC",1995-11-01,"THE BLOSSOMS REHAB & NURSING CENTER",505,24,2.5,2.6,2.3,3.0,N,,N,N,N,Resident,Yes,1,,1,,4,,4,,4,,1,,,,1.82893,1.03996,0.40408,1.44404,3.27297,2.83570,0.21969,0.02768,70.7,,,27,0,,1.37415,0.97330,2.25553,0.83574,0.66702,3.75829,3.33178,1.86570,1.06087,0.41220,3.33876,2.89271,2025-12-04,4,2,2,68,1,0,68,2024-08-08,5,5,1,48,1,0,48,63.000,,2,22880.00,0,2,"500 Hammons Avenue,Berryville,AR,72616",36.3596,'-93.553,,2026-07-01
045297,"MANILA HEALTHCARE CENTER","2975 W State Highway 18",MANILA,AR,72442,8705613342,460,Mississippi,N,"For profit - Limited Liability company",84,75.9,,"Medicare and Medicaid",N,"Legal Business Name Not Available",1996-01-01,"DAVID VANN & BOYD WRIGHT",723,5,3.2,3.0,3.2,2.8,N,,N,N,N,Resident,Yes,3,,3,,2,,2,,2,,4,,,,2.97690,0.56234,0.58448,1.14682,4.12371,3.63772,0.56591,0.01422,43.5,,36.4,,0,,1.32543,0.93879,2.17555,0.80610,0.64337,3.62502,3.21364,3.14838,0.59473,0.61815,4.36126,3.84727,2026-03-19,8,8,1,32,1,0,32,2025-01-24,4,2,2,24,1,0,24,30.000,,0,0.00,0,0,"2975 W State Highway 18,MANILA,AR,72442",35.8707,'-90.155,,2026-07-01
045300,"Paris Health And Rehabilitation Center","1414 S ELM ST",PARIS,AR,72855,4799636151,410,Logan,N,"For profit - Limited Liability company",140,112.1,,"Medicare and Medicaid",N,"NORTHPORT HEALTH SERVICES OF ARKANSAS, LLC",1996-01-15,"NHS MANAGEMENT",372,43,2.9,2.7,3.7,3.5,N,,N,N,N,Resident,Yes,4,,4,,4,,5,,3,,4,,,,2.52414,0.58750,0.40405,0.99155,3.51569,2.96175,0.20462,0.04904,50.0,,27.3,,1,,1.08205,0.76641,1.77608,0.65809,0.52523,2.95940,2.62356,3.26997,0.76110,0.52344,4.55450,3.83688,2026-03-05,4,2,2,16,1,0,16,2024-08-08,6,4,2,52,1,0,52,25.000,,0,0.00,0,0,"1414 S ELM ST,PARIS,AR,72855",35.281,'-93.73,,2026-07-01
045301,"OAK MANOR NURSING AND REHABILITATION CENTER INC","150 MORTON AVENUE",BOONEVILLE,AR,72927,4796753763,410,Logan,N,"For profit - Corporation",120,57.1,,"Medicare and Medicaid",N,"OAK MANOR NURSING AND REHABILITATION CENTER, INC.",1996-01-15,"CENTRAL ARKANSAS NURSING CENTERS",129,39,3.7,3.3,3.3,4.2,N,,N,N,N,Resident,Yes,5,,4,,5,,5,,5,,4,,,,2.92056,0.91696,0.37412,1.29108,4.21164,3.88314,0.35527,0.01093,33.8,,25.0,,0,,1.13309,0.80256,1.85985,0.68913,0.55001,3.09899,2.74731,3.61310,1.13439,0.46284,5.21033,4.80393,2026-04-16,2,1,1,12,1,0,12,2024-09-05,2,2,0,32,1,0,32,17.000,,0,0.00,0,0,"150 MORTON AVENUE,BOONEVILLE,AR,72927",35.1374,'-93.921,22,2026-07-01
045302,"INNISFREE HEALTH AND REHAB, LLC","301 SOUTH 24TH STREET",ROGERS,AR,72758,4796365545,030,Benton,Y,"For profit - Limited Liability company",104,82.2,,"Medicare and Medicaid",N,"INNISFREE HEALTH AND REHAB, LLC",1996-02-15,"CENTRAL ARKANSAS NURSING CENTERS",129,39,3.7,3.3,3.3,4.2,N,,N,N,N,Resident,Yes,2,,1,,5,,5,,4,,3,,,,3.61371,1.30331,0.22455,1.52785,5.14156,4.13946,0.11065,0.03818,44.0,,50.0,,0,,1.18476,0.83915,1.94466,0.72055,0.57509,3.24030,2.87258,4.27564,1.54204,0.26568,6.08336,4.89770,2024-11-15,12,12,0,84,1,0,84,2023-11-17,8,7,1,72,1,0,72,81.000,,0,0.00,0,0,"301 SOUTH 24TH STREET,ROGERS,AR,72758",36.3323,'-94.152,,2026-07-01
045303,"CRESTPARK STUTTGART, LLC","707 WEST 20TH STREET",STUTTGART,AR,72160,8706731657,000,Arkansas,N,"For profit - Limited Liability company",100,47.7,,"Medicare and Medicaid",N,"CRESTPARK STUTTGART, LLC",1996-04-01,CRESTPARK,722,6,3.3,3.2,4.0,3.2,N,,N,N,N,None,Yes,2,,2,,4,,4,,,2,4,,,,3.17668,0.73421,0.45248,1.18669,4.36337,3.85494,0.34982,0.00444,26.3,,66.7,,0,,1.13686,0.80523,1.86604,0.69142,0.55184,3.10930,2.75644,3.91692,0.90530,0.55792,5.38014,4.75323,2025-03-27,1,1,0,8,1,0,8,2024-01-12,17,15,2,242,1,0,242,66.500,,1,25728.00,0,1,"707 WEST 20TH STREET,STUTTGART,AR,72160",34.4832,'-91.559,,2026-07-01
045304,"BEEBE RETIREMENT CENTER, INC.","709 MCAFEE LANE",BEEBE,AR,72012,5018823313,720,White,N,"For profit - Corporation",105,77.8,,"Medicare and Medicaid",N,"BEEBE RETIREMENT CENTER, INC.",1996-07-01,"ANTHONY & BRYAN ADAMS",36,38,3.9,3.6,3.0,4.3,N,,N,N,N,Resident,Yes,4,,4,,4,,4,,5,,4,,,,2.56592,0.74044,0.51122,1.25167,3.81759,3.17082,0.43522,0.01024,54.7,,25.0,,0,,1.16462,0.82489,1.91160,0.70830,0.56531,3.18522,2.82375,3.08843,0.89122,0.61533,4.59498,3.81651,2025-09-05,3,3,0,24,1,0,24,2024-07-18,6,3,3,36,1,0,36,27.000,,0,0.00,0,0,"709 MCAFEE LANE,BEEBE,AR,72012",35.0736,'-91.896,22,2026-07-01
045305,"SOUTHERN TRACE REHABILITATION AND CARE CENTER","22515 I 30",BRYANT,AR,72022,5018470777,620,Saline,Y,"For profit - Limited Liability company",116,87.3,,"Medicare and Medicaid",N,"BRYANT SNF OPERATIONS, LLC",1996-04-01,"SOUTHERN ADMINISTRATIVE SERVICES",480,35,3.9,3.3,3.9,4.7,N,,N,N,N,Resident,Yes,4,,4,,4,,5,,3,,4,,,,2.30873,1.00354,0.37815,1.38169,3.69042,3.36666,0.18191,0.00919,43.7,,33.3,,0,,1.14277,0.80941,1.87574,0.69501,0.55471,3.12546,2.77077,2.83200,1.23099,0.46385,4.52684,4.12970,2025-08-21,0,0,0,0,0,0,0,2024-05-31,11,8,4,92,1,0,92,23.000,,1,46053.00,1,2,"22515 I 30,BRYANT,AR,72022",34.6232,'-92.489,,2026-07-01
045306,"THE SPRINGS OF HILLCREST","1421 WEST SECOND ST NORTH",PRESCOTT,AR,71857,8708873811,490,Nevada,N,"For profit - Corporation",90,67.8,,"Medicare and Medicaid",N,"HILLCREST HEALTHCARE, LLC",1996-04-01,"THE SPRINGS ARKANSAS",516,26,3.5,3.3,3.0,3.8,N,,N,N,N,Resident,Yes,5,,4,,5,,5,,5,,3,,,,2.34601,0.94341,0.37848,1.32189,3.66790,3.24388,0.40453,0.01430,41.7,,,27,1,,1.25958,0.89215,2.06746,0.76605,0.61140,3.44492,3.05398,2.61087,1.04991,0.42121,4.08199,3.61010,2025-08-14,2,2,0,8,1,0,8,2024-05-23,9,9,0,68,1,0,68,23.000,,0,0.00,0,0,"1421 WEST SECOND ST NORTH,PRESCOTT,AR,71857",33.81,'-93.378,,2026-07-01
045308,"HERITAGE LIVING CENTER","1175 MORNINGSIDE DRIVE",CONWAY,AR,72034,5013277642,220,Faulkner,Y,"For profit - Corporation",140,125.5,,"Medicare and Medicaid",N,"HLNC, INC",1996-04-03,"ANTHONY & BRYAN ADAMS",36,38,3.9,3.6,3.0,4.3,N,,N,N,N,Resident,Yes,4,,3,,5,,5,,4,,3,,,,2.30586,0.86015,0.42912,1.28927,3.59513,3.22303,0.24763,0.05324,38.3,,25.0,,1,,1.37949,0.97708,2.26429,0.83898,0.66961,3.77289,3.34473,2.34311,0.87405,0.43605,3.65321,3.27509,2025-11-26,5,4,1,40,1,0,40,2024-06-05,7,5,2,44,1,0,44,41.000,,0,0.00,0,0,"1175 MORNINGSIDE DRIVE,CONWAY,AR,72034",35.0925,'-92.466,,2026-07-01
045313,"THE BLOSSOMS AT CONWAY REHAB & NURSING CENTER","3501 COLLEGE AVENUE",CONWAY,AR,72034,5013299879,220,Faulkner,Y,"For profit - Corporation",104,72.7,,"Medicare and Medicaid",N,"COLLEGE AVENUE OPERATING LLC",1996-06-22,"THE BLOSSOMS REHAB & NURSING CENTER",505,24,2.5,2.6,2.3,3.0,N,,N,N,N,Resident,Yes,1,,1,,3,,5,,1,,2,,,,2.01976,0.95262,0.33242,1.28504,3.30480,2.96357,0.34360,0.00360,71.3,,72.7,,1,,1.23583,0.87533,2.02849,0.75161,0.59988,3.37997,2.99640,2.29098,1.08053,0.37706,3.74857,3.36152,2025-05-21,6,6,1,52,1,0,52,2024-03-07,17,13,9,191,1,0,191,86.750,,1,8021.00,0,1,"3501 COLLEGE AVENUE,CONWAY,AR,72034",35.0854,'-92.488,,2026-07-01
045314,"BARNES HEALTHCARE","1010 BARNES STREET",LONOKE,AR,72086,5016763700,420,Lonoke,Y,"For profit - Limited Liability company",141,48.3,,"Medicare and Medicaid",N,"LNH ONE LLC",1996-09-01,"MARSH POINTE MANAGEMENT",337,6,2.5,2.2,3.8,3.0,N,,N,N,N,Resident,Yes,2,,1,,3,,3,,,2,5,,,,2.65018,0.29403,0.97818,1.27221,3.92238,3.29430,0.64934,0.00428,54.2,,27.3,,0,,1.08542,0.76879,1.78161,0.66013,0.52687,2.96861,2.63172,3.42259,0.37973,1.26327,5.06560,4.25445,2025-01-09,13,13,5,76,1,0,76,2023-12-28,13,11,2,255,2,128,383,152.750,,1,34623.00,1,2,"1010 BARNES STREET,LONOKE,AR,72086",34.7924,'-91.895,,2026-07-01
045315,"Lakeside Health and Rehab","1207 Willow Run Road","Lake City",AR,72437,8702378151,150,Craighead,Y,"For profit - Limited Liability company",85,77.0,,"Medicare and Medicaid",N,"CHC LAKESIDE NURSING CENTER, LLC",1996-09-01,"DAVID VANN & BOYD WRIGHT",723,5,3.2,3.0,3.2,2.8,N,,N,N,N,Resident,Yes,1,,1,,3,,3,,2,,3,,,,2.63522,1.13641,0.22041,1.35682,3.99204,3.22209,0.11229,0.01841,50.6,,40.0,,1,,1.16481,0.82502,1.91191,0.70842,0.56540,3.18573,2.82420,3.17133,1.36760,0.26525,4.80418,3.87759,2026-05-01,4,0,4,95,0,0,95,2024-10-24,2,1,2,24,0,0,24,77.250,,3,41902.00,0,3,"1207 Willow Run Road,Lake City,AR,72437",35.8186,'-90.443,,2026-07-01
045317,"WOOD-LAWN HEIGHTS","2800 NEELEY STREET",BATESVILLE,AR,72501,8707937195,310,Independence,N,"Non profit - Other",140,90.1,,"Medicare and Medicaid",N,"WOOD-LAWN, INC",1996-10-01,,,,,,,,N,,N,N,N,Resident,Yes,4,,4,,1,,2,,1,,5,,,,3.12959,1.07727,0.68805,1.76532,4.89491,4.04050,0.19848,0.01295,30.8,,8.3,,0,,1.28068,0.90709,2.10210,0.77889,0.62165,3.50263,3.10514,3.42552,1.17914,0.75311,5.35777,4.42256,2025-08-14,2,2,0,16,1,0,16,2024-05-22,6,6,0,64,1,0,64,28.000,,1,12695.00,0,1,"2800 NEELEY STREET,BATESVILLE,AR,72501",35.7713,'-91.621,,2026-07-01
045318,"CHAMBERS HEALTH AND REHABILITATION","1001 EAST PARK STREET",CARLISLE,AR,72024,8705527150,420,Lonoke,Y,"For profit - Corporation",90,46.1,,"Medicare and Medicaid",N,"LONOKECO OPS, INC.",1996-10-15,"ANTHONY & BRYAN ADAMS",36,38,3.9,3.6,3.0,4.3,N,,N,N,N,Both,Yes,5,,5,,5,,5,,5,,4,,,,2.53089,1.29474,0.30677,1.60151,4.13240,3.52870,0.17955,0.00560,31.3,,,27,0,,1.20314,0.85217,1.97483,0.73173,0.58401,3.29056,2.91714,2.94874,1.50850,0.35742,4.81466,4.11129,2025-12-11,2,2,0,8,1,0,8,2024-08-01,3,2,1,16,1,0,16,10.000,,0,0.00,0,0,"1001 EAST PARK STREET,CARLISLE,AR,72024",34.7812,'-91.736,,2026-07-01
045322,"PIONEER THERAPY AND LIVING","1506 EAST MAIN STREET",MELBOURNE,AR,72556,8703684377,320,Izard,N,"For profit - Corporation",86,71.1,,"Medicare and Medicaid",N,"MLBNC INC",1997-05-01,"ANTHONY & BRYAN ADAMS",36,38,3.9,3.6,3.0,4.3,N,,N,N,N,Resident,Yes,5,,5,,5,,5,,5,,2,,,,2.26675,0.85901,0.20001,1.05903,3.32577,2.60969,0.16104,0.00523,59.8,,62.5,,0,,1.09205,0.77348,1.79248,0.66416,0.53008,2.98672,2.64778,2.90965,1.10265,0.25674,4.26905,3.34987,2026-05-21,0,0,0,0,0,0,0,2024-10-31,2,2,0,12,1,0,12,3.000,,0,0.00,0,0,"1506 EAST MAIN STREET,MELBOURNE,AR,72556",36.059,'-91.884,,2026-07-01
045323,"THE BLOSSOMS AT WHITE RIVER REHAB & NURSING CENTER","1311 NORTH PECAN ST",NEWPORT,AR,72112,8705239514,330,Jackson,N,"For profit - Limited Liability company",130,74.5,,"Medicare and Medicaid",N,"NORTH PECAN STREET OPERATING LLC",1997-08-01,"THE BLOSSOMS REHAB & NURSING CENTER",505,24,2.5,2.6,2.3,3.0,N,,N,N,N,Resident,Yes,2,,2,,4,,4,,4,,3,,,,2.23121,0.67671,0.34073,1.01744,3.24865,2.73487,0.28740,0.00213,40.0,,,27,0,,1.10490,0.78259,1.81359,0.67198,0.53633,3.02189,2.67896,2.83071,0.85853,0.43228,4.12151,3.46970,2025-05-02,2,2,0,16,1,0,16,2024-03-13,10,7,3,88,1,0,88,34.000,,1,14316.00,0,1,"1311 NORTH PECAN ST,NEWPORT,AR,72112",35.6173,'-91.264,,2026-07-01
045326,"THE BLOSSOMS AT VAN BUREN REHAB AND NURSING CENTER","2010 MAIN STREET","VAN BUREN",AR,72956,4794746885,160,Crawford,Y,"For profit - Limited Liability company",129,104.5,,"Medicare and Medicaid",N,"MAIN STREET OPERATING LLC",1997-07-01,"THE BLOSSOMS REHAB & NURSING CENTER",505,24,2.5,2.6,2.3,3.0,N,,N,N,N,Resident,Yes,1,,1,,3,,3,,3,,2,,,,2.21170,0.88545,0.25377,1.13921,3.35091,2.76387,0.13855,0.00345,63.3,,75.0,,0,,1.22726,0.86926,2.01442,0.74640,0.59572,3.35654,2.97563,2.52620,1.01135,0.28985,3.82741,3.15689,2025-05-02,4,4,0,24,1,0,24,2024-02-16,28,24,10,176,1,0,176,62.000,,0,0.00,0,0,"2010 MAIN STREET,VAN BUREN,AR,72956",35.4365,'-94.339,,2026-07-01
045327,"RIDGECREST HEALTH AND REHABILITATION","5504 E JOHNSON AVE",JONESBORO,AR,72401,8709323271,150,Craighead,Y,"For profit - Corporation",135,110.0,,"Medicare and Medicaid",N,"JBNC, INC.",1997-08-01,"ANTHONY & BRYAN ADAMS",36,38,3.9,3.6,3.0,4.3,N,,N,N,N,Resident,Yes,2,,2,,3,,4,,3,,2,,,,2.74387,0.83888,0.35802,1.19690,3.94077,3.25616,0.20158,0.01564,67.1,,76.5,,1,,1.29506,0.91728,2.12570,0.78763,0.62863,3.54196,3.14001,2.96998,0.90801,0.38752,4.26551,3.52449,2025-12-12,0,0,0,0,0,0,0,2024-08-02,33,20,17,220,1,0,220,55.000,,0,0.00,0,0,"5504 E JOHNSON AVE,JONESBORO,AR,72401",35.8642,'-90.63,,2026-07-01
045334,"The Blossoms at Newport Rehab & Nursing Center","326 Lindley Lane",Newport,AR,72112,8705236539,330,Jackson,N,"For profit - Limited Liability company",120,71.3,,"Medicare and Medicaid",N,"LINDLEY LANE OPERATING LLC",1997-10-01,"THE BLOSSOMS REHAB & NURSING CENTER",505,24,2.5,2.6,2.3,3.0,N,,Y,N,N,Resident,Yes,2,,2,,2,,2,,1,,2,,,,2.25939,1.10634,0.33850,1.44484,3.70423,3.06487,0.24093,0.00074,71.6,,85.7,,1,,1.19869,0.84902,1.96753,0.72902,0.58185,3.27840,2.90636,2.64218,1.29378,0.39585,4.33181,3.58413,2026-05-07,2,2,0,24,0,0,24,2024-11-07,12,10,6,92,1,0,92,41.000,,2,21823.00,0,2,"326 Lindley Lane,Newport,AR,72112",35.6086,'-91.254,,2026-07-01
045337,"HEATHER MANOR NURSING AND REHABILITATION CENTER","400 WEST 23RD STREET",HOPE,AR,71801,8707773448,280,Hempstead,N,"For profit - Corporation",128,76.3,,"Medicare and Medicaid",N,"HEATHER MANOR CARE CENTER INC",1998-01-01,"CENTRAL ARKANSAS NURSING CENTERS",129,39,3.7,3.3,3.3,4.2,N,,N,N,N,Resident,Yes,4,,3,,5,,5,,5,,4,,,,2.75721,1.22265,0.52917,1.75182,4.50903,3.79224,0.25455,0.00571,29.5,,0.0,,0,,1.26745,0.89772,2.08038,0.77084,0.61522,3.46645,3.07306,3.04943,1.35223,0.58526,4.98692,4.19416,2025-02-06,6,6,0,32,1,0,32,2024-04-04,7,7,0,52,1,0,52,37.000,,0,0.00,0,0,"400 WEST 23RD STREET,HOPE,AR,71801",33.6464,'-93.592,,2026-07-01
045338,"QUAPAW CARE AND REHABILITATION CENTER LLC","138 BRIGHTON TERRACE","HOT SPRINGS",AR,71913,5015257140,250,Garland,Y,"For profit - Corporation",126,94.6,,"Medicare and Medicaid",N,"QUAPAW CARE AND REHABILITATION CENTER LLC",1998-01-01,"CENTRAL ARKANSAS NURSING CENTERS",129,39,3.7,3.3,3.3,4.2,N,,N,N,N,Resident,Yes,3,,3,,4,,5,,4,,3,,,,3.14442,1.20338,0.22504,1.42842,4.57284,3.98771,0.16751,0.00889,43.8,,50.0,,0,,1.23755,0.87654,2.03131,0.75265,0.60071,3.38467,3.00057,3.56171,1.36307,0.25491,5.17969,4.51690,2025-07-24,5,5,0,32,1,0,32,2024-05-03,8,8,0,60,1,0,60,39.000,,0,0.00,0,0,"138 BRIGHTON TERRACE,HOT SPRINGS,AR,71913",34.4496,'-93.09,,2026-07-01
045339,"ATKINS NURSING AND REHABILITATION CENTER","605 NORTHWEST 7TH STREET",ATKINS,AR,72823,4796417100,570,Pope,N,"For profit - Limited Liability company",90,49.1,,"Medicare and Medicaid",N,"ATKINS CARE CENTER INC",1998-03-01,"CENTRAL ARKANSAS NURSING CENTERS",129,39,3.7,3.3,3.3,4.2,N,,N,N,N,Resident,Yes,5,,4,,5,,5,,5,,4,,,,3.23795,1.31550,0.38433,1.69983,4.93778,4.28630,0.18794,0.00460,53.1,,,27,0,,1.22627,0.86856,2.01280,0.74580,0.59524,3.35383,2.97323,3.70137,1.50377,0.43934,5.64448,4.89976,2026-04-16,2,2,0,8,1,0,8,2024-10-17,7,7,0,56,1,0,56,20.000,,0,0.00,0,0,"605 NORTHWEST 7TH STREET,ATKINS,AR,72823",35.2491,'-92.944,,2026-07-01
045340,"RUSSELLVILLE NURSING AND REHABILITATION CENTER","215 SOUTH PORTLAND AVENUE",RUSSELLVILLE,AR,72801,4799685256,570,Pope,N,"For profit - Corporation",100,93.9,,"Medicare and Medicaid",N,"RUSSELLVILLE CARE CENTER, INC.",1998-03-01,"CENTRAL ARKANSAS NURSING CENTERS",129,39,3.7,3.3,3.3,4.2,N,,N,N,N,Resident,Yes,3,,2,,5,,5,,4,,4,,,,3.22056,0.84156,0.42546,1.26702,4.48757,3.95121,0.31031,0.00689,41.1,,22.2,,0,,1.31707,0.93286,2.16183,0.80102,0.63931,3.60215,3.19337,3.42770,0.89569,0.45282,4.77621,4.20535,2026-02-26,6,6,1,36,1,0,36,2024-08-22,8,7,3,64,1,0,64,43.000,,0,0.00,0,0,"215 SOUTH PORTLAND AVENUE,RUSSELLVILLE,AR,72801",35.2915,'-93.169,,2026-07-01
045341,"MEADOWVIEW HEALTHCARE AND REHAB","825 NORTH GASKILL",HUNTSVILLE,AR,72740,4797382021,430,Madison,Y,"For profit - Limited Liability company",105,64.1,,"Medicare and Medicaid",N,"MEADOWVIEW HEALTHCARE AND REHAB",1998-04-01,,,,,,,,N,"SFF Candidate",N,N,N,Resident,Yes,2,,1,,5,,5,,,2,2,,,,2.18159,0.51038,0.55660,1.06698,3.24857,2.73448,0.55591,0.03918,,26,,26,,26,1.18420,0.83876,1.94374,0.72021,0.57482,3.23877,2.87122,2.58242,0.60415,0.65887,3.84544,3.23689,2026-05-07,1,1,0,4,0,0,4,2024-10-16,42,40,3,1265,1,0,1265,319.250,,2,18446.00,2,4,"825 NORTH GASKILL,HUNTSVILLE,AR,72740",36.0929,'-93.743,,2026-07-01
045342,"The Blossoms at Nashville Rehab and Nursing Center","810 NORTH 8TH ST",NASHVILLE,AR,71852,8708454600,300,Howard,N,"For profit - Limited Liability company",70,,10,"Medicare and Medicaid",N,"NORTH 8TH STREET OPERATING LLC",1998-06-01,"THE BLOSSOMS REHAB & NURSING CENTER",505,24,2.5,2.6,2.3,3.0,N,,N,N,N,Resident,Yes,3,,4,,1,,2,,1,,,2,25,6,,,,,,,,,73.2,,60.0,,0,,,,,,,,,,,,,,2026-04-30,1,1,0,4,1,0,4,2024-11-15,8,6,2,48,1,0,48,15.000,,0,0.00,0,0,"810 NORTH 8TH ST,NASHVILLE,AR,71852",33.9536,'-93.856,,2026-07-01
045343,"NURSING AND REHABILITATION CENTER AT GOOD SHEPHERD","3001 ALDERSGATE ROAD","LITTLE ROCK",AR,72205,5012179774,590,Pulaski,Y,"For profit - Limited Liability company",120,78.8,,"Medicare and Medicaid",N,"NURSING AND REHABILITATION CENTER AT GOOD SHEPHERD LLC",1998-04-23,"CENTRAL ARKANSAS NURSING CENTERS",129,39,3.7,3.3,3.3,4.2,N,,N,N,N,Resident,Yes,5,,4,,5,,5,,2,,3,,,,2.59903,1.27083,0.21705,1.48788,4.08690,3.59455,0.30125,0.00943,64.6,,57.1,,0,,1.26056,0.89284,2.06908,0.76665,0.61188,3.44762,3.05637,2.89018,1.41319,0.24136,4.54474,3.99722,2026-01-15,1,1,0,4,1,0,4,2024-10-04,9,9,2,72,1,0,72,21.000,,0,0.00,0,0,"3001 ALDERSGATE ROAD,LITTLE ROCK,AR,72205",34.7267,'-92.39,,2026-07-01
045345,"THE BLOSSOMS AT FORT SMITH REHAB & NURSING CENTER","5301 WHEELER AVENUE","FORT SMITH",AR,72901,4796463454,650,Sebastian,Y,"For profit - Partnership",130,119.8,,"Medicare and Medicaid",N,"WHEELER AVENUE OPERATING LLC",1998-09-11,"THE BLOSSOMS REHAB & NURSING CENTER",505,24,2.5,2.6,2.3,3.0,N,,N,N,N,Resident,Yes,1,,2,,4,,5,,4,,1,,,,2.26953,0.72094,0.25517,0.97611,3.24564,2.80892,0.23063,0.01271,57.0,,66.7,,0,,1.33188,0.94336,2.18614,0.81003,0.64650,3.64267,3.22929,2.38863,0.75877,0.26856,3.41597,2.95633,2025-09-19,5,5,0,20,1,0,20,2024-05-23,18,6,12,124,1,0,124,46.000,,0,0.00,0,0,"5301 WHEELER AVENUE,FORT SMITH,AR,72901",35.3337,'-94.427,,2026-07-01
045346,"DIERKS HEALTH AND REHAB OF DIERKS","402 S ARKANSAS AVENUE",DIERKS,AR,71833,8702863100,300,Howard,N,"For profit - Limited Liability company",70,56.6,,"Medicare and Medicaid",N,"S ARKANSAS AVENUE OPERATING LLC",1998-12-18,"THE BLOSSOMS REHAB & NURSING CENTER",505,24,2.5,2.6,2.3,3.0,N,,N,N,N,Resident,Yes,5,,5,,2,,3,,1,,3,,,,2.78844,0.98519,0.23544,1.22063,4.00906,3.51066,0.14310,0.00119,44.3,,50.0,,0,,1.21735,0.86224,1.99816,0.74037,0.59091,3.32944,2.95161,3.21087,1.13444,0.27110,4.61641,4.04250,2025-06-12,1,1,0,4,1,0,4,2024-04-18,3,2,1,28,1,0,28,10.000,,0,0.00,0,0,"402 S ARKANSAS AVENUE,DIERKS,AR,71833",34.1145,'-94.02,,2026-07-01
